Price,Close,High,Low,Open,Volume
Ticker,BME.L,BME.L,BME.L,BME.L,BME.L
2021-07-29,553.5586547851562,569.4998694463375,551.1675090725238,569.4998694463375,1823934
2021-07-30,550.9683227539062,551.7653714564661,544.3128718306086,548.3778992678573,1625357
2021-08-02,557.942626953125,559.1382304587801,551.6398791100031,552.3632250079619,2055694
2021-08-03,557.942626953125,559.9352791922432,552.9609963553293,558.3411817253168,2063796
2021-08-04,558.1419067382812,563.5220313204738,556.3485318775504,559.9352815990121,2248531
2021-08-05,553.758056640625,558.1419159825042,549.3742581096674,558.1419159825042,2173404
2021-08-06,558.1419067382812,558.5404007012655,551.9646726082789,552.761721345168,1353307
2021-08-09,562.724853515625,562.9241308568708,556.3484042721088,557.5439466977698,1684742
2021-08-10,558.9389038085938,565.6332125780364,558.7396264400619,564.5183052619963,2768126
2021-08-11,554.1566162109375,561.9279480106018,552.3632413050029,559.536740928741,1742783
2021-08-12,560.5330810546875,563.5220595760832,552.9610264581881,554.7544014088407,1520335
2021-08-13,560.1344604492188,566.1124161406492,559.7359057454261,561.5292802906732,1224808
2021-08-16,559.7360229492188,560.9316265000357,555.5514409268209,556.5477670840145,816757
2021-08-17,552.5623779296875,559.725964336532,551.9646066511815,556.5476819488296,1523790
2021-08-18,555.1528930664062,559.5366912460058,552.5624088225859,553.3595183197102,2092556
2021-08-19,553.957275390625,555.7506500912174,547.5807644430575,549.573416512808,1981632
2021-08-20,566.510986328125,566.510986328125,552.5624211696042,553.7580246310897,1614088
2021-08-23,578.0684204101562,579.861795243571,568.9022080482457,570.8948602655776,1687229
2021-08-24,567.7066040039062,583.0500503868171,567.7066040039062,579.2640233397502,2864350
2021-08-25,576.4742431640625,579.0647274478305,566.7670571800351,569.4999606330929,2046234
2021-08-26,573.6845092773438,578.0683680830118,571.6918572403881,574.282341374979,1363147
2021-08-27,572.6883544921875,575.2778056154804,568.7030492266734,572.8876319176497,1256553
2021-08-31,556.9462890625,576.4742562687674,555.5514082002298,576.4742562687674,4290709
2021-09-01,552.9609985351562,562.1272110334186,548.3779226914853,558.7396778891954,2959234
2021-09-02,538.0160522460938,552.960942586263,538.0160522460938,550.1712418849477,4906769
2021-09-03,545.5881958007812,545.5881958007812,535.0271625405517,538.0161411022308,2981499
2021-09-06,547.3814086914062,548.9755056174782,545.1894798098825,546.7835767359545,773495
2021-09-07,538.6138305664062,547.625643343027,535.2263585316298,546.9829935905179,1519331
2021-09-08,575.87646484375,578.563577643109,528.2520911589935,535.8241449190774,4899867
2021-09-09,582.2529296875,585.2419076411095,573.485212374849,574.2823218112079,2521391
2021-09-10,583.647705078125,592.6146382552549,570.8947456106105,586.636682803835,2362329
2021-09-13,576.6734619140625,590.223531654647,575.2786420362232,584.158859447431,56441
2021-09-14,589.8250122070312,589.8250122070312,578.1231678010065,579.4631971276768,1517682
2021-09-15,590.6221923828125,596.7994273320749,588.5329113051325,591.4192412254108,2281913
2021-09-16,592.4154052734375,594.2088406918881,586.0389554676437,591.6183566490773,1793234
2021-09-17,595.205322265625,599.3898438401053,590.4229076474852,595.205322265625,3770028
2021-09-20,593.810302734375,594.6073513812316,584.2455973502673,592.4154219941905,1791162
2021-09-21,591.8177490234375,600.5854072171555,586.039069360141,598.7920322610875,1442973
2021-09-22,595.603759765625,599.5890643619971,589.227308897983,594.408156224529,1852472
2021-09-23,597.7955932617188,601.7808972167969,597.0862339685671,599.190473970361,1119248
2021-09-24,592.4154052734375,597.3970351893289,589.2272107759967,597.1978186414228,1151592
2021-09-27,591.6183471679688,598.5926289384488,588.43009191071,596.9985317152749,1028947
2021-09-28,582.8507690429688,593.611078770809,575.079437617913,592.0169813336915,2360333
2021-09-29,590.2235717773438,592.216223861925,583.4485060410348,585.4411581256161,1815863
2021-09-30,588.4301147460938,599.5012888369023,588.4301147460938,592.8139734963142,2247370
2021-10-01,571.0941772460938,585.6405151168133,568.9022474928681,585.0427437345354,3634152
2021-10-04,569.3008422851562,574.0831961121406,565.1162598824468,569.8986137094312,2326353
2021-10-05,577.2713623046875,578.666182347602,569.6992475153222,569.6992475153222,1953280
2021-10-06,559.7360229492188,572.8875403863598,553.1602946361096,569.6992845211555,5023660
2021-10-07,557.942626953125,567.5073333765247,549.9720179966517,564.5183550178472,2311422
2021-10-08,563.32275390625,565.1161285732985,553.9572650292318,557.3447978088122,1480326
2021-10-11,562.9241943359375,566.3117270863953,558.6330114100623,563.9205203436117,1616163
2021-10-12,573.0867919921875,574.2823954892046,559.3375038037907,559.3375038037907,3291850
2021-10-13,583.4486694335938,589.4266273614418,571.6920310043458,573.4854062205137,2278384
2021-10-14,587.8323364257812,590.8213144076072,574.0830498715642,577.8690764863612,2755567
2021-10-15,593.2127075195312,597.5965067838265,587.2347496774571,593.611201555777,2360639
2021-10-18,594.2088012695312,594.9520321874099,587.234519849987,594.6072951498176,1563375
2021-10-19,606.7625732421875,606.7625732421875,594.4081057188008,600.3860621054233,4183931
2021-10-20,605.1683959960938,607.3443319416928,598.7918857008723,605.1683959960938,1689112
2021-10-21,607.3604125976562,607.3604125976562,600.4349605371204,604.3714340694967,1613601
2021-10-22,607.9581298828125,610.5485531265787,602.7094792280234,609.950781858298,1319377
2021-10-25,615.1317749023438,618.5192472463146,605.9655623752141,609.9508668817122,1402124
2021-10-26,634.6597900390625,638.246540038304,624.6965280290301,626.6891804310367,2954352
2021-10-27,631.471435546875,640.1026328908678,630.6345557226737,634.0619197520165,1940337
2021-10-28,627.6854248046875,635.0582620553317,626.4898213571618,631.8700064655688,1447227
2021-10-29,630.873779296875,632.4678769362052,621.5242208986241,627.4862457996395,1072327
2021-11-01,631.6708374023438,634.0620447074177,621.5242300352686,633.6634898862628,1836834
2021-11-02,620.1134033203125,635.2575117421711,620.1134033203125,632.2685333729747,4081223
2021-11-03,607.7588500976562,620.511810527687,601.4630963684472,620.511810527687,2950363
2021-11-04,620.9103393554688,621.5081105964387,603.5742436364271,612.7404544670594,6772708
2021-11-05,622.1060180664062,634.2611473863673,617.3236043152355,622.3052346302743,3471483
2021-11-08,623.7001953125,632.0693596378683,619.7148905501198,621.9068203316139,3296709
2021-11-09,622.3051147460938,627.4860214378399,620.3124630039533,622.902946755279,2128642
2021-11-10,641.434814453125,642.8745131522056,617.3237075346635,621.3090124530563,3094996
2021-11-11,605.5670166015625,627.2480561436671,591.0206792609908,619.7148599721133,6006711
2021-11-12,597.1978759765625,619.2684688964421,587.83238651117,605.3677011742545,6272624
2021-11-15,582.8507690429688,586.4375186819424,568.266547091095,583.8470951438969,4761209
2021-11-16,587.8323364257812,590.4227596856654,573.6844951496223,584.4448037220134,3104017
2021-11-17,584.6441040039062,585.4411526681256,571.4925882060852,581.057354609462,5272512
2021-11-18,589.8753051757812,589.8753051757812,578.9147843025826,579.7119009301406,2809405
2021-11-19,600.8358154296875,602.0056130996416,585.4910621519755,592.0674110493231,4652287
2021-11-22,608.6077270507812,611.1984317165269,599.8393238487682,603.0278506902524,2609671
2021-11-23,611.5971069335938,615.782045620449,602.6294072400921,606.4157571696827,2406144
2021-11-24,611.7963256835938,613.5898532373618,602.9611453767623,611.5970313295976,2808052
2021-11-25,616.9776611328125,622.9561267236031,611.5970177746622,613.1913117551978,5388171
2021-11-26,625.7461547851562,628.3367992524105,601.6329946190676,602.8287000716871,3797118
2021-11-29,622.7568359375,631.9238287257194,618.372603486061,626.9417740382195,3038860
2021-11-30,617.9741821289062,626.5432933421357,617.9741821289062,622.7569432901531,4195865
2021-12-01,630.5289306640625,632.9203416257542,612.3942365168706,615.5827641937572,12922589
2021-12-02,626.1445922851562,633.5179959656075,625.9452979551784,626.3438257990431,3511702
2021-12-03,636.70654296875,638.3007760268981,625.5467291134344,627.9381395167495,2191943
2021-12-06,637.7029418945312,647.2425540414406,637.7029418945312,640.0943522530724,2001627
2021-12-07,625.3474731445312,642.4857532435387,622.1590068326107,641.2900479685203,7253245
2021-12-08,627.53955078125,641.290008558701,623.5539073201863,627.53955078125,2995575
2021-12-09,641.6886596679688,641.6886596679688,627.9382005525893,629.7317281213607,1604105
2021-12-10,637.90234375,845.485640520729,637.90234375,639.6958714131717,10898774
2021-12-13,638.5001220703125,645.0764708039495,637.7030054766861,640.0944160736628,3210761
2021-12-14,637.3045043945312,645.6743818186226,635.3116822284244,639.2973265606381,6859568
2021-12-15,628.7352905273438,642.005484348656,628.7352905273438,639.8951049946933,3332275
2021-12-16,614.43115234375,636.4107092421749,609.4471230769778,613.4343464903956,2856525
2021-12-17,615.029296875,625.578502472641,612.6369381588514,612.6369381588514,5564270
2021-12-20,613.8331298828125,613.8331298828125,596.2893684116622,608.0516671825615,2317553
2021-12-21,616.0260009765625,622.3935970850289,614.4311359897256,619.2157917904357,1688001
2021-12-22,617.4215087890625,618.6176270225307,609.7720102330004,617.8201945868202,1571026
2021-12-23,611.241455078125,621.2095151386286,611.241455078125,619.6145890248218,934220
2021-12-24,625.5953979492188,646.0200032338106,613.2350405139906,613.2350405139906,1008448
2021-12-29,633.76904296875,635.3639685704092,629.7818202248885,631.9748049020506,1484094
2021-12-30,632.3736572265625,637.3576864895707,626.5921346093122,637.3576864895707,1603966
2021-12-31,631.974853515625,639.0441800287047,631.974853515625,632.3736001567604,879158
2022-01-04,623.003662109375,649.3193611329556,614.032409375,644.5346443357945,3702121
2022-01-05,632.17431640625,634.9653607690622,621.0100781147971,622.2062573674892,2895437
2022-01-06,617.6210327148438,648.6217388030337,614.6665101543244,633.769303637285,4375011
2022-01-07,603.8651733398438,623.6019235901821,601.4728750053846,623.6019235901821,2259253
2022-01-10,599.0803833007812,613.4344134929895,597.6848306175749,611.24142820804,1760700
2022-01-11,609.6465454101562,613.6337695419171,602.1246874834901,603.4663966780964,3013420
2022-01-12,606.2573852539062,614.6305186510012,605.4599526694506,611.0420416008471,3937085
2022-01-13,594.6943969726562,607.8522474934888,594.6943969726562,604.0643971054234,2566987
2022-01-14,562.9959106445312,584.1282060342893,562.1984781626948,578.147371160218,5420952
2022-01-17,561.9991455078125,565.7869957008365,558.1893928417405,564.1921306217326,1794892
2022-01-18,549.6387329101562,561.9990881113675,541.4649133240766,560.0054765459918,4915566
2022-01-19,556.2175903320312,562.3977979482034,543.0597426937726,547.0469655635362,5429030
2022-01-20,552.0311889648438,561.401190351578,546.8477852368677,559.0088314493692,4136101
2022-01-21,541.2656860351562,547.8445816398298,538.4766489856672,547.8445816398298,4726907
2022-01-24,544.0567626953125,545.053568805359,533.1716570088659,539.4714789251855,10594760
2022-01-25,557.01513671875,558.2113159924892,545.0534656617681,546.6483916401554,4038385
2022-01-26,559.0087890625,575.5558050609677,559.0087890625,565.3883717578482,3683803
2022-01-27,557.8125610351562,557.8125610351562,540.8668606218056,554.4234574566086,2601684
2022-01-28,563.9927978515625,563.9927978515625,555.8189768426572,556.4170969205034,5726424
2022-01-31,564.3915405273438,567.182585016678,560.2049433732391,567.182585016678,2089068
2022-02-01,575.5558471679688,578.7097430227304,564.3916070544512,564.3916070544512,3215656
2022-02-02,579.3436279296875,584.1282843020039,574.7582840743873,576.153836734741,2484642
2022-02-03,571.568603515625,582.9321557848615,567.9202593652369,574.5590216138786,2084882
2022-02-04,553.4267578125,573.9609390965069,553.4267578125,571.7679535127256,11290257
2022-02-07,540.4681396484375,557.6331070427298,540.4681396484375,552.4298097512866,2352795
2022-02-08,548.2431640625,551.632327958237,539.8699714025585,543.2591352982955,2714176
2022-02-09,555.6196899414062,562.1985852195941,550.8349724588586,550.8349724588586,4542474
2022-02-10,558.4107055664062,564.7902271446626,552.8285557401992,556.4170936656624,1830493
2022-02-11,569.574951171875,569.7742636921611,556.4171003019916,558.410712226513,2741250
2022-02-14,565.9862670898438,575.5556383612637,558.0118214504231,567.3818194128191,3602008
2022-02-15,577.3500366210938,580.5398279297601,565.1889914794207,565.1889914794207,3956522
2022-02-16,573.1634521484375,578.3468555359088,564.7902573809675,576.5526168972253,3530821
2022-02-17,573.9608154296875,578.7454715014335,571.0780849388432,571.7678303184115,11107937
2022-02-18,581.7359619140625,583.3308880309377,574.559007328861,577.1506786134937,4300425
2022-02-21,590.3085327148438,596.5385702923809,585.3245026528141,585.3245026528141,2960092
2022-02-22,594.8937377929688,609.247766819798,583.211202067407,584.7263056356483,11920314
2022-02-23,582.7327880859375,599.8778641842893,581.9353554200121,594.2957746825991,3067859
2022-02-24,576.7518920898438,582.9321010809765,567.2035084404768,575.157026923193,3458059
2022-02-25,579.941650390625,587.9160974522773,576.9512327425053,576.9512327425053,3783602
2022-02-28,603.4663696289062,603.4663696289062,575.9544878487948,576.9512938370551,3682912
2022-03-01,608.2509765625,612.6368860487669,595.0931264232909,599.8777826084021,4611197
2022-03-02,600.8746337890625,615.627350154805,596.0899772434445,607.6529022987054,3224614
2022-03-03,599.4790649414062,608.0515709498649,596.6879598780001,600.8745566329083,2453938
2022-03-04,595.691162109375,603.2669232068453,585.154977628792,597.8841471860164,9631455
2022-03-07,568.9768676757812,593.8970183346734,568.7774943024679,590.1091676025641,4340004
2022-03-08,556.2175903320312,568.1792589413222,541.4648778819442,564.1920360715585,5203797
2022-03-09,570.3723754882812,570.970434720867,555.6674800316893,561.0023752430579,5040606
2022-03-10,543.25927734375,576.9513084311551,536.4810086201637,576.9513084311551,3267381
2022-03-11,548.2431640625,554.6227452167598,542.8603886610812,543.4585086169026,2585465
2022-03-14,556.8157958984375,558.211348606036,539.8700942443256,550.635647496752,3076068
2022-03-15,553.6259765625,558.8093181524536,550.2368124396545,556.417020689444,2055932
2022-03-16,563.3946533203125,565.3882649309008,553.4265952673707,562.1984741859198,2355018
2022-03-17,565.9862670898438,569.5748041316982,558.4105680684709,565.388208002964,2809147
2022-03-18,579.3436279296875,580.7391197498345,564.9895979725317,569.3755684706089,9516791
2022-03-21,584.1282958984375,584.3276692596185,576.3532215340425,577.9480867430746,1947922
2022-03-22,575.5558471679688,586.6403257609015,567.9800845579825,583.131548937741,2830099
2022-03-23,571.568603515625,579.343678403042,566.3851999772763,577.3500663375396,3135283
2022-03-24,578.7455444335938,581.1379031910476,571.9672757410885,572.1666491109114,2480966
2022-03-25,557.8125610351562,567.7138783977551,557.015128477863,565.3883224299532,2650339
2022-03-28,557.2145385742188,567.7806575456251,551.2257326725064,561.6005091888827,2722568
2022-03-29,544.256103515625,559.3746530944175,539.0726998855288,557.214582170759,3953585
2022-03-30,539.6708374023438,545.3945023085622,534.0886868362069,540.8669560291734,5935103
2022-03-31,532.4938354492188,549.838225236913,531.2976559507048,540.8669702583833,3440845
2022-04-01,532.4938354492188,539.6708516000858,532.2944620594303,533.0918947783674,2387945
2022-04-04,546.2496337890625,549.6387981887989,535.484142225494,535.484142225494,10052702
2022-04-05,559.8062744140625,559.8062744140625,543.4586910828953,547.2465420474209,8043282
2022-04-06,542.860595703125,565.7871367624381,539.0727445657169,560.4044201482953,5825914
2022-04-07,536.8796997070312,548.6420594518122,535.6656332891226,544.056715241413,3814631
2022-04-08,542.6612548828125,544.5721243527192,537.8765370213969,540.2688959521047,2234064
2022-04-11,542.461669921875,543.6578489206825,536.8795215408373,539.8699386177603,1940809
2022-04-12,548.0440063476562,550.6357388287624,533.4906609668845,540.2689305847751,2862551
2022-04-13,537.6771850585938,546.2496923914262,529.104616885551,545.6516331227022,3585325
2022-04-14,535.8828735351562,544.0566947853115,532.8924555782855,538.474605601903,2575617
2022-04-19,541.8636474609375,546.3492738830982,530.8987828734334,535.4841263868746,2817616
2022-04-20,543.657958984375,547.0470625202313,538.4745561669556,544.2560181847604,2295506
2022-04-21,548.2431640625,554.822057695172,539.6706589241461,543.2591352982955,1983473
2022-04-22,514.9498901367188,542.2623954185115,507.5536075874067,534.8860076153405,5224042
2022-04-25,510.76336669921875,519.7346197852223,505.38059051153505,512.3582318006489,4083332
2022-04-26,500.3966369628906,511.95956280363714,500.3966369628906,511.95956280363714,2949970
2022-04-27,491.3255920410156,502.39014293978084,488.2354878555803,501.3933371006146,5142472
2022-04-28,488.2355041503906,495.8112348649132,485.84317614056795,493.61828019761793,3640440
2022-04-29,488.6343078613281,494.41577042813134,485.3448298463362,488.6343078613281,3185667
2022-05-03,500.99468994140625,501.79212255467354,484.34801796353895,485.3448239401752,4466974
2022-05-04,486.4413146972656,501.5927776509598,486.4413146972656,498.40298637014916,5606946
2022-05-05,483.0521545410156,497.1071240861249,483.0521545410156,489.5313930159856,5923082
2022-05-06,458.0323486328125,484.64708051466516,455.34096031393597,481.45728920489324,6145839
2022-05-09,458.63043212890625,462.2189396990422,447.9645960993557,458.2317158255809,3853428
2022-05-10,456.73651123046875,464.16570910390277,454.9422422182307,463.5147797119785,3667497
2022-05-11,456.8360900878906,461.02268665364994,452.3504639474767,456.63674717815394,4184229
2022-05-12,460.8233642578125,465.10964796224516,446.9677680655636,450.75564881041817,8124883
2022-05-13,465.8074035644531,467.7013591864157,459.02913534092374,462.31858277467416,8507441
2022-05-16,466.8042297363281,467.10328978333274,455.44064761255527,465.4087074439533,2492423
2022-05-17,464.3121643066406,471.3147499130836,462.01952296267643,468.6981344917739,3145910
2022-05-18,439.2923889160156,469.9102530856071,435.10579180960025,464.0131640031361,11553562
2022-05-19,427.5300598144531,435.60419397909305,419.4559256498132,434.20867175288316,6738951
2022-05-20,421.0508117675781,428.2278265126349,418.35945405325856,428.12813983726704,6903258
2022-05-23,421.6489562988281,425.70097529828706,415.76479513709376,423.84194176204187,7844998
2022-05-24,424.73895263671875,425.72079173691236,418.25971501035747,420.0539532619258,6769596
2022-05-25,423.8418884277344,428.12814170634596,420.5524106468465,426.43355947800046,4035912
2022-05-26,454.6431579589844,458.2316651321294,422.64568383026716,424.9383251358345,6590489
2022-05-27,450.6559753417969,459.7269155559785,441.58503512761524,454.54351245641664,5835432
2022-05-30,457.2348327636719,462.3185180091008,450.75559506174994,451.55302753394693,5952867
2022-05-31,388.4552917480469,431.0188876557647,383.770291604573,418.65849993226146,19424064
2022-06-01,382.4745178222656,397.4465346920493,379.9825025391393,392.44257895477074,7955374
2022-06-06,381.677001953125,390.3292705200525,369.77513617147923,378.78627070805805,8625859
2022-06-07,376.892333984375,382.57410962025807,367.7217071200013,381.3779607380158,6199666
2022-06-08,373.2041015625,383.37153332988436,366.62517691419833,381.5772645602929,6415276
2022-06-09,367.3229675292969,372.7057132082568,359.6475500695994,371.5095644018776,5605643
2022-06-10,358.75042724609375,368.12039635880336,353.2679949501348,368.12039635880336,8147535
2022-06-13,354.6635437011719,355.66034964796563,343.1613984209539,351.4737829234939,4911595
2022-06-14,360.0462951660156,364.4322349435433,349.9785497179878,357.7536233954185,8555278
2022-06-15,375.49676513671875,381.17854006735473,369.81495978598326,371.0111389398537,6450847
2022-06-16,371.0111389160156,381.47760004136154,355.36127535103003,373.9018697142341,7987841
2022-06-17,375.99517822265625,378.3875061750388,368.8181639454082,370.7120889735402,9388109
2022-06-20,372.60601806640625,388.654598486367,370.8117796875712,376.99198818373765,48977628
2022-06-21,371.4098815917969,376.9920006732503,368.8181801875398,373.20412003007397,16731580
2022-06-22,371.11083984375,374.79903399525523,366.52555684903956,369.6156309315349,3667879
2022-06-23,375.99517822265625,378.0884461684283,365.42903014452446,368.6187906076678,2995070
2022-06-24,384.16900634765625,384.8807455068895,373.70254389168167,376.7926484150853,5709200
2022-06-27,386.0628967285156,388.4552551243734,379.8827186594848,385.66418046923957,3362690
2022-06-28,378.4873046875,388.25599272143324,378.4873046875,387.95696304655934,4245267
2022-06-29,385.1657409667969,390.05008312436377,372.80535558231196,374.69928044911165,5202158
2022-06-30,365.6375427246094,370.2241904307616,360.7517155459702,368.32970153963475,3371248
2022-07-01,364.0422058105469,370.60312825899024,359.1564086133027,363.44393809821577,4915599
2022-07-04,364.54071044921875,369.02767207294755,360.3528674287428,369.02767207294755,2660033
2022-07-05,358.0595703125,372.218409788279,356.2847287997207,368.3297155107467,4144070
2022-07-06,369.2271423339844,369.2271423339844,360.45265015876885,360.45265015876885,3903170
2022-07-07,375.9077453613281,378.79933731673674,367.03353676886917,369.0277423145526,4642098
2022-07-08,382.1894226074219,382.1894226074219,371.42072646806434,375.1100183388731,2780526
2022-07-11,379.5970153808594,382.5883235227758,375.11005316798474,377.0045422386998,1219591
2022-07-12,381.3917541503906,383.85657674709665,376.40624102424175,376.8050759885022,4014514
2022-07-13,380.7934875488281,384.5226720693894,376.0074071060727,383.98422813010325,10485941
2022-07-14,380.494384765625,381.6908897115254,377.70247903354016,378.8990144085992,1732195
2022-07-15,384.7818908691406,387.7731986972436,379.49725921115487,383.8845046065411,2623616
2022-07-18,392.8584289550781,392.8584289550781,385.47987571535725,385.47987571535725,1698355
2022-07-19,407.0173034667969,412.00281658898126,389.5680075391515,389.6676934582694,6127760
2022-07-20,413.4985046386719,420.1790745160421,408.6376289435268,408.81210974553477,4180109
2022-07-21,417.4869079589844,419.68051561677925,410.3077564281883,413.3987808492022,1927039
2022-07-22,417.6863098144531,420.2787828884462,413.5981827088286,416.19065578282164,2797502
2022-07-25,419.6805419921875,421.8761581124764,413.69792548359135,418.7831556017303,2574199
2022-07-26,403.8265686035156,416.7889029043692,403.8265686035156,412.20222468131254,3633352
2022-07-27,404.3251037597656,411.50425464183587,401.23407961806436,405.2224900127353,1308665
2022-07-28,407.81500244140625,410.5071918908006,402.64603156206135,405.32224570276685,1604683
2022-07-29,423.0706481933594,427.8567592383918,409.1112108963753,410.7065812447195,2760300
2022-08-01,428.6543884277344,432.8422313901781,422.5720566695777,422.77148935508666,1789236
2022-08-02,429.6514892578125,435.23526970875014,425.762795339373,427.25844918716933,2346222
2022-08-03,435.23529052734375,438.4260310602608,422.1981616921185,428.5546908493048,1720636
2022-08-04,430.24981689453125,443.61098704598027,426.0619733649137,436.13271676392003,1673617
2022-08-05,416.5894775390625,430.5489147241993,413.99703497657794,426.759936802754,1437626
2022-08-08,418.2845458984375,419.5807671228843,413.02383154172435,418.48397859257864,1323099
2022-08-09,415.5924072265625,424.6660481888914,415.5924072265625,420.3785186057275,24620082
2022-08-10,423.469482421875,425.1645385684909,412.4016375797985,414.4955591060004,1999309
2022-08-11,411.40460205078125,426.7220940583731,411.40460205078125,424.1675051199102,2313709
2022-08-12,411.3048400878906,412.9999267520372,409.6097534237441,410.806288766572,1924980
2022-08-15,417.88568115234375,417.88568115234375,408.91175828047875,413.3987197164112,1189753
2022-08-16,430.94775390625,430.94775390625,417.06207784556426,419.38135771370605,2119887
2022-08-17,421.7744445800781,438.8747498997978,421.7744445800781,432.54314163173535,2699349
2022-08-18,415.09381103515625,423.76861605308227,410.6068492181236,422.3726784625036,3236325
2022-08-19,406.8179016113281,413.99705322319187,406.8179016113281,409.01153972305303,1604250
2022-08-22,407.0173034667969,409.3106273313388,402.6300275759488,409.3106273313388,1158849
2022-08-23,395.5506286621094,408.51296295597325,393.6561093066031,406.3193249807332,1890507
2022-08-24,388.1720275878906,396.5477137189892,384.9813175452802,394.95234348310584,9369777
2022-08-25,374.2126159667969,390.69073549266477,370.12451940586647,390.3656912235736,3814428
2022-08-26,368.728515625,376.4062175317468,366.93374318326573,374.212579721489,3449434
2022-08-30,371.7198791503906,375.9077227157044,365.1160820028203,367.5320660142368,6412662
2022-08-31,368.82830810546875,378.6996194310824,368.82830810546875,378.6996194310824,2767520
2022-09-01,367.3326110839844,370.4236353924719,362.845649147871,365.9366734563585,3750442
2022-09-02,371.0218811035156,372.81665360003865,365.33838414926566,369.02767591664286,1777854
2022-09-05,372.5175476074219,372.5175476074219,362.64623768398206,367.8311530879231,4369265
2022-09-06,368.3297424316406,380.6938101996706,362.44684240958674,363.543661498584,5406781
2022-09-07,361.25030517578125,367.1332355979114,357.8741289804479,365.93670015598246,3913751
2022-09-08,343.10302734375,362.32016647823656,335.52504113132676,361.7488286082636,3730868
2022-09-09,349.5841979980469,352.6752223238325,343.90070067550045,345.99462234323636,1820574
2022-09-12,362.34710693359375,365.6375640269837,349.4844884791102,355.4671045443731,5831857
2022-09-13,351.7778015136719,363.9424659726397,349.7835962206711,361.8485443291573,3791719
2022-09-14,345.9946594238281,356.4522797949048,344.997556658918,351.1796059730256,9236125
2022-09-15,344.10015869140625,349.7836260028806,340.379950386496,349.5842237140972,2956383
2022-09-16,336.6218566894531,341.9064884994228,335.0264863827514,338.117510646519,7715604
2022-09-20,331.0380859375,341.049978982343,331.0380859375,337.12041830109905,3074154
2022-09-21,332.03515625,333.8498902328021,330.04095110735733,330.7389350789445,4091035
2022-09-22,330.6392822265625,335.0265282970004,327.74769030030757,330.73899858867367,5192928
2022-09-23,317.1783752441406,331.8357666899682,315.0844534864054,329.3430099377023,4036723
2022-09-26,310.2984313964844,315.1842294693968,298.75494495348204,305.31291694878485,7737404
2022-09-27,308.4038391113281,313.788217793252,300.4270178689617,309.999209445633,4970083
2022-09-28,307.70587158203125,309.79279444313926,288.1626543370116,308.8026905390415,5188724
2022-09-29,294.6438293457031,307.90528225119016,290.4559860970453,307.7058799812088,4821317
2022-09-30,305.213134765625,305.213134765625,295.4415102975385,295.4415102975385,5578934
2022-10-03,316.3807067871094,319.4717315580103,303.4183703658548,309.30130123883123,6454595
2022-10-04,326.5510559082031,328.3578172519462,317.57713376110746,319.77077134650284,10227302
2022-10-05,318.5742492675781,327.1493368673405,316.8791628431628,324.6565806132906,4061717
2022-10-06,309.3013000488281,323.06130648678544,307.10766172200596,321.3662195588626,2947051
2022-10-07,306.1105041503906,309.5006469704593,302.23875906112744,308.60326069884655,12753251
2022-10-10,314.08734130859375,316.7795306914737,304.81429864162254,306.2102362949401,3116878
2022-10-11,312.19287109375,314.5859115617953,307.40675972849897,312.19287109375,4543854
2022-10-12,296.039794921875,312.6694832862879,296.039794921875,310.9963358956561,4720183
2022-10-13,305.9111022949219,310.8966158944425,292.77428613184907,293.64675101176516,10343175
2022-10-14,313.19000244140625,319.6711707836897,307.2073855100677,310.198693975737,4842837
2022-10-17,315.08447265625,316.4525068955897,309.9992424864086,312.1928807335281,7118337
2022-10-18,318.1754150390625,322.3632272974073,316.0814936953133,317.078596199084,16187290
2022-10-19,307.50640869140625,319.87047375744885,306.7087388532695,318.47453632613264,3074949
2022-10-20,307.9053039550781,309.00212301934084,302.3215531354858,307.1076339606106,4032276
2022-10-21,300.2276306152344,306.90820048243796,297.1366061433475,305.61197913736913,3362857
2022-10-24,304.91400146484375,308.53948377378197,298.5325501037378,305.4125528278858,2625881
2022-10-25,319.47161865234375,319.47161865234375,304.9139168075329,306.11045191828794,2593948
2022-10-26,322.6624450683594,324.7563668583425,315.0844583389328,315.0844583389328,2593017
2022-10-27,323.9586486816406,329.54242967266725,319.87052168307696,321.5656083795316,3051016
2022-10-28,320.8675842285156,324.4571594474747,318.17542563616223,319.1725281731423,2129161
2022-10-31,321.665283203125,324.6565908018599,315.4832353274111,321.56556686400296,3868678
2022-11-01,337.02069091796875,339.31401480876525,322.7621353969485,325.15517563716173,3502308
2022-11-02,342.9035949707031,345.9946192690246,336.7215768032182,337.71867945240854,5723517
2022-11-03,344.798095703125,347.4563870364524,334.4282338829481,336.62187195780587,5673056
2022-11-04,356.46417236328125,356.86300730946493,344.8977763490191,347.4902491429469,4318955
2022-11-07,355.9656677246094,366.6057407698654,353.32134330249977,355.56683272615606,8432056
2022-11-08,371.6201477050781,371.91926631060915,351.97721449770785,354.66940366411205,5016064
2022-11-09,373.0161437988281,377.00455478747284,367.2169847274405,371.9193246911186,5677927
2022-11-10,356.1650695800781,360.053763729109,343.6504092251329,349.98302113760843,9494652
2022-11-11,384.383056640625,384.383056640625,358.7575073595873,359.15637274741664,36267553
2022-11-14,402.1315002441406,403.82658697842976,380.1952411983988,380.99294160301207,28121833
2022-11-15,391.3628234863281,402.8295049387938,383.5854343250156,396.8468885288117,4883513
2022-11-16,384.7818908691406,389.76740391597883,378.99870790647105,389.6676875692107,4596545
2022-11-17,385.3303527832031,387.27496692278874,378.8683103414514,381.8400415615562,2348542
2022-11-18,396.79852294921875,397.9952132698396,384.83174147540603,387.1253928510796,3972831
2022-11-21,399.79022216796875,410.9472702829603,394.60463507256804,409.8622694253827,3217517
2022-11-22,399.79022216796875,412.85396482264827,397.7957585697917,400.48829660057044,3560075
2022-11-23,412.85400390625,413.55207840493625,396.7985643343865,399.88998929083635,4780465
2022-11-24,409.7625427246094,416.8428946290918,409.4633853562493,412.2556222379412,1773804
2022-11-25,409.2639465332031,410.3609076585217,405.47447766366736,410.2611783865653,32089643
2022-11-28,408.6656188964844,412.3553890857282,404.078376520368,408.96480672521085,1649654
2022-11-29,409.5631408691406,413.7514964600779,408.3664504528149,412.8539938643843,3653430
2022-11-30,408.1670227050781,416.0451794130044,406.17255881610515,412.45513832623226,9399023
2022-12-01,413.9509582519531,420.83185211700896,412.85399710057277,416.2445793959378,2738518
2022-12-02,416.5437927246094,420.034104508018,411.55763303402557,412.2556771308452,4766786
2022-12-05,418.43853759765625,426.08430726411024,417.14211778640106,421.0313467870624,3619500
2022-12-06,412.4551086425781,419.9343476879594,409.7625704130003,417.84015466863235,2896397
2022-12-07,408.7652893066406,412.55777066999883,407.26944167773144,410.46059545931024,8102680
2022-12-08,405.374755859375,409.96202855596607,401.7847150345167,408.86506741043974,2581016
2022-12-09,408.7652893066406,410.3608661974301,403.7791305436099,407.4689002014918,2376873
2022-12-12,404.078369140625,406.67114767695506,401.08667350661176,406.67114767695506,1751662
2022-12-13,408.7652893066406,416.24452745118674,397.59631193731053,406.17248066324504,2400724
2022-12-14,410.8594970703125,415.2473108553174,403.5797171838111,407.4689150743132,3555200
2022-12-15,409.6628723144531,415.54656515771666,406.8706350315955,407.36925100589895,4677075
2022-12-16,407.26947021484375,410.8156263321234,403.4800014626539,409.1642045909387,10548553
2022-12-19,408.1670227050781,413.3007829808174,406.9703626315566,408.66563867732134,1666027
2022-12-20,405.97308349609375,409.3636656266002,403.18081611624706,407.2694726999903,3468751
2022-12-21,414.54931640625,415.3470897595579,407.76812117072217,408.3664664022544,3719325
2022-12-22,410.95928955078125,419.5354903420654,409.6628697657955,416.14487739141316,1661503
2022-12-23,407.66839599609375,413.8512460623141,406.2722773972029,412.45512746342325,658785
2022-12-28,409.0645446777344,409.76258876003044,405.67393181219967,406.8706222862828,2522612
2022-12-29,411.25836181640625,411.25836181640625,403.77912379683136,408.66555321633416,1067814
2022-12-30,410.1614685058594,413.9509679876527,407.46896063434815,410.1614685058594,938270
2023-01-03,423.0257873535156,424.2224473827071,411.65731926102893,412.6545511685732,4731827
2023-01-04,443.9676513671875,444.76542470911994,423.32493898883723,425.7182894477367,7627068
2023-01-05,446.1615905761719,461.10710606864603,442.87073715042607,450.5494052882014,9371317
2023-01-06,448.7543640136719,452.9427502510407,444.96489489079767,448.7543640136719,32133770
2023-01-09,446.3609924316406,453.3416155424877,443.7681834752771,446.75987909421156,3784850
2023-01-10,447.75714111328125,450.1504916829453,442.72511872550047,445.7626772330439,26976516
2023-01-11,450.6490783691406,453.0075524487745,445.2640323290491,449.35268910446916,5324594
2023-01-12,430.994873046875,436.38230287064624,428.6004631748182,433.4890563399703,4796384
2023-01-13,438.77679443359375,439.3754046246998,430.54997653583655,433.4891370464118,2619909
2023-01-16,443.1664733886719,444.26388961523054,435.87348430831156,438.2778500671435,2328625
2023-01-17,441.8695068359375,461.8489136938158,436.9809136628143,444.1641737372708,3479415
2023-01-18,440.7721252441406,463.66177120859965,439.77445177781476,442.3684088795776,2533033
2023-01-19,432.1921691894531,444.06447766253063,431.2942386888158,441.4705204923559,2536821
2023-01-20,437.28021240234375,439.07604268088767,431.29417236701215,434.98557590076297,3122468
2023-01-23,436.98095703125,441.2709405495015,435.5842203355339,439.87420385378545,1405524
2023-01-24,436.482177734375,440.5726453750304,436.482177734375,438.97636160714285,10167369
2023-01-25,436.0830993652344,439.6747301074748,435.4166541881319,436.282615800227,1784100
2023-01-26,443.1664733886719,443.66531001767913,437.5794970544763,438.9762335263823,3328357
2023-01-27,441.3707580566406,447.35679916169425,438.6770578273142,444.0644887325466,3114171
2023-01-30,450.44952392578125,450.999236834418,437.4797701914841,439.5748903455701,2559518
2023-01-31,446.6584167480469,450.3497902534013,443.3660760876968,448.3544433489143,3115321
2023-02-01,451.4472351074219,454.150921625786,445.760484276609,446.35909443457524,2841895
2023-02-02,475.99005126953125,480.2800353061055,457.53309080876,458.03192757797,30095823
2023-02-03,492.3518371582031,494.54673088039624,480.679045861536,484.07115987703025,3720854
2023-02-06,482.07586669921875,488.4609712658045,478.70570429033074,488.4609712658045,2081122
2023-02-07,483.57232666015625,485.46790009944596,477.8855758957101,481.8762696401419,3786856
2023-02-08,480.27996826171875,491.1905291827078,479.98067842060397,486.5653289443122,2028264
2023-02-09,482.7742004394531,491.3541986266144,477.18722275154033,483.3728106286186,2934187
2023-02-10,470.60260009765625,479.38211468113496,464.01794893675776,479.38211468113496,2262552
2023-02-13,474.6929931640625,475.1918298657678,468.804747145814,471.5004565410947,2212602
2023-02-14,477.4865417480469,484.9541132586485,473.1965274430487,474.99235800557545,3392183
2023-02-15,486.3657531738281,487.76248976029456,477.48646653853353,479.38203979492187,2065621
2023-02-16,486.9643859863281,492.45158961147376,481.2776355052743,487.5629961074773,1442797
2023-02-17,485.4679260253906,489.2590731064326,482.9737423019213,484.9690892806968,2525463
2023-02-20,486.8645324707031,489.8735061404753,484.2705760034713,487.86220569297916,1056434
2023-02-21,487.4632263183594,489.1692392967804,484.86926940506646,486.7648427640427,5441616
2023-02-22,481.1778869628906,486.01262072484855,477.6860299299333,484.2706807099683,3018363
2023-02-23,481.0781555175781,487.762549444511,480.2799984800935,482.67440869939156,1154634
2023-02-24,479.9806823730469,484.7695025497727,477.88556212826325,482.4748658914616,1424153
2023-02-27,490.3564758300781,491.1546023710084,482.77415190493673,482.873925334197,1004973
2023-02-28,490.65576171875,495.0455489982319,482.973694872808,488.06183525833427,3156108
2023-03-01,489.7578430175781,495.80973907768026,486.76482295784973,487.26365963447114,7431837
2023-03-02,482.8739013671875,487.6627212682323,481.57693819090537,485.368084742018,2258298
2023-03-03,487.7625427246094,490.75556306914154,483.2730122078111,484.0711692342995,2028111
2023-03-06,493.84832763671875,496.34251110963146,489.5703097461488,491.753207430157,2573994
2023-03-07,496.54205322265625,498.03856329210777,491.4539128972059,491.85297615974457,1904000
2023-03-08,497.53973388671875,497.53973388671875,490.45624669829107,493.14994659479686,2007572
2023-03-09,502.029296875,502.2288132989041,490.88728041277466,494.6464889192618,1216624
2023-03-10,494.34716796875,498.7369248240615,486.5653276546331,496.9411248889809,2233710
2023-03-13,479.28228759765625,494.84599847780555,475.8902041812767,493.9480985214956,2267095
2023-03-14,483.9714050292969,484.9690784964995,474.39373365483635,477.78581735400957,2353483
2023-03-15,463.0202331542969,481.7764809817463,463.0202331542969,481.37741770923003,3583837
2023-03-16,468.906494140625,474.19415093847414,460.7255601493285,468.50743087322473,3091647
2023-03-17,456.9344482421875,474.19418705611054,455.2383911683342,471.50048696105756,5581874
2023-03-20,464.9158020019531,467.90882218651507,447.855580860635,453.6421048187335,1529495
2023-03-21,471.50042724609375,477.1861727338911,466.86125229778895,467.3101870334851,4777956
2023-03-22,480.4795227050781,482.7741593807172,471.7817883367533,474.59325564648435,2437770
2023-03-23,473.5956115722656,481.97606268730334,473.5956115722656,481.97606268730334,2353716
2023-03-24,463.81842041015625,473.2963189942496,461.0249466903187,471.20119848108135,2407687
2023-03-27,464.3172302246094,468.50546153353986,462.2221098330607,467.01096079182594,1795399
2023-03-28,463.7185974121094,467.8090645584859,459.62816071230964,467.0109379942754,1903815
2023-03-29,468.4077453613281,469.6049658348139,455.23844193931,461.9228670975398,1736703
2023-03-30,477.5862731933594,477.8855630375081,470.3720787465975,471.89952258192346,1291123
2023-03-31,480.97833251953125,487.06414609945875,476.0897391491738,481.2776223486364,2256862
2023-04-03,476.0897216796875,481.8881802750176,476.0897216796875,479.4818048869017,3029172
2023-04-04,480.27996826171875,484.6697251286656,477.58626835195804,478.5839417511085,2221364
2023-04-05,468.80670166015625,480.4794920483387,466.81135495766864,480.0804287971561,1281713
2023-04-06,474.5932922363281,475.39141885115083,467.31025747811145,468.7069942773405,1528566
2023-04-11,486.166259765625,489.95542766758314,483.3727862856393,484.37045973514523,1671642
2023-04-12,489.7578430175781,492.35179982532435,484.7295607921935,486.2659862812283,2084410
2023-04-13,485.8669738769531,493.34952480934976,485.8669738769531,490.0572145777263,1991712
2023-04-14,492.15228271484375,495.3448498167646,486.06649924958265,487.46323593920687,1642124
2023-04-17,495.84368896484375,499.6348357762864,492.2520585691433,492.2520585691433,1840943
2023-04-18,489.259033203125,498.3378673054117,489.259033203125,498.03857746163646,2404420
2023-04-19,491.85296630859375,493.648766177338,483.1731959009887,488.36110954981064,1921875
2023-04-20,492.05255126953125,495.4116916693843,489.7578840966599,492.05255126953125,1646008
2023-04-21,494.6464538574219,496.7415740626622,486.36577691120493,491.55369071022136,1752743
2023-04-24,491.35418701171875,499.4353482579784,491.35418701171875,493.5490808379151,3971699
2023-04-25,479.6813659667969,490.05719384467454,476.9876660130442,490.05719384467454,2725446
2023-04-26,472.3984069824219,479.0828316780171,470.0039966477508,479.0828316780171,4381956
2023-04-27,474.8925476074219,480.1802045513109,469.704633648206,474.4934843289999,2985844
2023-04-28,478.583984375,482.1755845745579,471.79978638861354,473.7951333646251,3218766
2023-05-02,482.47491455078125,489.35885566656077,476.48887350287225,477.6860634445065,2963801
2023-05-03,481.57696533203125,487.8622956122084,480.6790349092264,483.77182855763743,1550062
2023-05-04,482.6744079589844,485.0688486211872,474.593277287072,474.593277287072,2359685
2023-05-05,486.0665283203125,488.86000186663347,483.8716345006474,488.86000186663347,2652305
2023-05-09,486.4656066894531,491.2544273305111,483.97142292919807,488.66047013053003,2934376
2023-05-10,478.18487548828125,488.06485082881034,477.7858121950248,487.3634834660686,1584265
2023-05-11,487.56298828125,487.56298828125,477.8855444099754,481.4771746326431,1095720
2023-05-12,490.45623779296875,495.1452843928169,486.665060695744,488.9597277287794,1840169
2023-05-15,494.2474365234375,497.24045696719656,489.05955268886873,496.14301004850256,1625946
2023-05-16,490.2566833496094,494.94576032344264,488.16156320286314,494.1476033669525,1591464
2023-05-17,488.16162109375,492.85069862365907,485.3681475311946,492.85069862365907,2084556
2023-05-18,492.3518371582031,492.4516105904077,488.63351851877246,489.4585903037317,1445245
2023-05-19,484.5700378417969,492.9504892685827,484.5700378417969,489.05956865399423,3621559
2023-05-22,488.8599548339844,488.8599548339844,481.57695135896535,483.77181452088706,1968273
2023-05-23,464.6165466308594,488.560709883712,459.5284058503126,488.560709883712,3936191
2023-05-24,464.1177062988281,468.2081431322211,460.82536560913456,465.0156063245345,4655131
2023-05-25,459.1293029785156,466.7115963311187,452.9437158260495,464.4169597291323,3126455
2023-05-26,460.9251403808594,461.62352398431005,454.0411995683829,461.42397711287333,3175923
2023-05-30,470.80206298828125,472.5978933442529,458.3311457103199,462.62115952188384,4562934
2023-05-31,508.6138916015625,513.6022586453071,478.0851096511069,484.56998680797483,8787781
2023-06-01,528.1683959960938,533.5557965717383,511.00839894366516,513.602325788254,5340390
2023-06-02,538.544189453125,541.1381773121844,529.9642209722408,534.1544622113651,2839227
2023-06-05,532.3585205078125,547.7217414721406,532.3585205078125,540.1404220145913,2356198
2023-06-06,538.544189453125,538.544189453125,526.7716533189479,532.9572417297347,6717656
2023-06-07,533.1567993164062,542.5348946753727,531.5604850111688,541.1381881630999,3581621
2023-06-08,530.3630981445312,535.351464608995,528.5672983959533,532.3584447303167,3349464
2023-06-09,531.9595947265625,540.7391105419687,528.9665738195037,538.743763270596,6660742
2023-06-12,533.7552490234375,543.3319146573265,530.9617757866176,536.1496894510828,4459315
2023-06-13,537.74609375,539.3423472220469,534.7530728200371,538.5442204860234,6385975
2023-06-14,545.1287231445312,545.1287231445312,532.3584560104,538.344495894594,29801387
2023-06-15,548.1217651367188,549.1263803098786,542.9358609903385,544.1310717200499,4187716
2023-06-16,552.1124877929688,558.0965187609642,544.4842808201821,547.3236067248304,9108352
2023-06-19,555.3049926757812,556.9013066591265,548.7203725622946,548.7203725622946,2891722
2023-06-20,565.0821533203125,565.4811860845421,552.5114338307995,555.7040004103493,4209668
2023-06-21,566.6785278320312,570.0706419685698,559.4952667090504,559.6948135805801,4200569
2023-06-22,574.2606811523438,574.2606811523438,558.2979096301867,562.0891165812118,2932864
2023-06-23,568.673828125,578.2514682414239,564.483587739133,578.2514682414239,1507797
2023-06-26,575.6575927734375,577.4533928426264,567.2771112596813,569.0729722220264,10187393
2023-06-27,580.0471801757812,589.2257242262034,577.6527403146323,579.4485397639264,3054673
2023-06-28,589.225830078125,591.2211766898263,574.2607304903655,584.2374635488718,4046736
2023-06-29,550.8052368164062,590.7186597741169,545.0178026681482,590.7186597741169,6659387
2023-06-30,555.7943725585938,557.1913666174457,533.4428330352346,539.2303276478682,3869838
2023-07-03,546.0155639648438,555.2954213595157,540.2300795012197,554.9960829086634,3088888
2023-07-04,541.8247680664062,546.8139464095591,538.8312610605145,546.8139464095591,2816733
2023-07-05,542.8225708007812,547.2130718375967,537.8333927603329,537.8333927603329,2818418
2023-07-06,533.0437622070312,545.2173680797457,530.6788968292515,543.8203739505798,3204873
2023-07-07,536.6360473632812,539.0777728504405,530.2499351861122,532.2456066608013,2151946
2023-07-10,539.6295166015625,541.0265108967624,533.2434048737845,535.0394968940016,2571802
2023-07-11,544.0199584960938,545.2173733465102,539.6294576789163,543.4212206193608,2001137
2023-07-12,550.8052368164062,554.3974205213801,541.4255580601242,545.2173819635468,29021582
2023-07-13,544.4190673828125,552.6013313088424,541.2260422533817,551.004818744127,2126470
2023-07-14,546.4147338867188,551.4039117377773,540.826879054753,544.2195443546929,2726743
2023-07-17,543.421142578125,547.2129658770714,540.4276363335088,547.2129658770714,2150112
2023-07-18,552.6013793945312,553.1981075348477,543.0221813665853,544.6186940702244,4400038
2023-07-19,560.1849365234375,572.3495295096766,555.594856169803,560.7836135289734,2779803
2023-07-20,563.1784057617188,567.7684249058898,560.4243699139969,561.1827346724186,6125070
2023-07-21,562.1806640625,568.1656685288872,560.584090382713,563.1784997737199,1805167
2023-07-24,555.7943725585938,561.5818062681818,554.8893533017037,556.1935311191359,3720397
2023-07-25,554.5969848632812,561.1827360155633,551.6034782221664,555.1957227333334,3461856
2023-07-26,554.7965698242188,557.7900764959321,552.6013194176858,553.5991549749235,2857021
2023-07-27,556.5926513671875,560.5839935224245,553.7987240391312,560.5839935224245,2352993
2023-07-28,553.3995361328125,557.7900366321006,548.0311763462921,555.3952071046625,1637277
2023-07-31,552.0026245117188,557.9896376606462,546.4147090308915,549.2086972228287,1301015
2023-08-01,546.8139038085938,558.7879308992929,544.219555633496,558.7879308992929,1558246
2023-08-02,534.4407348632812,543.4212554626474,531.8463866069078,541.4255842183438,2380267
2023-08-03,539.23046875,542.0243966957544,525.8594452125918,531.4473011041007,2422260
2023-08-04,543.421142578125,543.6207218417076,537.4341300888925,538.6315447673471,1481719
2023-08-07,532.445068359375,542.024326959149,532.445068359375,542.024326959149,1712615
2023-08-08,536.0374145507812,539.0289122088832,530.8486561074636,530.8486561074636,2080073
2023-08-09,538.032958984375,542.6229783087952,533.8420373516584,533.8420373516584,4969313
2023-08-10,541.4254760742188,545.6163970307739,537.0350367555275,544.019884715439,1394549
2023-08-11,536.6360473632812,543.4213181966121,535.6382116259367,540.6273903126594,1466805
2023-08-14,552.8009033203125,554.1978974733165,538.0329491306325,538.0329491306325,3639114
2023-08-15,563.9766845703125,565.9723557394198,552.40175524766,554.5970057142882,3619180
2023-08-16,573.5557861328125,581.7380487416914,563.3190203504978,565.972261316607,4199004
2023-08-17,569.5645141601562,577.1481008074333,566.1719098653373,572.1589231064805,2677663
2023-08-18,564.7750244140625,566.7996248318402,554.9962464193073,564.7750244140625,1739922
2023-08-21,569.9637451171875,574.3541855097394,565.772823135572,565.772823135572,2723664
2023-08-22,567.5689086914062,575.1524962153549,565.1741396599397,565.5732373803232,1983507
2023-08-23,561.7813720703125,570.7618913396425,558.7878656472025,568.7662203909025,5406448
2023-08-24,568.3670654296875,571.5601511484475,562.380052545654,565.9722968179008,1856297
2023-08-25,565.9723510742188,575.7511275416294,564.7749362020143,566.5710280587958,2117096
2023-08-29,564.17626953125,574.9528817719986,557.5905180652554,573.1567898823824,5603657
2023-08-30,572.5580444335938,572.5580444335938,563.3779449039932,563.3779449039932,2463189
2023-08-31,576.3497924804688,578.9442014665301,570.3627791476257,572.1589318699179,3601125
2023-09-01,572.5580444335938,579.1437958127433,572.3584651367013,577.5472223406538,2033332
2023-09-04,565.772705078125,573.5558094753108,562.1805217880526,573.15671183366,1151864
2023-09-05,546.6142578125,555.7943563091668,530.2497926604836,547.0134163613722,5323883
2023-09-06,555.7943725585938,559.5861352715621,548.210847132657,553.0004453439352,2741138
2023-09-07,557.1913452148438,558.1891806748251,548.6099237171776,553.5991010170846,2134684
2023-09-08,561.5819091796875,561.9810678133766,551.6035523680262,559.3866585005106,1764295
2023-09-11,568.9658203125,570.3627534854822,561.00110262653,562.1805510211751,1519507
2023-09-12,577.746826171875,581.5555813134952,568.0877846419966,569.76414118159,2053686
2023-09-13,566.1719970703125,581.9377888530489,563.7771670437709,581.1395324785542,2775649
2023-09-14,567.9680786132812,570.5624270080758,560.7836495698533,566.571084306511,2670207
2023-09-15,575.7511596679688,584.3325217420064,572.3584941579239,574.952903342974,8049434
2023-09-18,563.5775146484375,581.3389755159102,560.3844286614308,581.3389755159102,2479360
2023-09-19,555.5948486328125,566.1719425105312,553.2000797401029,564.9745276126506,2491690
2023-09-20,577.746826171875,577.746826171875,568.7663055578043,568.7663055578043,3045296
2023-09-21,583.3346557617188,585.7294855151645,574.7532941341308,574.7532941341308,2834851
2023-09-22,572.158935546875,583.9333829965244,568.9658495682287,579.9420407489789,2727542
2023-09-25,574.9528198242188,577.3475884513343,566.9701359277437,572.9571488501,4967048
2023-09-26,583.73388671875,584.3325637798024,571.9594375946074,574.9529447059855,2993442
2023-09-27,578.5450439453125,583.3346424397706,573.9550247429253,583.3346424397706,3667381
2023-09-28,579.9420776367188,581.937748887428,571.360654716837,580.1416569424003,6093635
2023-09-29,585.1307373046875,588.5233413222201,577.5471512772368,582.536328570411,6377379
2023-10-02,574.1546630859375,590.9182899921794,571.5502657271935,585.7295323799233,6416101
2023-10-03,564.7750244140625,573.9551253307334,562.5189314658882,569.7642030749641,2308859
2023-10-04,549.2086181640625,563.9765696249558,543.8202827444617,560.9830634814083,5409945
2023-10-05,559.3866577148438,562.3801647541377,547.8117881907964,549.8074595503257,2696330
2023-10-06,576.1502685546875,576.1502685546875,559.5861619511827,559.5861619511827,2493261
2023-10-09,565.772705078125,578.9441453134625,559.9852715983225,573.5558094753108,2370373
2023-10-10,572.3583984375,577.9463135840556,561.9809461419713,569.564471315744,3008960
2023-10-11,570.761962890625,575.1524638894658,569.3649686901615,571.9593777905862,1682716
2023-10-12,574.5537109375,579.3433095088297,571.3606249222635,576.3498027888675,2305158
2023-10-13,573.3562622070312,577.5471835480768,568.5666639185706,574.553677004908,1976327
2023-10-16,571.9594116210938,575.751174942705,566.1719769825233,574.5537599719185,6360845
2023-10-17,579.5428466796875,579.9420052412228,569.1653940132727,574.9528277372602,1316677
2023-10-18,572.7576904296875,585.3303958583843,572.3585317894193,582.5364680856803,2056441
2023-10-19,552.8009033203125,571.3606204785111,552.8009033203125,569.7641079348347,2364435
2023-10-20,537.03515625,557.9897047922839,535.0394849602587,550.8052759686042,3862759
2023-10-23,543.8204345703125,545.0547567942136,532.445083687803,536.0373286047796,2918985
2023-10-24,546.0155639648438,549.6077471811549,536.6358864845265,544.8181492583927,1731484
2023-10-25,552.4017333984375,553.0024810679156,541.2260240159121,543.8203720719165,2489393
2023-10-26,524.8616333007812,552.8010358339027,524.8616333007812,552.4018771507752,6570344
2023-10-27,520.8701782226562,533.0437846069377,516.8788358607968,524.4623619871093,5327668
2023-10-30,520.8701782226562,527.0567710641486,517.814793951267,526.8571917654454,4252866
2023-10-31,527.6554565429688,533.2433724812676,517.0784234751617,521.06976590121,2369269
2023-11-01,531.447265625,534.0416749681191,526.2585687448767,528.8529171849384,2252485
2023-11-02,531.447265625,543.4212939386213,531.447265625,534.4407727034053,2622624
2023-11-03,536.8355102539062,544.6186151364576,530.4483641100611,532.2454912189021,3320241
2023-11-06,530.6490478515625,540.8269848391102,527.2564427910878,537.6338982092632,9807815
2023-11-07,531.247802734375,539.8291662281628,529.2201570316975,531.0482233943434,7147766
2023-11-08,536.6360473632812,541.425646721923,529.0525201206868,529.8507765299504,5278072
2023-11-09,520.0719604492188,522.3729387961113,497.5208683441961,508.8961888276859,8833103
2023-11-10,522.666259765625,530.0502673502167,512.887483353121,519.6727530534472,4187611
2023-11-13,529.651123046875,529.8507023470133,518.475352172693,525.6597806563136,9557718
2023-11-14,556.5926513671875,556.5926513671875,522.6662430476732,531.8463421853278,5461944
2023-11-15,549.2086181640625,561.9808988625908,544.6185388688,559.9852281002259,10106519
2023-11-16,531.696044921875,546.4414305431164,531.696044921875,537.6956121451304,2259581
2023-11-17,536.2865600585938,536.2865600585938,527.1056097890337,533.6919105755145,4969689
2023-11-20,533.4923706054688,542.0745893368716,530.0994514026639,537.4840832502045,2144638
2023-11-21,531.4964599609375,540.8770080807983,529.7002016361351,537.6836261096524,1678809
2023-11-22,532.8936157226562,537.0849260055854,530.6981616783887,532.4944201114445,2193258
2023-11-23,535.0889892578125,539.9169774417286,530.8976796055048,531.4964120235389,2056412
2023-11-24,544.0703735351562,544.0703735351562,534.6898257000684,538.8811356031649,1544834
2023-11-27,549.6588134765625,552.852195742011,545.068368344712,547.2638224590016,2225328
2023-11-28,563.43017578125,563.43017578125,548.8604500170046,554.0496882716321,2946914
2023-11-29,574.806640625,577.600827390742,560.8356458875868,563.0311000994924,5057649
2023-11-30,572.4114990234375,586.1829546938015,572.4114990234375,576.6028089705616,6476809
2023-12-01,587.7796630859375,590.9730452538827,572.2120087666655,574.2078650080439,3171916
2023-12-04,596.9606323242188,601.5510774569863,585.7838248472667,585.7838248472667,3211485
2023-12-05,601.551025390625,604.744407380313,593.368003076017,595.563457000721,2841239
2023-12-06,611.1311645507812,615.5220114425731,601.5510186884545,603.1477401198563,3207642
2023-12-07,606.5407104492188,615.617873081356,602.3494000854288,611.1312164319221,2864089
2023-12-08,607.7382202148438,613.3265932786273,604.5448380746682,606.5406942986906,2873853
2023-12-11,605.542724609375,616.9191286686646,604.3451987754455,608.9357043207264,3843899
2023-12-12,599.1560668945312,612.7278649468118,599.1560668945312,607.3390287417806,4835909
2023-12-13,561.6339111328125,569.2182010845523,546.1930084482776,552.8521562122631,11454817
2023-12-14,563.6297607421875,585.3845804473847,563.0310282647408,568.8189988786087,10764634
2023-12-15,559.837646484375,567.5217047943311,554.6484083459179,563.6297609633143,7059133
2023-12-18,558.0414428710938,562.4322902583356,553.8501323901845,556.6443190745568,3291916
2023-12-19,560.2368774414062,563.2306618361939,553.8501130357129,558.6401558856331,8982039
2023-12-20,573.8086547851562,574.0082525859515,562.4322501355022,567.6214884126899,2466872
2023-12-21,574.806640625,578.9979512279646,569.4178040056593,573.0103820547876,2190970
2023-12-22,568.4197998046875,579.7962040760257,564.8272831446309,576.6028220955891,731006
2023-12-27,561.8335571289062,573.0103647632998,561.8335571289062,568.2203217510458,2664179
2023-12-28,560.8356323242188,567.4219338919477,559.4385085207845,564.8273450098004,1713919
2023-12-29,559.039306640625,563.6297513141177,557.0434505375944,561.833493003129,847271
2024-01-02,559.4384155273438,573.0362200502236,556.6442292936446,562.2326626697347,6059424
2024-01-03,555.2472534179688,564.2286068714022,553.450934000321,555.8459859513838,2419732
2024-01-04,551.8541870117188,558.0413528272232,547.6628772071066,555.2471665937123,2257558
2024-01-05,543.4715576171875,549.2595886715139,539.0807110174975,546.8645371380899,2580711
2024-01-08,560.635986328125,560.635986328125,541.0766202131534,549.6587773861377,16223293
2024-01-09,565.8252563476562,571.4136295777333,545.2679609919799,549.8584060803503,7758152
2024-01-10,562.2327880859375,572.0124725397663,556.8439512906108,565.6257075163202,5368738
2024-01-11,553.6505126953125,569.0186302150765,553.6505126953125,567.2223717681597,1806648
2024-01-12,566.0248413085938,567.4219041300487,555.2472298045612,555.2472298045612,10833747
2024-01-15,551.8541870117188,571.6989696844738,549.4591354351713,562.4321995059712,3709188
2024-01-16,552.8521118164062,553.8500398160749,542.743096307068,548.2616673814073,3471812
2024-01-17,541.875,548.46130160337,535.8874309392265,545.4675170729832,3011613
2024-01-18,523.9055786132812,524.9038743274572,518.1154756572881,520.3117384147021,6767202
2024-01-19,517.31689453125,529.8953972092519,516.3185987335946,527.2998525078038,4691156
2024-01-22,523.10693359375,523.9055579473613,515.3202395165581,519.9123752481723,4537702
2024-01-23,520.112060546875,526.3015060831798,513.5233332886005,525.702492103524,5500170
2024-01-24,526.9004516601562,526.9004516601562,516.9174947854616,520.9106775353395,2307803
2024-01-25,530.094970703125,532.2912332387799,523.6859299259614,525.5028352540428,2146297
2024-01-26,537.28271484375,538.4806817739168,525.9021204038592,530.2946455040943,2981692
2024-01-29,533.0899047851562,538.2810546209764,532.8253418006952,537.8817119677848,2522791
2024-01-30,529.29638671875,539.079672288877,522.7915007805474,536.6837382618064,3850642
2024-01-31,517.7161865234375,532.2913420159441,517.7161865234375,529.296454563789,3084445
2024-02-01,512.325439453125,522.7076796745946,509.92950505447817,516.3186228301078,1967030
2024-02-02,507.3339538574219,519.1138324852826,507.3339538574219,514.9209778059038,3879810
2024-02-05,504.93798828125,512.325401351727,502.34244365169775,506.5352676063685,2319583
2024-02-06,508.5318603515625,512.1257312252042,503.3407406145862,506.33562793169267,4664418
2024-02-07,499.1479187011719,507.932909884084,495.8535546239726,506.93461404668165,3283971
2024-02-08,499.04803466796875,503.5403655009851,496.6810732733186,497.650426724144,2733347
2024-02-09,492.1598205566406,503.93969859874625,491.56083699428945,499.1478910310757,3889027
2024-02-12,497.05145263671875,499.5461866720726,489.1938645189911,493.9567296886894,10645607
2024-02-13,491.6606750488281,495.9533347462753,483.2749965319722,494.75539808133567,1891298
2024-02-14,501.1445007324219,502.94142101893937,493.45761074611465,494.35610135494403,12491582
2024-02-15,506.9346008300781,513.1240470468323,502.9414175845775,506.9346008300781,6600746
2024-02-16,514.3219604492188,514.3219604492188,508.93113925879106,511.1274020004888,4721429
2024-02-19,514.7212524414062,516.1188908315863,511.5267548600845,513.3236749823619,1916562
2024-02-20,516.5182495117188,521.7093387079068,513.9226439824871,514.5216579959118,2396829
2024-02-21,523.306640625,526.1018565189493,515.5199460164497,517.5165375022901,5037565
2024-02-22,528.098388671875,532.0915711949137,523.5062531428324,524.3048774612141,6540442
2024-02-23,534.8869018554688,536.8834935465538,527.3976722861834,528.8971267822135,3470988
2024-02-26,522.9072875976562,537.2827703834131,522.9072875976562,533.8885405522625,2205767
2024-02-27,516.3185424804688,526.50117069338,515.5199181155829,524.7041897084702,5276965
2024-02-28,521.7092895507812,527.2997818269691,517.3168251885605,517.3168251885605,2679457
2024-02-29,524.9038696289062,529.8953481551057,519.5131093792914,524.5045879054909,5450895
2024-03-01,531.8919067382812,531.8919067382812,522.906271047548,529.0966911223516,2705818
2024-03-04,531.2930297851562,536.6837904738125,528.8970955249939,532.6906073276348,3713804
2024-03-05,538.480712890625,538.480712890625,525.9021507937011,526.9004464713396,4727928
2024-03-06,547.2657470703125,551.8578831875817,540.0780054219081,540.6769585046344,6865038
2024-03-07,551.0592651367188,555.2521195576822,545.6684436053173,547.2657533962806,3578474
2024-03-08,549.0626220703125,551.6581664567374,544.0711436878552,551.6581664567374,1967806
2024-03-11,549.0626220703125,557.0489874822443,546.6666880742799,548.064326393821,4760170
2024-03-12,557.2487182617188,558.5564833002147,548.8630093119896,556.0507511358804,3170454
2024-03-13,550.4602661132812,560.8425046980627,545.6683980713925,556.8493219505775,2911564
2024-03-14,546.0678100585938,554.8528010323575,544.0712184313228,554.2538479166327,14271222
2024-03-15,539.4790649414062,548.0723662729847,539.4790649414062,543.0729053839917,19735379
2024-03-18,532.8902587890625,541.8749205327448,526.5012025522373,540.6769534473598,2462207
2024-03-19,531.0933837890625,536.2845343130788,526.3015759711791,530.6940410829296,2316257
2024-03-20,526.7008056640625,532.6905800769114,525.3032281930795,530.2947068704535,8717930
2024-03-21,529.6957397460938,535.885186040002,522.3093621067809,534.0882657433556,3175644
2024-03-22,526.3014526367188,532.6905079196262,523.5062371422513,531.2929306379564,2868297
2024-03-25,536.6837768554688,536.6837768554688,521.7093404372789,526.1018661590697,2541537
2024-03-26,540.2776489257812,540.2776489257812,531.0933162332648,532.4909545958061,4276663
2024-03-27,544.670166015625,547.6989920712916,540.078029691994,541.2759968424186,3110995
2024-03-28,544.8698120117188,549.0626663775568,539.0797088070557,547.0660748634565,2608533
2024-04-02,537.8817749023438,553.0558835320506,535.6855119150857,544.8698456328931,5348495
2024-04-03,527.8988037109375,539.910281156859,523.9056205347108,536.4841840985086,5413592
2024-04-04,528.89697265625,531.8918593201372,522.7075280313248,527.8986771016209,7234838
2024-04-05,520.5114135742188,528.4977793463977,504.73832289482465,513.7229539229584,2732047
2024-04-08,521.31005859375,523.7059318615286,514.9209413507316,520.5114341711571,3901522
2024-04-09,509.9294738769531,522.5080373040705,508.731537216444,521.5097415208616,3586876
2024-04-10,510.7281188964844,518.9141258809968,510.3288066840443,516.1189099283475,3677893
2024-04-11,504.73834228515625,515.9192365163982,500.94480011829563,511.3271003934351,4209997
2024-04-12,500.1462097167969,508.93120081501525,497.85111639740506,507.7332641010242,7105818
2024-04-15,509.7298278808594,513.7229805080261,498.04975514837895,499.1478865919952,3607872
2024-04-16,499.1479187011719,505.3373650792949,486.96869729863477,501.3441817296855,6779255
2024-04-17,511.72637939453125,512.1257220687942,496.85180921086464,496.85180921086464,5118665
2024-04-18,519.11376953125,522.3083279915154,513.9226196497106,515.3202580170563,5017131
2024-04-19,509.5301513671875,519.3134681244109,499.04804585517115,515.5199564110516,3111706
2024-04-22,523.9055786132812,527.6990901409226,516.1188842289363,519.1137713714639,2285904
2024-04-23,523.306640625,531.6922883068478,523.306640625,527.1001522618694,3406927
2024-04-24,515.3202514648438,525.9021614905951,513.7229417894532,522.1086500246352,4582096
2024-04-25,517.31689453125,519.1138147808017,512.125744197214,515.9192560420764,3196264
2024-04-26,526.9004516601562,526.9004516601562,510.52840847877036,521.7093018990884,4365242
2024-04-29,516.1189575195312,532.8803230055051,516.1189575195312,528.8971322892987,3110035
2024-04-30,518.1155395507812,523.5063614445758,517.9158681970958,519.7127885179799,3043911
2024-05-01,518.5147705078125,519.7126765094674,512.7246071545435,518.115427886508,1136794
2024-05-02,516.1189575195312,522.5080753699867,513.523412666552,519.5131878021751,5764835
2024-05-03,520.7110595703125,524.1052896279781,515.5199702084327,518.9141393349588,2545691
2024-05-07,528.6973876953125,533.4892558849435,526.9573772699616,529.0967303548267,1923953
2024-05-08,536.484130859375,537.0830839039147,529.695671388545,531.292981059207,1573063
2024-05-09,534.0881958007812,539.8782986344509,532.0916044146101,535.4858341435545,2947946
2024-05-10,547.2657470703125,547.2657470703125,535.2861979666842,535.685479711456,1693559
2024-05-13,551.0592651367188,554.6531055368941,547.7658761795813,548.6633309158428,1474195
2024-05-14,547.6649780273438,553.0557989965134,544.6700910291677,551.8578320110166,2788239
2024-05-15,534.2879028320312,545.7922500068589,524.5046165722033,543.4722360084334,3172241
2024-05-16,543.6717529296875,544.8996979362687,534.8867639402632,535.8850595284052,2011677
2024-05-17,542.6735229492188,545.4777565556412,535.6854529873871,543.8714899860454,2790311
2024-05-20,545.8681640625,551.0593147207356,542.0746519807237,544.0712437007263,1230111
2024-05-21,540.2776489257812,546.866376220883,539.743526600991,541.874897684856,1725183
2024-05-22,553.8545532226562,553.8545532226562,536.284569752295,536.284569752295,1601543
2024-05-23,549.6616821289062,555.6504824558186,546.4671840870359,552.0576165914536,2409573
2024-05-24,547.6649780273438,553.0557989965134,542.4738893087441,545.8680580146645,1835087
2024-05-28,537.6820678710938,554.3626369307397,537.4824574655232,548.4637107419418,2531708
2024-05-29,542.2742309570312,544.4704936611073,538.0813768730922,538.8800012388107,5201842
2024-05-30,544.0711669921875,546.4671010908457,538.0813926766772,541.0762798344324,3236134
2024-05-31,543.6717529296875,547.6649352822556,538.280993312397,543.6717529296875,5090602
2024-06-03,550.659912109375,555.4737156704699,549.1614935840541,550.2606303674904,1789977
2024-06-04,545.4688720703125,552.8562247374032,544.4705762289914,550.8596330547609,2589318
2024-06-05,505.7366638183594,545.2691840171184,504.53869665923287,541.076329425746,9306219
2024-06-06,494.75537109375,504.1393448856364,491.1615003638279,499.04803055704406,6085697
2024-06-07,492.05999755859375,499.3475752346847,482.875694406417,496.95164092357135,4132321
2024-06-10,487.6675109863281,495.0548940053917,484.1734755954333,488.1666588993131,3495521
2024-06-11,484.1734619140625,496.252847160084,482.7678719109711,491.16153249838914,5499379
2024-06-12,472.49334716796875,487.16830628533165,470.5965914128401,481.6776798825257,4932237
2024-06-13,464.20751953125,470.896113181691,463.10938812311616,468.9993269014743,3374456
2024-06-14,462.2109375,468.9993364908783,459.0403552802026,462.80992104991725,10923076
2024-06-17,473.69134521484375,474.8893123310142,463.6085517947122,465.50530767400755,7904440
2024-06-18,472.5931701660156,477.7343868395574,468.89949441882663,475.3884163573233,3179785
2024-06-19,470.19732666015625,471.4950990273426,466.8031269981864,471.4950990273426,1998836
2024-06-20,476.2869567871094,477.8842362424337,466.60347484248257,469.4985267183739,2597018
2024-06-21,468.20074462890625,470.6964842058194,460.1145423065935,460.1145423065935,15831751
2024-06-24,464.4071960449219,479.18196098919464,456.02148735515607,461.3124731204196,4849974
2024-06-25,455.82183837890625,467.2024036569228,455.82183837890625,462.51040151944017,3010514
2024-06-26,451.9284973144531,462.7100792068315,450.8054145979317,457.6187647988206,3569850
2024-06-27,444.3358459472656,454.8201748965831,440.940926477131,444.8350997067569,3318879
2024-06-28,436.54754638671875,448.3299241876929,436.54754638671875,446.23305207815423,2201713
2024-07-01,441.34033203125,445.1346484888598,433.8515254922582,440.6413645654647,2738196
2024-07-02,438.94390869140625,442.0392880752817,435.6847726127852,438.4446549350402,1968468
2024-07-03,435.24945068359375,441.7397499931992,432.8530385713769,440.1421317610435,2852037
2024-07-04,433.8515319824219,439.3433235265032,432.55348435172465,436.1480871665884,2065322
2024-07-05,442.83807373046875,442.83807373046875,431.15552385812447,435.8485212702359,6132031
2024-07-08,455.81866455078125,456.0183782355629,431.1555176097145,443.0377809975341,2668695
2024-07-09,440.3418273925781,461.61002591456327,440.1421136947437,457.31645565941216,4132343
2024-07-10,440.1421203613281,446.33287942357777,437.6458514607488,442.23899233222124,3533054
2024-07-11,444.6354064941406,444.6354064941406,435.7467145781575,442.2389944326094,2675583
2024-07-12,447.6308898925781,449.8276185314884,443.0717257159035,446.7322392573985,1596094
2024-07-15,445.9334716796875,450.32689874375683,435.14957200748273,445.63390113566334,1960137
2024-07-16,465.30450439453125,471.89466012199307,440.1421026976883,441.3403239106927,8465802
2024-07-17,459.3134460449219,466.5027121718285,458.8141922992209,463.4073328540762,3267413
2024-07-18,462.8082275390625,467.4013681462619,456.51764246035356,461.7098631915971,2408861
2024-07-19,457.4162902832031,462.20911407803254,456.51763963067646,461.1107497373752,1749630
2024-07-22,462.3089599609375,465.90359295784754,456.4177719651285,459.21358070048643,2387686
2024-07-23,463.3074951171875,464.60554272072903,459.1137512915382,460.1122588241184,5701087
2024-07-24,454.4207763671875,463.9065977637848,454.4207763671875,456.717331463867,1994533
2024-07-25,455.3194274902344,457.2165856770375,448.27295312108146,451.82465118274354,1617331
2024-07-26,465.2046203613281,467.6010321752583,454.72029201235796,456.218053205068,1737766
2024-07-29,465.2046203613281,473.19268005578164,463.30746227830133,467.40134896611465,2431596
2024-07-30,466.502685546875,467.9005898606484,462.50865580922033,464.2061001645064,959777
2024-07-31,467.4013671875,471.39539719043177,466.2031459978082,471.39539719043177,2066329
2024-08-01,458.414794921875,475.08985172778495,457.01689052976735,466.80225174655135,5507177
2024-08-02,453.7218017578125,460.7113542555359,449.5280885423968,453.12269116360153,2255686
2024-08-05,453.6219482421875,455.6189632561915,442.3388256018775,445.03480805959515,2482938
2024-08-06,454.5206298828125,458.6144862884598,452.82315493020445,454.4207730375948,3821273
2024-08-07,459.51318359375,465.3045151558035,446.9319824543584,456.8172010381547,2071588
2024-08-08,452.72332763671875,463.50722771150475,449.12869427845675,458.414832993303,1416083
2024-08-09,454.0213928222656,460.31197816587144,451.82466403483045,452.6234578818803,3124389
2024-08-12,443.93646240234375,465.1048041589991,443.93646240234375,465.0049777817198,2336240
2024-08-13,445.5340576171875,447.4312157682182,442.0392813755933,447.1316452357203,2646999
2024-08-14,445.4341735839844,450.42671076723457,445.4341735839844,448.3298390558638,4654250
2024-08-15,447.33135986328125,453.5221185502014,444.4356942085724,447.03181980218505,2272492
2024-08-16,447.4311828613281,448.36478486515716,441.73967835479425,447.13161235086255,2437831
2024-08-19,448.6294250488281,450.9260106715678,445.5340760557955,447.7307743582047,3569018
2024-08-20,439.0437927246094,449.9275191929505,436.50757495304754,448.4297578311045,3279383
2024-08-21,437.8455810546875,440.54156375398594,436.34781965997365,438.8440886511634,5469571
2024-08-22,438.3448181152344,442.73824527756375,437.4461674071267,438.54453181571716,3661577
2024-08-23,451.82464599609375,451.82464599609375,438.14508098927814,438.14508098927814,9365264
2024-08-27,444.2359924316406,452.3239094904456,443.33734175222486,450.8261482007422,1607684
2024-08-28,437.4461364746094,446.43270386429623,437.4461364746094,445.8335932772444,3051404
2024-08-29,443.7367248535156,449.4282297660073,438.9439010644925,439.24344112429503,3884386
2024-08-30,444.3358459472656,447.443200858787,444.1361322546566,445.43421031255275,4032561
2024-09-02,436.8470764160156,444.13616973082935,434.13713750698736,444.13616973082935,2362501
2024-09-03,446.4327087402344,446.4327087402344,436.04823684869416,436.84703065880086,2225473
2024-09-04,444.4356994628906,444.4356994628906,438.54451123944904,439.04376499519884,1690073
2024-09-05,439.44317626953125,445.33436468553896,439.44317626953125,442.7382389763738,1308608
2024-09-06,424.6652526855469,443.237499378738,420.4715392206537,438.24496158336575,2583759
2024-09-09,423.96630859375,430.3567507706479,420.37167534673495,426.9618312209239,2158901
2024-09-10,415.279296875,422.069166709535,413.6816786508722,422.069166709535,3048486
2024-09-11,419.2733154296875,425.3642175976757,415.87839584373694,416.4775064699711,3346053
2024-09-12,421.17047119140625,425.86346885173884,420.55140138770963,421.3701848896455,2917743
2024-09-13,425.86346435546875,428.5594468930734,417.4760071425224,419.7725622878658,1934607
2024-09-16,423.06768798828125,428.9588768129607,422.16900675858994,423.7666250344439,2131852
2024-09-17,425.16448974609375,433.6518036644749,423.7665853127666,427.56093217126164,8987342
2024-09-18,421.56988525390625,426.662249205585,419.7725534426981,423.3671865930833,5154131
2024-09-19,429.25836181640625,430.46057482347834,423.3671737478121,428.06017111731927,1906941
2024-09-20,420.2718200683594,427.36122974023226,418.1230237844883,426.16300849607296,6635982
2024-09-23,409.4879455566406,415.9782445239767,401.0046233585794,410.7859931612952,4160023
2024-09-24,410.3865966796875,415.17942065647696,410.3865966796875,413.7815162025827,2001320
2024-09-25,415.47900390625,416.2777977694665,407.2912296841346,407.2912296841346,2044025
2024-09-26,424.6652526855469,425.5639338663398,416.5773658346699,418.6742073311002,2467412
2024-09-27,426.56243896484375,427.2653678051716,419.77256931908454,424.3657101587385,7820943
2024-09-30,414.5803527832031,427.66077749465825,414.5723386386308,424.76511165331397,2402460
2024-10-01,409.9871826171875,415.67865704263914,406.29269270520365,413.9812125881839,2323028
2024-10-02,407.3910827636719,412.58333424261,404.9946707241744,411.28525613685935,2471018
2024-10-03,409.7874755859375,410.28672934042135,406.6920962137314,407.4909205041242,1912488
2024-10-04,413.9812316894531,415.5788498459725,408.6891234504845,411.2852491458246,1997241
2024-10-07,414.9797668457031,416.37767139867805,411.08559327954674,414.38065618813283,1699402
2024-10-08,406.093017578125,415.39908443715467,406.093017578125,412.48345956459315,5347214
2024-10-09,409.9871826171875,410.7859764225746,404.4594344111738,406.9916601389402,4612756
2024-10-10,409.8873291015625,410.9856934469107,402.0989827836947,409.58778904011785,3941854
2024-10-11,405.3940734863281,412.6512318693533,403.6965984282373,411.88437269239006,3054192
2024-10-14,407.69061279296875,408.3895802536091,403.2732347333417,406.19285149619515,1690985
2024-10-15,409.4879455566406,412.99868926825764,404.595264737209,410.18688254682706,4299786
2024-10-16,406.7919921875,411.28527641005417,406.5923089497179,410.78602260754815,1880917
2024-10-17,409.38812255859375,411.2852809345804,404.3955844786109,406.39259971060403,3683985
2024-10-18,404.9946594238281,412.575308586239,404.0960087430952,411.3851015081898,3658752
2024-10-21,405.0945129394531,410.2867337587814,404.3955454868362,404.79494240031823,1973072
2024-10-22,407.3910827636719,407.3910827636719,400.1019897951936,402.1988312847337,2290411
2024-10-23,406.6921081542969,410.6861383074332,405.2942036951055,406.4924249298591,2533163
2024-10-24,400.5013732910156,409.18837045185194,400.5013732910156,406.89181533936255,1747914
2024-10-25,401.4998779296875,403.99614671752187,396.69306738358233,399.8024029651477,1868034
2024-10-28,399.1034851074219,406.19286442687394,398.9037714060151,403.69659551945205,2230268
2024-10-29,395.10943603515625,400.8268727602601,394.9097223432625,400.10197361218866,3833111
2024-10-30,400.7010803222656,408.3896008896867,393.21227345998534,393.21227345998534,6278924
2024-10-31,387.0215148925781,400.2017956705977,384.02599237866036,397.5058436912902,4356862
2024-11-01,391.5148010253906,392.71299175496773,386.52226347207534,387.42091413726587,4148439
2024-11-04,392.6131896972656,396.20779258065267,390.5163177006013,391.41496842144807,1482288
2024-11-05,389.71746826171875,398.7040358355204,389.71746826171875,392.4134507226716,3441822
2024-11-06,382.5282287597656,394.6101755857062,382.2286582270051,390.81582880828694,3740776
2024-11-07,389.4179382324219,390.41544018930585,380.8058107522818,384.1258604914093,2798272
2024-11-08,382.6280822753906,391.7444300606452,381.5157312802977,391.5147928400935,2064440
2024-11-11,382.6280822753906,387.8203029390675,382.6280822753906,384.1258435100719,1998736
2024-11-12,380.0319519042969,382.92761749367617,376.8367157885494,379.233127639345,6539785
2024-11-13,379.2331237792969,381.6295660777301,376.4373150604976,380.83074182090917,7111589
2024-11-14,398.20477294921875,400.401501605693,381.42985938497435,384.32552499794116,22576504
2024-11-15,377.83526611328125,400.3016868973008,377.83526611328125,395.50886265219,7221118
2024-11-18,347.3807678222656,379.5327228685571,344.4851020444146,373.84121768944533,23651849
2024-11-19,345.48358154296875,351.674339990643,340.97731688344106,346.78162905359585,9115833
2024-11-20,329.60736083984375,347.4806405677434,329.60736083984375,344.5849746574189,11084043
2024-11-21,338.5484313964844,338.58838664759276,324.3673344687517,325.9652092668934,10900030
2024-11-22,345.83868408203125,355.0264410192924,339.347342685054,340.645629250605,5004215
2024-11-25,349.8333435058594,351.03175714349186,343.7414938658479,347.1369585365735,6378539
2024-11-26,344.2408142089844,348.23548554078843,342.44319382351836,348.23548554078843,6832134
2024-11-27,344.04107666015625,347.93587520620713,341.644279899273,344.24082242228167,12316222
2024-11-28,342.0437927246094,348.7348805686799,342.0437927246094,345.03979674847454,2268483
2024-11-29,346.4378967285156,346.4378967285156,339.72184884445716,341.44455710868425,3276431
2024-12-02,337.3500061035156,347.22084235807455,337.3500061035156,344.84001539068896,4511309
2024-12-03,344.2408142089844,345.2394820419354,337.4498546587633,338.64826824907396,9023600
2024-12-04,347.5364074707031,352.3300009002192,344.2308193665351,344.74014971630606,2908515
2024-12-05,351.6309509277344,352.03041196649605,344.2408150414111,344.2408150414111,12614799
2024-12-06,361.0184631347656,362.2168768629133,341.5444381523924,351.4312447403657,3535825
2024-12-09,362.6163024902344,365.9478569754919,360.11963286482234,363.0157635349155,2351677
2024-12-10,366.91058349609375,371.2048737888997,361.41790999921534,361.8173710672395,3314441
2024-12-11,370.2061767578125,370.2061767578125,360.01975270142714,363.1156290696951,4433089
2024-12-12,370.2061767578125,371.30468698923227,365.044056405537,371.00509883101296,2132061
2024-12-13,368.80804443359375,372.40325498023185,368.80804443359375,369.6069970422499,5080081
2024-12-16,362.8160095214844,371.20484365359545,361.0184196228454,367.50976050126445,3741009
2024-12-17,355.3260192871094,362.4155615874561,353.8280174680626,360.4192315672532,6758568
2024-12-18,356.32464599609375,359.95283207086567,353.9997445157717,355.625596847463,2964077
2024-12-19,354.527099609375,356.6243082658296,348.83468046713045,351.0317620075924,2799962
2024-12-20,362.2168273925781,363.71482910970724,351.1316085904384,351.93053064880473,29215147
2024-12-23,358.6216125488281,362.81599901651606,358.2221515247992,360.5190752706576,1659296
2024-12-24,366.4112243652344,367.3100193257628,356.025084925622,359.02108844533274,2648680
2024-12-27,359.52044677734375,366.51112213134763,357.4232380757574,365.5124542236328,1669011
2024-12-30,360.019775390625,363.5151130157767,356.9238988272484,357.52310565837377,1552980
2024-12-31,366.5111083984375,366.5111083984375,358.52176543607374,358.52176543607374,1024757
2025-01-02,356.32464599609375,367.60961001518257,356.32464599609375,366.91053038963037,2533990
2025-01-03,359.4205627441406,360.918564559254,353.85099614041104,357.0237659353443,2693103
2025-01-06,364.0144348144531,377.99578484847876,356.8240140347559,360.2195091388445,2840098
2025-01-07,359.3206787109375,364.2141755366634,359.3206787109375,362.31668224819464,2625161
2025-01-08,348.1356506347656,365.3127209489461,342.94256514621867,359.7202048559594,3931608
2025-01-09,318.4752197265625,323.76817842305627,299.2009394796934,307.58974460069004,38088867
2025-01-10,315.5790710449219,322.7534920626609,299.09705745278785,315.5790710449219,27207547
2025-01-13,320.3726806640625,323.0690964418291,315.37934068814553,315.37934068814553,4988887
2025-01-14,313.3819580078125,322.13928878743053,313.3819580078125,320.97183973579524,5484313
2025-01-15,321.5710754394531,326.26482693011644,314.38065410842137,318.07573766293734,5534157
2025-01-16,311.2300109863281,315.32646345708633,306.03450582959175,313.62792471592667,4298692
2025-01-17,313.228271484375,317.1248850314098,311.2300049996262,312.029299397075,3497020
2025-01-20,317.6244812011719,318.8234534000121,310.930306149181,312.72873395631177,2589681
2025-01-21,319.72265625,320.32214232869444,315.82604247517884,318.12403687052426,2071715
2025-01-22,318.3238830566406,320.5219580742936,315.4264025158853,319.52282475050697,4015437
2025-01-23,316.92510986328125,332.42664788652183,315.1266515440122,317.12491823800224,10454158
2025-01-24,315.72613525390625,321.22136862066725,313.4281407697126,317.92424079706257,2694029
2025-01-27,317.7243957519531,321.22136237186453,313.52802361160775,316.22569577199107,2051409
2025-01-28,321.720947265625,327.4160197087049,316.5254415108458,317.42468594269167,4579440
2025-01-29,319.9225158691406,323.71921046205824,319.1231908819634,321.521104861234,1818045
2025-01-30,320.62188720703125,325.0180678664965,318.1240538219794,320.62188720703125,5465746
2025-01-31,323.8191223144531,324.71833622423276,320.6218834228703,321.6210167650987,2711508
2025-02-03,318.7235107421875,320.521938418263,315.82603037912037,316.8251636416351,2184694
2025-02-04,316.2257080078125,319.6227553289437,315.72614132849526,318.22397472508146,2717476
2025-02-05,317.224853515625,319.8226064457903,312.56989443447645,316.62536737925893,1976082
2025-02-06,318.5237121582031,321.82087063597584,315.0267452973459,318.0241454637949,2920410
2025-02-07,313.7278747558594,322.72007498771524,313.32822751044745,319.323027665018,2965276
2025-02-10,316.5254211425781,318.2239599699525,312.82864618171755,315.5262878302706,2363217
2025-02-11,316.7252502441406,318.92335565995177,314.9268225338427,316.12576417699864,3201655
2025-02-12,316.7252502441406,321.22135001101327,311.82950326288267,317.32473631128255,3699251
2025-02-13,320.82171630859375,322.9199023863954,313.62794418216805,314.82691636694875,4129068
2025-02-14,315.0267333984375,324.6184196670122,314.92684445623377,321.72093904711204,3104441
2025-02-17,305.93463134765625,317.62447276581076,305.93463134765625,314.72699226854826,2246660
2025-02-18,299.4402770996094,308.13271894726523,299.4402770996094,306.83385778911565,3858737
2025-02-19,290.34814453125,302.5375525575738,290.34814453125,298.9406970524764,2946657
2025-02-20,289.4489440917969,296.243038684742,288.7495385493775,289.7486719007594,2741170
2025-02-21,290.6478576660156,295.64352393903454,290.2482104623995,290.74777708970146,2835321
2025-02-24,284.55316162109375,296.7426005049545,254.37935319775931,289.7486671597199,14603462
2025-02-25,283.054443359375,286.35160144697153,275.9665977921642,283.054443359375,11167733
2025-02-26,285.35247802734375,288.84944459510257,281.85551145958493,282.954564193392,3771347
2025-02-27,280.5566101074219,285.55227645898657,280.25688232277906,282.7547154985614,2383398
2025-02-28,277.4593200683594,281.3559337061816,274.66172862985377,278.45845333401263,4810327
2025-03-03,267.4679870605469,277.5592086374894,267.4679870605469,274.6617282691259,3809636
2025-03-04,255.67820739746094,266.3689459886129,255.67820739746094,264.87024602673904,3248276
2025-03-05,260.3741455078125,265.56962040166115,255.41843760455487,255.7781262043523,3303436
2025-03-06,265.2698669433594,266.36891957129336,259.5738197405754,260.8736869227492,4824472
2025-03-07,268.66693115234375,270.36546991378543,261.2733510264926,264.7703174838262,2771575
2025-03-10,273.9623718261719,275.2612329612979,268.4671385002657,269.86591906681593,4287259
2025-03-11,271.0648498535156,279.1578356148623,270.06571656177226,274.86157465681725,2206333
2025-03-12,269.5661315917969,274.0622310990138,267.56786514414495,270.26553704492557,1815876
2025-03-13,267.26812744140625,271.56438794775266,265.76942766136096,269.566121574359,2211465
2025-03-14,264.4706115722656,271.66435344194656,263.3166137655449,266.66868666114163,2680983
2025-03-17,274.96148681640625,274.96148681640625,263.9710208977307,264.77031531354703,3558275
2025-03-18,275.26123046875,278.8581165295439,272.5635583003723,275.4610693297888,4253158
2025-03-19,269.16650390625,276.46019526340916,268.96669554168096,274.5618176076686,5938462
2025-03-20,273.36285400390625,275.16128159630904,269.965807167631,269.965807167631,2535053
2025-03-21,263.97100830078125,273.96234047732673,263.37152227196333,272.46364065084487,7514440
2025-03-24,262.3724060058594,266.4688585611349,260.97362550899476,265.46972527892757,9710925
2025-03-25,262.4723205566406,264.870234291169,261.37326786840293,262.17256228286993,3258386
2025-03-26,260.27423095703125,264.5704920546879,258.6756115400674,263.47146979095896,2402858
2025-03-27,260.8736877441406,265.07002893974794,258.275935294788,261.5730626978456,3397205
2025-03-28,269.66607666015625,269.66607666015625,259.87458233185004,260.0743907009431,3073053
2025-03-31,260.1742858886719,269.56613211255427,260.1742858886719,267.567865661042,3493415
2025-04-01,273.4627685546875,273.4627685546875,260.27419814147174,262.17254511990234,3501154
2025-04-02,280.8563537597656,281.25600094885675,271.26466876594884,272.9632074334936,5247259
2025-04-03,283.55401611328125,292.54621574255395,276.75992192317096,277.0596497143621,13313150
2025-04-04,276.3602600097656,290.74777255335584,273.1630214484671,284.752973119266,4761287
2025-04-07,270.6651916503906,283.4541155603577,260.2742119361923,268.267277945749,5330834
2025-04-08,277.3594055175781,281.8555052920273,270.6652003236137,275.76078616621504,6653491
2025-04-09,284.653076171875,286.55142337766176,270.7651291512717,271.8641818991891,4819590
2025-04-10,283.6539306640625,296.8425020900388,278.5583448635204,293.54534398798086,8099333
2025-04-11,285.7521057128906,288.949344266968,280.1569534888185,286.2516723312698,3166154
2025-04-14,298.9407043457031,300.4883426025125,289.0492599919788,290.54795998604254,5271635
2025-04-15,313.0284729003906,322.620159359069,302.73741137677433,319.8225981170561,6672081
2025-04-16,313.8277893066406,315.42640875454333,306.5340976040626,311.4298753803515,5688349
2025-04-17,322.5202331542969,323.1197192624685,312.02933298024834,312.1292524134653,5038606
2025-04-22,325.8173828125,328.9147022128241,322.7200634121759,323.819116165985,3099217
2025-04-23,331.5124206542969,335.60887333084713,328.2152929218531,329.11450680423513,12200159
2025-04-24,325.8173828125,332.91123550585417,325.8173828125,329.4142688744529,2815801
2025-04-25,327.6158142089844,331.5124281144124,324.9181725011325,326.11711420757905,2403833
2025-04-28,330.61322021484375,332.911245220069,327.2161729148696,327.5159007241411,4477523
2025-04-29,334.7096862792969,337.00768088416487,327.4160247150364,329.71401931990437,3219931
2025-04-30,336.10845947265625,337.3074317127621,330.2135786895857,333.9103843539698,3982242
2025-05-01,342.902587890625,343.7018823974224,334.70968198586195,338.70621550211104,2516004
2025-05-02,341.7035827636719,346.8990880313836,335.40905527763437,344.0015771179705,7163742
2025-05-06,339.00592041015625,349.69665904012004,335.50895381975505,344.90083134116423,6368641
2025-05-07,333.1110534667969,340.80439247383885,332.81132565764153,338.2066396603487,4753584
2025-05-08,336.70794677734375,340.40475245473425,330.11366041582244,332.61149384888876,4825767
2025-05-09,335.0093994140625,337.9069105163924,329.8139242987355,336.10845219517415,4180091
2025-05-12,326.5167541503906,340.30481215004477,323.3195458468125,336.3082789022254,5495856
2025-05-13,336.008544921875,337.0076783061103,324.7183498764687,326.6166972082895,3370438
2025-05-14,339.60540771484375,339.9051660040605,332.731365628161,335.908632743536,12969112
2025-05-15,335.6088562011719,342.40298066922105,334.57975016220314,340.20487529903187,19027072
2025-05-16,344.0015869140625,345.8000451692363,335.90863148473164,337.50722039004756,3766207
2025-05-19,341.1040954589844,344.201414723078,336.00850963626624,342.8026342302664,5708163
2025-05-20,344.201416015625,344.201416015625,337.5821580153245,341.2040161664323,3202624
2025-05-21,337.6071472167969,344.4012721777728,334.8095860800671,343.00246111827835,3657903
2025-05-22,337.4073486328125,338.0068042572662,332.21184295259053,335.9086485894174,3773101
2025-05-23,335.70880126953125,339.9051734818523,330.51329572009854,338.1067151803734,3552025
2025-05-27,342.0033264160156,342.8026513741171,334.709665308725,339.9051708174316,5185218
2025-05-28,338.3065490722656,343.1023768234672,335.60887690525897,343.1023768234672,5229787
2025-05-29,338.0068054199219,342.90258330475723,335.4090830620058,339.2057776552143,2371353
2025-05-30,341.6036682128906,344.30134031176965,337.007648947566,338.50634889335913,4208421
2025-06-02,338.4064636230469,344.20142461311514,336.60800537393243,338.5063525609459,2962650
2025-06-03,331.7122497558594,339.805235441502,328.2152832674693,339.805235441502,5231277
2025-06-04,283.054443359375,334.7096456449055,281.3559350940625,325.6175267843855,20101190
2025-06-05,281.9554443359375,289.748672290754,274.5618331328555,279.957177630484,14397104
2025-06-06,288.24993896484375,294.44457723263594,281.2560063036517,281.35592572560836,18029449
2025-06-09,276.7599182128906,290.0483786237732,276.5341009197266,288.05011206627944,6081776
2025-06-10,265.4697265625,278.95802593751563,260.6269121526973,275.96062607640107,17632814
2025-06-11,262.2724914550781,271.56441895589234,262.2724914550781,265.86937743611634,8379101
2025-06-12,261.1734313964844,265.9692894003217,255.77811782190412,261.772917458355,6784667
2025-06-13,260.47406005859375,265.46972649246686,255.1786353440114,257.17690191756066,6730566
2025-06-17,264.17083740234375,265.2698901263282,255.17863773704448,255.77812381295678,10723974
2025-06-18,269.86590576171875,272.46365839502425,265.07004770997133,266.2690198456902,8665434
2025-06-19,272.76336669921875,274.861552541284,267.7677006424565,270.76510027651386,5687718
2025-06-20,263.6712646484375,275.16129728802304,263.6682765179213,273.36286959306074,18158033
2025-06-23,267.7677307128906,268.966702897609,262.87198352569425,263.7711974186684,11197324
2025-06-24,276.2603454589844,276.95975093507826,268.467118253699,269.46625151033186,7804505
2025-06-25,276.6600036621094,284.3533422404841,275.56095093789463,276.2603564417936,17268881
2025-06-26,267.2618408203125,269.36076194884754,264.8630868884772,267.2618408203125,4619886
2025-06-27,271.0599060058594,272.0593893900966,265.3628385149823,268.6611214822402,7192398
2025-06-30,271.2597961425781,272.95893017017534,266.8620751616257,270.86000887191216,11948006
2025-07-01,287.3514709472656,288.7507415749942,270.26029909664845,270.26029909664845,9056300
2025-07-02,273.0588684082031,288.78374194907275,273.0588684082031,288.75073898873177,12733669
2025-07-03,278.1562194824219,280.9547913182305,273.05887851705927,274.6580275640208,6570256
2025-07-04,273.85845947265625,277.6564843011136,271.2597964575895,277.6564843011136,2867291
2025-07-07,270.460205078125,276.4571052771885,269.5606761486278,274.4581385441673,2861176
2025-07-08,269.36077880859375,278.6549862564191,265.262890730067,269.66061163066104,5072350
2025-07-09,263.1639709472656,271.95944329963464,262.1644875323473,269.96047646979804,5591293
2025-07-10,264.36334228515625,265.7626128547344,261.4648467120706,263.7636461833911,3784806
2025-07-11,259.7657165527344,268.1613705919874,259.10605388154727,263.6636955171935,4522284
2025-07-14,257.5668640136719,264.3633383955168,256.16756296287116,259.06608899512094,4997340
2025-07-15,234.17897033691406,244.07385017824427,220.68594405278733,240.37576454314646,23417026
2025-07-16,228.18206787109375,235.77813271371198,226.9826908170916,232.0800471093275,9426311
2025-07-17,232.37989807128906,232.37989807128906,224.2840761671524,229.38144777359503,5770149
2025-07-18,236.57772827148438,238.97649768891495,232.87964257688267,232.9795970216991,7583137
2025-07-21,240.1758575439453,240.1758575439453,236.57771130135424,238.39478049167982,3855816
2025-07-22,240.67559814453125,244.77347080414899,238.27682890999088,241.0753853915017,3469707
2025-07-23,235.77813720703125,242.17484036845852,235.27839548743103,241.97494673079981,14645509
2025-07-24,233.1794891357422,239.3762834011651,233.1794891357422,236.7776203620005,4548759
2025-07-25,231.48036193847656,233.67922237207702,228.58185092294772,232.67973897035807,14311183
2025-07-28,226.8827362060547,234.47881629393285,225.7832983443411,234.37886185162918,5575965
2025-07-29,226.78277587890625,228.98165154527425,218.18722784557292,226.2830341821692,9176038
2025-07-30,226.78277587890625,229.9811349387483,225.28355078869512,227.08262394712972,3186285
2025-07-31,224.28407287597656,230.88066953446685,224.08417924257827,226.68284222947605,4124974
2025-08-01,219.1867218017578,224.48398709262938,217.8274237110916,223.48450365098972,5907135
2025-08-04,216.4881134033203,221.58546966018673,216.2882045199515,220.6859406886534,5363982
2025-08-05,218.6869659423828,219.88634294462685,216.28819668698873,217.38763450207426,6303614
2025-08-06,222.78485107421875,225.98321025995395,218.4870845138375,220.38609693582424,6391585
2025-08-07,222.2851104736328,224.9837279565067,221.08573339841493,224.88377351236065,3539180
2025-08-08,224.9837188720703,225.58339976001173,221.3855725407964,222.98475207711957,3794966
2025-08-11,222.88479614257812,226.5828816382603,222.5849480751647,225.38350461951285,4658160
2025-08-12,222.98475646972656,225.08366249522768,221.28562245982187,223.4844981783087,3930603
2025-08-13,227.6823272705078,228.58185625266614,223.68439357041427,224.28407447488425,4260327
2025-08-14,225.48345947265625,229.481393043087,225.48345947265625,227.98216795417545,2804246
2025-08-15,223.98423767089844,228.681806634914,223.58443515744418,227.382475155274,3034337
2025-08-18,223.2845916748047,226.2830419582671,223.2845916748047,223.88428783185987,2277872
2025-08-19,233.5792694091797,238.57668644938852,223.6843897699288,224.18413147394966,7161037
2025-08-20,234.87860107421875,235.67819085146124,230.18103210291568,233.37937596097908,3008033
2025-08-21,236.6776885986328,238.17691380269815,233.17949645581365,235.07850894726678,2156070
2025-08-22,240.37574768066406,241.0753829813206,235.9780270043323,235.9780270043323,2675404
2025-08-26,242.17483520507812,244.47365011640787,238.57668880030926,241.1753517871875,3377641
2025-08-27,242.9744110107422,244.57357523681992,240.57564179526696,241.7750187775517,2264399
2025-08-28,243.2742462158203,245.5730610175513,242.17482365910092,243.57409427707321,2147084
2025-08-29,240.57565307617188,245.57307011244845,239.77606330018634,243.8739513702957,2762881
2025-09-01,238.27682495117188,243.37419614533795,238.27682495117188,242.6745608493107,2039504
2025-09-02,227.28253173828125,236.97753345982872,223.98424853501615,235.37835383025813,6620628
2025-09-03,230.58082580566406,230.88067388686736,224.98372771046598,228.08211721381485,3020184
2025-09-04,233.47933959960938,237.87706067132137,230.88067653392957,231.0805701733879,2262411
2025-09-05,239.87600708007812,240.8754904429118,234.27889414784732,234.87859026590985,2222470
2025-09-08,246.87240600585938,248.6714792212656,240.3757637425473,240.3757637425473,2591957
2025-09-09,242.57461547851562,250.7673870411397,241.8749801563438,246.57254903481882,2465791
2025-09-10,237.9770050048828,244.9733888449989,236.87756715821627,243.17431566450205,2141121
2025-09-11,242.0748748779297,244.97338586989179,237.77709323530055,237.8770476750223,5142827
2025-09-12,241.9749298095703,244.3736837955446,240.26681309744652,241.67508174859705,2079462
2025-09-15,243.97390747070312,248.47158283394168,241.97494064259712,242.4746823496236,4073570
2025-09-16,246.67250061035156,253.2690817511253,244.0738377285611,248.77140655249983,3589706
2025-09-17,251.76986694335938,252.56945672809798,246.7724498523764,247.67199407929732,2281100
2025-09-18,253.36904907226562,255.86775764299801,247.57204213798508,250.7703860583412,3491688
2025-09-19,249.870849609375,256.26753725901244,248.57151814122497,254.8682666015625,13044715
2025-09-22,246.272705078125,252.4695143945426,245.17328248233633,249.87085143921223,1874335
2025-09-23,257.9666748046875,260.46538333533766,247.17225090209737,247.17225090209737,3920948
2025-09-24,263.96356201171875,265.7526457702545,257.16705684884755,258.86619076501825,4011348
2025-09-25,261.3648986816406,265.0629993149544,260.26546088510315,263.4638198383373,2836290
2025-09-26,263.1639709472656,265.46280110266565,260.66526240996984,261.36491300113795,3379295
2025-09-29,258.9661560058594,268.4612483412597,256.66732587620106,263.8636185837559,3488824
2025-09-30,261.5648193359375,262.764181121064,254.86826832051642,258.76624750034995,4925847
2025-10-01,262.8641357421875,265.562753138745,258.4664148567492,259.66577664269806,4403350
2025-10-02,258.9661560058594,269.1608684227804,256.9671891984067,264.76314754674706,6290689
2025-10-03,259.06610107421875,261.16499174466105,256.2675293439427,260.8651589351155,5152850
2025-10-06,256.0676574707031,259.46589490632005,254.6683715700502,258.3664570737289,3803323
2025-10-07,236.07798767089844,245.3731867994289,200.0965834966441,204.89410710339277,25886307
2025-10-08,234.87860107421875,238.8765347095246,231.0805610704969,233.57926959256307,7253516
2025-10-09,230.58082580566406,239.67613118035797,228.98166145742474,235.2783949081592,6979422
2025-10-10,228.18206787109375,233.77916587340613,227.58237171863934,231.48036620777975,7493160
2025-10-13,229.281494140625,230.7807192947727,225.08366675919282,228.58185878553746,3621923
2025-10-14,222.5849609375,230.38093488621718,222.5849609375,228.38196798915675,6161036
2025-10-15,221.3855743408203,226.08314329696793,220.3860909352184,222.58495137736128,4995636
2025-10-16,218.7869110107422,222.58495099569825,218.38712374954952,222.38505736510191,5854634
2025-10-17,216.98785400390625,218.8868663789777,214.0893429698051,216.88789956273132,7134252
2025-10-20,167.6133575439453,192.10070002788152,161.96628262250198,173.61025774409296,49599490
2025-10-21,171.91114807128906,176.8086107241201,165.91424755717432,165.91424755717432,18199441
2025-10-22,179.50723266601562,179.50723266601562,170.91166894613937,174.80964827788148,19204753
2025-10-23,180.10690307617188,184.85444915885876,177.9080426775297,180.65662198855895,11298795
2025-10-24,182.1058807373047,184.60458935129324,178.25787862230655,180.05693662365266,6919443
2025-10-27,185.154296875,185.80395497419894,181.40623418522267,182.30576313040677,19794875
2025-10-28,189.20220947265625,189.45208032107473,182.40571934549226,185.45414674637902,7462757
2025-10-29,186.70350646972656,191.30112106506,183.45518534492183,189.8518731518669,8200318
2025-10-30,181.90597534179688,188.0028300662525,180.95646918002916,186.70349862077273,6881335
2025-10-31,179.55718994140625,184.40469061901678,178.25787369874553,180.30680250489817,6929149
2025-11-03,171.41140747070312,183.6550794328962,169.46241784118845,179.20738123966865,10191968
2025-11-04,171.41140747070312,176.70867267595577,171.3114530277919,172.5108453390995,5593871
2025-11-05,168.31298828125,171.76121800345038,167.11361132396115,169.9121677249054,12153625
2025-11-06,164.81480407714844,169.91217544073288,163.91527513105996,167.9631858902704,12343890
2025-11-07,163.6154327392578,167.86323727258167,162.21616205217262,165.66437679963065,4659689
2025-11-10,163.41554260253906,167.53042032137307,162.81584643757978,163.865307100805,7125806
2025-11-11,164.4650115966797,165.86528894450103,162.21617374052886,165.31456341401423,11667839
2025-11-12,163.915283203125,165.17962913730796,161.41657461771152,164.76485022252834,7629515
2025-11-13,165.01470947265625,168.26303040518172,155.06783993292188,157.36865258862971,11088044
2025-11-14,163.915283203125,166.51993983872688,159.51756219316002,165.16463749583173,8170002
2025-11-17,158.86788940429688,166.9637113516636,156.86892252849344,164.91476725378368,13752418
2025-11-18,156.46913146972656,159.03779591254312,153.9204457145319,156.01936698372904,13112706
2025-11-19,165.7643280029297,166.01419885294862,155.61956234161676,156.56906852150746,18239739
2025-11-20,164.94956970214844,167.29885755410191,160.3009970212835,164.69964611169064,6503756
2025-11-21,168.09860229492188,171.44758453768728,164.99955889890256,164.99955889890256,7489605
2025-11-24,164.04986572265625,168.29856714489435,162.60029656353242,167.14890937228327,9422639
2025-11-25,166.9989471435547,167.84867820346383,161.40065258384232,164.04985181022204,6505354
2025-11-26,169.19827270507812,169.33122766355777,163.949877244507,167.24887172769112,6164375
2025-11-27,170.8977508544922,172.49726796081345,168.94834986837452,169.9480442462939,3295839
2025-11-28,168.84837341308594,172.29733120150087,168.5484773046373,172.09738012370104,1995377
2025-12-01,165.19949340820312,169.44419786810266,163.99986322399133,167.2988576711678,2814419
2025-12-02,161.70057678222656,168.94836152207907,160.6508945621812,168.94836152207907,3653872
2025-12-03,163.0501708984375,163.59999064264213,158.5515458733882,161.60060174262023,6547196
2025-12-04,166.14920043945312,168.19857693886468,162.3003862860465,165.79931656412094,3038218
2025-12-05,166.69903564453125,171.09768475629,163.84990059783212,166.54908759117887,3427113
2025-12-08,160.75086975097656,167.0989203220451,160.75086975097656,166.6990486458347,3084586
2025-12-09,158.951416015625,163.5000287700421,158.75148017838035,160.95080489632468,3407728
2025-12-10,156.2522430419922,159.8011613325401,155.45248444418715,155.45248444418715,3616524
2025-12-11,155.2025604248047,158.95141454134588,154.50277737387563,158.95141454134588,5655202
2025-12-12,156.8020782470703,158.65150379952922,154.9526374404849,154.9526374404849,3454368
2025-12-15,163.6499786376953,165.29948363492434,156.75209302492456,157.95172331573772,5978054
2025-12-16,169.5481719970703,170.84077609095,162.5503113763867,162.5503113763867,4712899
2025-12-17,171.49757385253906,171.74749744741186,167.09890943030243,169.448197323757,4318975
2025-12-18,167.64874267578125,172.74719006070927,165.59936616795233,171.0477126837751,6609263
2025-12-19,162.8002471923828,167.34884473401746,162.350372486835,167.09892112165832,7789251
2025-12-22,160.50094604492188,163.15013022003458,159.30131576287323,162.80024631708898,3673861
2025-12-23,162.20042419433594,164.94958392644332,160.35098336381301,160.5009466834949,3473536
2025-12-24,160.8008575439453,163.20011810975817,156.95202782990526,157.15196366803522,1515513
2025-12-29,166.94895935058594,168.0566224180926,160.95079314637326,161.50062809925117,3944573
2025-12-30,169.6981201171875,171.19766167934233,166.04924175092768,167.24887194982642,5182819
2025-12-31,168.7484130859375,171.7974839721127,167.0989082192564,168.99833667899898,1997145
2026-01-02,164.8995819091797,169.27025493297643,163.0001687236276,168.7484113033186,4574315
2026-01-05,164.9995574951172,167.4987934000595,159.2013271448259,165.9492640881702,11816559
2026-01-06,160.75086975097656,166.79902419195062,160.1510469825343,166.0492533584611,7097759
2026-01-07,165.14950561523438,165.14950561523438,158.45155643807763,160.70086875344467,6197070
2026-01-08,170.44789123535156,171.4475856120985,163.30008254326125,164.79962410838166,10047748
2026-01-09,173.14706420898438,176.6959823220054,168.64843948225723,173.79687471087595,5413191
2026-01-12,166.09921264648438,174.5966147491575,163.49301480632843,173.44697233103426,6101164
2026-01-13,165.04954528808594,169.14828302031322,164.59767233140326,168.998334967645,5475318
2026-01-14,166.94895935058594,167.9486537179547,162.70025828926862,165.39943003033923,5064967
2026-01-15,170.69781494140625,171.54756126384828,165.29947140508523,167.39882044515423,3948175
2026-01-16,167.7987060546875,171.9474315872649,166.14920119221807,171.9474315872649,4740909
2026-01-19,170.54786682128906,170.9367402458706,165.74933076076718,166.54908931320844,10082755
2026-01-20,166.7490234375,171.94743109417317,166.7490234375,171.59753196413368,6615569
2026-01-21,173.04710388183594,174.9965048787945,163.00017227704853,165.7993196016144,7365319
2026-01-22,174.0467987060547,178.66338359762736,163.9498793056997,166.44911527072563,11168902
2026-01-23,161.55062866210938,175.5963234326598,161.55062866210938,175.19645175569548,11120642
2026-01-26,168.8983612060547,171.74749626971797,159.7011760286271,162.7502469159925,9509966
2026-01-27,170.14797973632812,170.69781469392726,167.0989088388472,168.84837399676448,3745177
2026-01-28,176.0461883544922,176.74597137735805,169.39821150195198,170.14798229519235,7620286
2026-01-29,177.8456268310547,179.24520813701974,173.94682479084136,176.64599660746026,7534090
2026-01-30,176.29611206054688,179.24520746494568,174.74658270273963,177.89561393463353,5686858
2026-02-02,177.89561462402344,178.545425133558,172.94713041724538,176.19613720254043,6372776
2026-02-03,174.94651794433594,179.59509074806368,172.94712916782925,178.39546053298483,6995320
2026-02-04,183.04405212402344,184.45061983681887,174.39668634624178,176.2461271018594,7782840
2026-02-05,175.8462371826172,184.8434866968776,175.24642970080865,184.54359058303623,6048130
2026-02-06,173.9468231201172,175.49635246885143,168.8483756511531,175.39637692862635,6841881
2026-02-09,171.697509765625,175.43236040327224,168.89836245078968,173.9468221206332,17745773
2026-02-10,172.94712829589844,176.09615950136998,171.74749808686764,173.79687462328002,5317754
2026-02-11,182.44422912597656,182.94407632906143,175.79626742659826,177.4457570951279,6224944
2026-02-12,178.8953094482422,185.29336274709402,177.69567922162184,184.9434636061887,11727942
2026-02-13,180.84471130371094,181.3445585049419,176.3460864926323,179.54512078381126,5144187
2026-02-16,178.69537353515625,182.944074724104,178.69537353515625,182.944074724104,3166058
2026-02-17,181.19461059570312,183.94377020474138,178.59539904550746,179.29519733110894,4768473
2026-02-18,186.79290771484375,186.79290771484375,179.64508348859584,182.14431952837631,7522090
2026-02-19,187.3427276611328,188.89225705844854,183.74383691208232,186.94285599594707,3267125
2026-02-20,185.99314880371094,190.19186229232199,184.59356747142314,187.34272711033975,5704308
2026-02-23,188.34242248535156,189.5420679917545,181.84440876021614,186.84288085647415,5790216
2026-02-24,194.9904022216797,195.7401730464843,186.19308815981353,186.64294760387102,6181833
2026-02-25,190.34181213378906,196.140042840946,188.79229798065668,195.9401070070702,8800184
2026-02-26,189.9419403076172,193.2909227252178,185.64325123930374,190.59173558070324,7385854
2026-02-27,190.94163513183594,192.39118899693298,187.09280549480545,190.34181237532098,6451928
2026-03-02,189.781982421875,190.86165421112221,183.94377075035402,190.9416315941175,2656221
2026-03-03,185.9431610107422,193.94071632303218,182.48421162636126,193.94071632303218,6830004
2026-03-04,187.8225860595703,188.36241431601266,183.00405179869722,188.36241431601266,5509707
2026-03-05,188.62232971191406,191.62141287442034,185.52328626313306,190.9416280128993,5087399
2026-03-06,179.90501403808594,188.38241842511448,179.02527806959552,188.30244104124026,6430442
2026-03-09,174.94651794433594,178.44544830322266,139.95721435546875,177.44575391496932,6941850
2026-03-10,178.44544982910156,180.9446858211058,175.94621383709736,178.44544982910156,8960562
2026-03-11,180.44483947753906,182.44422828061428,177.94560347369503,181.4445338790767,5443460
2026-03-12,178.44544982910156,183.44392181311002,177.44575543229988,179.44514422590325,9755603
2026-03-13,178.94529724121094,180.4448388382043,173.44697805223518,178.94529724121094,12779287
2026-03-16,179.9449920654297,182.94407526652017,178.9452976650662,180.94468646579318,7458795
2026-03-17,176.94590759277344,181.944379558671,174.44667160982465,180.4448379689017,12573604
2026-03-18,175.4463653564453,181.94437888816552,174.4466709669499,179.44514291442698,9548619
2026-03-19,166.44911193847656,174.4466668664514,164.44972320648284,174.4466668664514,11003428
2026-03-20,166.44911193847656,171.44758376846085,165.44941757247972,167.94865348747186,88895503
2026-03-23,163.45004272460938,168.44851497918458,154.452792666374,161.4506538227793,14463294
2026-03-24,156.45217895507812,166.44912329725565,156.45217895507812,164.44973442882014,13405419
2026-03-25,157.95172119140625,160.45095728620697,154.81268126650158,156.4521795345258,7669568
2026-03-26,156.9520263671875,161.45065132675657,156.4521791494576,156.9520263671875,5063620
2026-03-27,158.45156860351562,158.45156860351562,153.9529436273906,157.9517213839462,5825795
2026-03-30,161.45065307617188,161.45065307617188,154.9526391752733,158.4515697372956,5591458
2026-03-31,168.44850158691406,169.44819595834974,161.95048817258206,163.4500297297356,5456955
2026-04-01,173.4469757080078,176.9459060537025,169.44819817007104,175.94621166921831,7556163
2026-04-02,183.9437713623047,186.44300738624906,170.94774403779405,171.94743844737178,11253790
2026-04-07,178.44544982910156,184.94346340831257,177.44575543229988,184.94346340831257,6841357
2026-04-08,184.94346618652344,190.9416326574377,184.4436189806139,185.94316059834247,12092998
2026-04-09,182.94407653808594,185.67824135224916,180.34486497742444,184.44361814905386,4909093
2026-04-10,174.44667053222656,183.94376720876613,172.94712895172032,182.94407282176195,8780512
2026-04-13,172.44728088378906,176.4460584115291,170.44789211991903,173.94682245669156,6749255
2026-04-14,172.94712829589844,177.4457530203582,171.94743391268514,175.44636425393165,5298476
2026-04-15,173.3470001220703,175.53233668322912,168.24856791502455,174.04679839432478,5486599
2026-04-16,173.74688720703125,179.9449893447474,172.94712864800724,174.9465174185044,4543463
2026-04-17,180.54481506347656,182.54420386704052,173.5469542510027,179.0452734608036,6186148
2026-04-20,176.94590759277344,180.28189339633178,176.04618874056223,179.3451680347539,3976613
2026-04-21,176.54603576660156,182.14431521052313,176.53203247906413,179.04527174713598,4197167
2026-04-22,173.24703979492188,178.125538015949,172.74719260293082,176.0461871208969,3820097
2026-04-23,173.9468231201172,174.04679866034226,170.74780413654938,170.94773996287378,3832143
2026-04-24,176.14614868164062,176.8459317046675,169.94804650691933,173.54695241695148,4013093
2026-04-27,174.6466064453125,179.24520672945985,172.3473063032388,179.24520672945985,4413823
2026-04-28,173.9468231201172,175.9462118916128,172.24234236192208,173.74688729379278,2198450
2026-04-29,163.94989013671875,173.98481743290975,163.69197336127755,171.84747020628802,7229631
2026-04-30,167.3488311767578,168.84837272943173,162.95018205723122,164.04985196417562,6416242
2026-05-01,172.14736938476562,172.1613726721482,165.94926727240457,165.94926727240457,2350217
2026-05-05,168.34852600097656,174.74657912884862,166.6490486208369,170.94773746763173,11239885
2026-05-06,174.34669494628906,177.04588199379518,168.14859279930903,168.64843999268044,7014880
2026-05-07,173.24703979492188,176.0461871208969,170.34791692889837,175.84623604079988,5144500
2026-05-08,173.8468475341797,174.74658163359157,170.34791718498244,171.84745876320983,3966114
2026-05-11,167.4488067626953,174.34669180529943,167.4488067626953,174.34669180529943,6641588
2026-05-12,164.1498260498047,165.94927911513147,157.55185181577554,165.94927911513147,9985936
2026-05-13,163.25010681152344,164.74964848721876,159.25132900966923,163.94988987602258,7140101
2026-05-14,161.25071716308594,164.64967217725479,158.9514168868533,162.45034744725572,7780144
2026-05-15,157.35189819335938,161.1507401026411,154.252854592884,160.850828720885,9198885
2026-05-18,161.35067749023438,163.94988915160565,155.35251081395612,156.45218080625781,7162199
2026-05-19,163.7499542236328,167.2368798064851,161.95050115991947,162.25041254622616,5880896
2026-05-20,164.34976196289062,165.4494319627834,157.25194049944065,161.8505258305223,6575704
2026-05-21,170.0480194091797,172.9471269970758,163.1501190643354,165.7493305428203,9979037
2026-05-22,169.8480682373047,173.04710244110342,167.29085136801945,168.64843803794295,4716114
2026-05-26,171.9474334716797,174.94651661362758,171.49257069798918,171.9474334716797,6142922
2026-05-27,179.3451690673828,179.64508043788865,171.9474366169103,173.64691404427552,5924389
2026-05-28,175.14645385742188,179.94498997422642,172.54725759915854,179.94498997422642,4410411
2026-05-29,170.94773864746094,173.74688595684097,169.0853014313616,170.94773864746094,10273848
2026-06-01,168.34852600097656,175.84623378464462,168.34852600097656,171.3476091144438,5080613
2026-06-02,170.44789123535156,175.0464914700377,168.94834967023115,168.94834967023115,5682260
2026-06-03,195.3402862548828,199.83891120679888,175.74628450567982,177.74567337319806,20180265
2026-06-04,208.13636779785156,214.734356837068,197.03575744753263,199.3390541636049,15309500
2026-06-05,207.33660888671875,211.73527332342186,206.13697867820906,209.9358203835945,7812238
2026-06-08,204.73741149902344,210.73557776215424,203.5377812972224,208.7361890077773,8876456
2026-06-09,202.73802185058594,207.13667098916721,201.53839165407518,204.33752369455843,5047269
2026-06-10,199.5390167236328,204.13760200432878,197.23971645622154,203.33784339990834,4798857
2026-06-11,197.8000030517578,199.2220001220703,190.6999969482422,195.39999389648438,9786946
2026-06-12,200.60000610351562,203.8000030517578,197.89999389648438,200.8000030517578,7837270
2026-06-15,192.0,201.1999969482422,191.39999389648438,200.39999389648438,4640435
2026-06-16,188.0,193.26800537109375,187.10000610351562,192.3000030517578,8903296
2026-06-17,186.60000610351562,191.0,182.8000030517578,191.0,8217140
2026-06-18,186.8000030517578,187.39999389648438,182.6999969482422,186.1999969482422,4323727
2026-06-19,187.10000610351562,187.11300659179688,182.1999969482422,185.3000030517578,14363172
2026-06-22,186.10000610351562,188.1999969482422,183.0,184.3000030517578,4133955
2026-06-23,186.6999969482422,187.8000030517578,184.0,184.89999389648438,4169088
2026-06-24,210.39999389648438,211.39999389648438,186.1999969482422,187.89999389648438,9389161
2026-06-25,206.8000030517578,214.60000610351562,204.1999969482422,211.39999389648438,6965017
2026-06-26,206.8000030517578,209.39999389648438,202.39999389648438,205.60000610351562,4761542
2026-06-29,200.1999969482422,206.1999969482422,200.1999969482422,206.0,3589805
2026-06-30,194.89999389648438,201.39999389648438,193.39999389648438,200.39999389648438,5522368
2026-07-01,193.1999969482422,196.1999969482422,178.60000610351562,196.1999969482422,4071506
2026-07-02,193.10000610351562,193.1999969482422,189.3000030517578,189.89999389648438,3874745
2026-07-03,192.39999389648438,194.39999389648438,188.10000610351562,194.10000610351562,2481115
2026-07-06,196.89999389648438,196.89999389648438,188.3000030517578,191.1999969482422,5902353
2026-07-07,196.89999389648438,200.2729949951172,193.89999389648438,196.5,3529045
2026-07-08,194.10000610351562,197.6999969482422,190.8699951171875,197.6999969482422,3925696
2026-07-09,196.6999969482422,196.6999969482422,190.8000030517578,196.10000610351562,3970905
2026-07-10,199.3000030517578,199.8000030517578,193.89999389648438,196.6999969482422,3558695
2026-07-13,202.60000610351562,202.60000610351562,196.8000030517578,199.1999969482422,3532838
2026-07-14,204.0,205.1999969482422,196.6999969482422,199.0,4784580
2026-07-15,193.0,201.39999389648438,188.0,200.0,9777241
2026-07-16,200.0,200.8000030517578,191.6999969482422,191.6999969482422,5720578
2026-07-17,198.8000030517578,204.39999389648438,196.10000610351562,201.1999969482422,8756887
2026-07-20,201.39999389648438,205.1999969482422,196.0,199.39999389648438,3663992
2026-07-21,208.39999389648438,208.39999389648438,199.0,201.39999389648438,5450462
2026-07-22,213.60000610351562,214.60000610351562,204.8000030517578,209.0,6570644
2026-07-23,212.1999969482422,217.60000610351562,211.8000030517578,215.0,5924202
2026-07-24,213.39999389648438,216.60000610351562,210.60000610351562,210.60000610351562,3455766
2026-07-27,219.0,223.1999969482422,212.8800048828125,214.1999969482422,4237239
2026-07-28,229.39999389648438,230.8000030517578,218.39999389648438,220.39999389648438,6409944
2026-07-29,230.1999969482422,232.39999389648438,225.8000030517578,230.1999969482422,5169228
