Price,Close,High,Low,Open,Volume
Ticker,DOM.L,DOM.L,DOM.L,DOM.L,DOM.L
2021-07-29,417.4147644042969,433.38472144763256,412.62375901513076,433.38472144763256,828704
2021-07-30,418.0136413574219,421.20764516362686,412.02490706599593,421.20764516362686,821033
2021-08-02,421.0080261230469,424.40166673177356,415.01929158098204,424.40166673177356,598593
2021-08-03,430.7896728515625,442.851974616448,417.8140804792882,428.7934278712126,1567719
2021-08-04,428.1944885253906,439.7727138875964,423.6031196193101,439.7727138875964,1605391
2021-08-05,421.6069030761719,427.9529671126567,420.4091744512931,422.6050254937103,707820
2021-08-06,421.40728759765625,431.58811775639737,418.2132837476915,431.58811775639737,528388
2021-08-09,418.8121643066406,424.8008986948377,417.6144052448899,423.2038967659295,493689
2021-08-10,414.2207946777344,427.196385836314,414.2207946777344,425.0005043792123,577551
2021-08-11,414.2207946777344,419.0117699983294,413.22267228092056,418.0136476015156,2408064
2021-08-12,410.25799560546875,415.04931767572197,407.2634116959398,414.25077415150736,600097
2021-08-13,415.2489013671875,418.64275648778914,407.06369449178544,418.64275648778914,555419
2021-08-16,416.24713134765625,418.64279219816825,410.25796399013603,410.25796399013603,404861
2021-08-17,411.2561950683594,420.8388697838081,411.2561950683594,420.8388697838081,710345
2021-08-18,408.4612121582031,417.2453118005923,407.6626382600445,417.2453118005923,589069
2021-08-19,412.4540100097656,412.6536306470035,404.0691512212715,404.0691512212715,458676
2021-08-20,409.85870361328125,415.2489482918815,409.4594318708815,415.2489482918815,732650
2021-08-23,409.06011962890625,412.8532772448348,408.6608478963034,411.6554315845457,753791
2021-08-24,411.2561950683594,413.65185613160077,407.66268824225574,413.65185613160077,753577
2021-08-25,412.8532409667969,413.8514354418314,409.2597347641768,410.05827815921333,417076
2021-08-26,413.0528869628906,415.2489271278858,409.8586827240101,415.2489271278858,1525898
2021-08-27,412.8532409667969,414.64997883686794,409.2597347641768,413.45216374431317,458532
2021-08-31,410.6571960449219,413.45215881921143,409.25972988901583,409.25972988901583,680764
2021-09-01,414.6500244140625,419.64099733782945,411.5356621836289,419.64099733782945,600480
2021-09-02,411.455810546875,416.0474811610358,409.2597703259873,415.04928659926514,361100
2021-09-03,411.2561950683594,412.4540408312217,409.06015465727296,411.4558461829975,342649
2021-09-06,408.2615661621094,420.2399006216334,408.2615661621094,420.2399006216334,564632
2021-09-07,407.4630432128906,411.0565193615249,403.86953660177494,408.2615866987024,625577
2021-09-08,405.8658752441406,412.4539648004848,403.6698352378667,412.4539648004848,784676
2021-09-09,409.6590576171875,412.0547185639291,400.27603447266864,402.47207477696276,513763
2021-09-10,410.4576721191406,416.4468403088412,409.7189873279213,416.4468403088412,778705
2021-09-13,403.8695373535156,412.25436582007165,403.8695373535156,410.0583255362797,18822
2021-09-14,403.47021484375,406.26514716010615,401.4738259142163,405.2669526953393,443420
2021-09-15,393.8875732421875,403.2705958653709,393.8875732421875,394.28684496738,789525
2021-09-16,400.2759704589844,402.47201041207927,386.5008993713218,386.5008993713218,1446508
2021-09-17,404.2687683105469,412.2543242277922,400.47564143484664,407.0637006965914,1358001
2021-09-20,407.8623046875,412.8532775043747,400.07636881568703,412.8532775043747,637122
2021-09-21,410.6571960449219,412.85323604882956,404.86768034367805,408.660807118634,468832
2021-09-22,410.25799560546875,413.8515023894001,402.6717102754988,402.6717102754988,466988
2021-09-23,408.4612121582031,414.25072822307607,404.2687829646887,414.05107713291653,738663
2021-09-24,403.47021484375,410.6571967125848,403.47021484375,408.26153608963983,770754
2021-09-27,400.2759704589844,406.26513709926843,399.39956500121576,404.46839929217396,2262476
2021-09-28,396.0835876464844,399.0781713145651,390.06447569214134,391.8911887886596,748399
2021-09-29,398.27960205078125,403.47022559082035,398.27960205078125,398.6788737548277,554694
2021-09-30,395.4847106933594,402.272421753841,393.68794214500963,399.27783796907295,954324
2021-10-01,403.6698913574219,404.2688142117134,390.294089769827,390.89301262411846,745205
2021-10-04,390.89300537109375,405.26700129497084,389.8948107866234,403.8695349692086,898071
2021-10-05,388.89654541015625,395.68425516397525,384.70411673354846,393.4882457553753,1140240
2021-10-06,377.7168273925781,390.49373644334645,377.7168273925781,385.90203522920285,1133980
2021-10-07,377.91644287109375,384.504532647527,368.9326923929971,384.504532647527,1354643
2021-10-08,379.9128723144531,382.30853327117563,372.88956435903293,377.9164831067708,485179
2021-10-11,381.9092102050781,389.2958431884663,376.91823785650803,389.2958431884663,512894
2021-10-12,382.5081481933594,386.7005468554209,378.51537015569374,378.71499078008964,2245421
2021-10-13,385.3031005859375,389.4955299275643,374.3229604137994,382.50816799984,1316453
2021-10-14,369.3320007324219,390.0944361561708,368.9327289862885,387.89842632119667,1243765
2021-10-15,367.3355407714844,376.9182131449748,363.70209851795204,374.32290160137677,1411174
2021-10-18,369.3320007324219,373.9237019691591,366.13776583839206,367.53526264358106,1021949
2021-10-19,370.9290771484375,373.9236606069085,366.33737641961966,372.126892254339,839173
2021-10-20,372.7258605957031,375.32117266942424,364.5406830862527,364.5406830862527,930691
2021-10-21,370.9290771484375,375.72039849699985,365.73845363542983,365.73845363542983,624952
2021-10-22,374.7222595214844,376.1197259166265,368.13416884440534,371.12875274648826,729968
2021-10-25,378.9146423339844,382.5081486648083,375.1214849160395,375.1214849160395,1183754
2021-10-26,382.10888671875,388.2977055213061,377.91648761014807,381.3103432111541,849281
2021-10-27,385.50274658203125,388.0980280365741,377.7168108309624,377.7168108309624,643120
2021-10-28,386.3012390136719,393.08894885786225,385.5026956658175,386.70051068759904,1149490
2021-10-29,386.3012390136719,397.4810286584895,380.5117235855375,397.4810286584895,711096
2021-11-01,386.5009765625,391.20347004653644,377.1179225821093,377.1179225821093,694539
2021-11-02,385.90203857421875,390.893011575793,378.1161024142739,378.1161024142739,1018725
2021-11-03,388.497314453125,395.48467600471014,384.5724068265536,395.48467600471014,1003984
2021-11-04,394.4864807128906,397.8803359387017,388.49731368058445,389.8947798956268,1871175
2021-11-05,392.29046630859375,397.4361581023612,389.2958825963144,394.4865065492576,692886
2021-11-08,390.89300537109375,394.28686086579677,390.89300537109375,394.28686086579677,464826
2021-11-09,389.4955139160156,395.84401644166604,384.5045413156693,384.5045413156693,627096
2021-11-10,381.9092102050781,390.4936887371142,381.9092102050781,390.29403765818034,555971
2021-11-11,380.1124572753906,383.90561469140073,376.10371689587214,381.7095745841065,421688
2021-11-12,380.91107177734375,385.10347088946753,377.71683681931233,378.51541079006125,614510
2021-11-15,365.3392333984375,385.5027770442186,350.9652368654217,378.91468641502894,2266716
2021-11-16,374.7222595214844,379.91288380342127,365.339236054121,366.93635356106176,1086168
2021-11-17,374.5226135253906,378.51539179127974,370.13053306292807,370.13053306292807,654234
2021-11-18,372.3265686035156,376.3193468191029,368.9327132127625,370.52983059149346,910679
2021-11-19,376.9182434082031,379.7131757795783,370.5298048004325,372.9254654705367,690188
2021-11-22,374.123291015625,385.1034306506484,372.3265530785219,385.1034306506484,356355
2021-11-23,361.54608154296875,372.25668966766347,361.54608154296875,370.7294532105202,628727
2021-11-24,363.7420959472656,365.3392133549748,355.1576165354996,355.1576165354996,612816
2021-11-25,364.5406188964844,367.1359000507361,358.5514523021006,361.5460355992925,438182
2021-11-26,363.54248046875,369.93091972775306,355.15762157492213,357.95258469369185,1064915
2021-11-29,362.1449890136719,370.13054582069867,359.3500563162052,368.5334588292787,750266
2021-11-30,358.3518371582031,362.94353810007993,355.3572535607808,356.3554480932549,1200697
2021-12-01,363.7420959472656,366.5370590263769,353.9598013265783,360.7475122312413,687272
2021-12-02,360.5478820800781,363.5424657170805,357.9525701688467,362.3446200772875,881685
2021-12-03,364.3410339355469,368.1341612819378,359.5497119756339,361.1467989872835,700867
2021-12-06,367.93450927734375,369.3319755246709,364.54065397312644,367.93450927734375,438742
2021-12-07,360.9471435546875,371.32836044229896,360.9471435546875,361.54606635757415,455786
2021-12-08,369.3320007324219,372.52623562645164,361.7457157059623,370.33019532899596,1285197
2021-12-09,359.74932861328125,378.515405415933,359.74932861328125,378.515405415933,302212
2021-12-10,358.7510986328125,363.94172223842617,358.7510986328125,363.94172223842617,652709
2021-12-13,350.56591796875,364.93991256898244,349.56772347619943,360.5478628942557,2649706
2021-12-14,350.3663330078125,358.9508133563412,349.96706122793574,358.9508133563412,730347
2021-12-15,345.37530517578125,351.96339512423134,343.1792650388048,349.368083270299,793123
2021-12-16,421.8370666503906,450.9843322543264,374.7222668214489,374.9219179371369,5180517
2021-12-17,429.22369384765625,436.80997918025093,417.41805002046965,421.2381367528161,3493063
2021-12-20,434.8134765625,441.0022634202631,417.44490050123443,420.23983257087264,2086453
2021-12-21,451.1839599609375,452.78107741612746,432.3031005405994,440.40347044774853,1448347
2021-12-22,453.37994384765625,464.0406535559422,448.43886899923444,450.78463211376277,862022
2021-12-23,453.18035888671875,464.16049974080227,451.2438588809091,464.16049974080227,595535
2021-12-24,455.5759582519531,463.5615141563256,452.0593392976507,463.5615141563256,234107
2021-12-29,461.76483154296875,462.5633750440122,456.41449260603514,459.1695194708545,592406
2021-12-30,464.3600769042969,464.5596975196389,455.1766756491906,455.1766756491906,388153
2021-12-31,457.9716491699219,466.4363499539598,455.1767166038378,455.1767166038378,336672
2022-01-04,459.16949462890625,472.74494664956126,456.77383379290364,467.155051057235,1128642
2022-01-05,445.19476318359375,466.15684844560155,436.4106634492681,459.16948669159893,1462881
2022-01-06,431.6192932128906,444.79547272172823,426.4287001203777,436.41064506268543,627180
2022-01-07,429.6229553222656,431.22007279548603,422.43597238649676,431.22007279548603,886249
2022-01-10,422.4359130859375,435.39245784726336,419.2516702806169,429.223623316179,639947
2022-01-11,424.63189697265625,431.81890892743763,421.23804206275014,431.81890892743763,826053
2022-01-12,424.4323425292969,426.6283523015673,419.8975453376443,424.4323425292969,798876
2022-01-13,436.0113525390625,438.5497604629385,421.0384347944178,421.0384347944178,1319583
2022-01-14,429.6229553222656,436.584363578197,423.8334387521339,423.8334387521339,1113517
2022-01-17,430.82080078125,435.2328039088316,424.43236135472876,424.43236135472876,423005
2022-01-18,417.64459228515625,429.4233062147865,416.44677710649427,422.63556501911484,631276
2022-01-19,419.0420837402344,428.8244091641438,415.24895641947234,428.8244091641438,576035
2022-01-20,421.2380676269531,425.43049659875277,419.2416786808538,423.2344565730524,690709
2022-01-21,416.24713134765625,419.4413661233259,414.84966505673094,416.64640307899487,506156
2022-01-24,401.2742004394531,427.826180988888,398.4792679447671,427.826180988888,681848
2022-01-25,394.2868347167969,412.2543360456636,393.28864019852654,412.2543360456636,997138
2022-01-26,388.29766845703125,399.19796602389175,387.29947393657613,399.07815709295454,1141500
2022-01-27,391.0926208496094,396.0835937061,380.5357262737534,396.0835937061,1763058
2022-01-28,385.90203857421875,390.6933604707374,384.9038439739039,389.09624301773727,1397205
2022-01-31,385.90203857421875,392.68974967136705,382.5081830256446,392.68974967136705,644281
2022-02-01,388.89654541015625,391.2922058842997,383.9055733963259,383.9055733963259,685566
2022-02-02,391.89117431640625,395.08537850024453,388.2976679549189,390.89297979724194,602592
2022-02-03,394.8857727050781,400.675288948683,390.2940716519706,393.8875781484235,558386
2022-02-04,386.1016540527344,405.26700230743825,384.9038388258662,405.26700230743825,403462
2022-02-07,385.90203857421875,391.89120617610786,382.30853192058896,391.89120617610786,283623
2022-02-08,387.099853515625,387.099853515625,381.11068591840035,386.70058176830634,408432
2022-02-09,391.292236328125,393.48827637005974,384.30487496512274,384.30487496512274,500651
2022-02-10,393.68792724609375,393.68792724609375,388.2976827299986,390.29407184429164,501770
2022-02-11,396.0835876464844,402.0727549826458,387.6987594683544,402.0727549826458,856705
2022-02-14,383.50634765625,393.4882928793437,378.91464676113105,386.900202939606,442985
2022-02-15,379.9128723144531,384.70419422789814,374.52262754620705,374.52262754620705,288183
2022-02-16,377.117919921875,381.5100006742598,371.7276749996095,374.32298713625073,562313
2022-02-17,372.9255065917969,384.1851403990795,369.53165106304687,381.90925794215474,422438
2022-02-18,368.7330627441406,374.92188117381914,366.13775080709866,366.13775080709866,597847
2022-02-21,365.9381408691406,371.32838553440183,359.7493222585748,371.32838553440183,617678
2022-02-22,361.9454040527344,365.3392599378017,358.03246742804936,364.3410652385181,1008718
2022-02-23,362.94354248046875,371.12871946805603,360.1485794783209,371.12871946805603,791158
2022-02-24,355.9562072753906,360.5479086158997,347.9706503223251,353.95981803712425,689710
2022-02-25,362.94354248046875,362.94354248046875,354.15941221119266,355.9561806688191,998205
2022-02-28,364.3410339355469,364.5406850432441,357.1540205331953,363.3428393220248,833226
2022-03-01,360.9471435546875,368.3337768903449,354.7583253623242,368.3337768903449,620121
2022-03-02,359.948974609375,361.34644094040516,353.56053533717903,359.549702866578,829940
2022-03-03,353.7601623535156,362.5442931657816,352.5623471035352,359.9489810971011,762696
2022-03-04,350.1666259765625,361.74568851909834,345.3753044580894,361.74568851909834,989462
2022-03-07,348.3699035644531,353.78013151613754,332.5984416052667,349.5677492287501,1681867
2022-03-08,367.3355407714844,377.7167564834008,325.4113757921302,350.1665848330443,2618667
2022-03-09,371.72760009765625,376.3193005738108,358.75107249166274,358.75107249166274,1309531
2022-03-10,370.52984619140625,380.91106389650344,368.3338058953842,380.1124899422765,929053
2022-03-11,364.3410339355469,378.7150302777679,360.7475272343711,360.7475272343711,1065834
2022-03-14,354.7583312988281,369.1423181895789,349.3680869076067,367.5352396117941,1141054
2022-03-15,362.94354248046875,363.74208593109387,353.9597915797764,355.5569089435066,2826656
2022-03-16,367.93450927734375,371.1287134908802,350.76555120309695,350.76555120309695,1313318
2022-03-17,375.92010498046875,375.92010498046875,365.56283039840486,369.53166542006295,734105
2022-03-18,382.707763671875,383.50633754615785,372.32654700602575,377.11786840180895,1423540
2022-03-21,378.9146423339844,384.10523551185986,376.1196794266862,383.7059638000969,751193
2022-03-22,380.1124572753906,380.91103116098805,374.52259238860347,378.91464214071294,567531
2022-03-23,378.3157043457031,381.9092105322476,374.7221981591587,380.3120932868414,584743
2022-03-24,375.12152099609375,376.7186384592387,367.7348869993404,367.7348869993404,623630
2022-03-25,376.9182434082031,383.5063330978483,366.53702686276614,366.53702686276614,833711
2022-03-28,382.10888671875,386.7005880436321,379.1941754997909,386.7005880436321,369416
2022-03-29,383.30670166015625,385.50274182340945,379.313923517863,379.313923517863,833976
2022-03-30,376.51898193359375,386.70054767369845,375.92005913418075,384.1052358512282,1217182
2022-03-31,377.91644287109375,383.306687065456,377.3175200800583,382.7077642744205,616248
2022-04-01,375.3211669921875,382.90745199197266,374.92189524745805,382.90745199197266,1076719
2022-04-04,379.1142883300781,382.508174263389,374.72223828179943,375.12151002028276,500705
2022-04-05,382.30853271484375,384.5045730250914,376.319365100512,384.5045730250914,410050
2022-04-06,382.30853271484375,387.698777475246,378.31575430528926,378.31575430528926,920363
2022-04-07,382.3764343261719,390.76275211859826,375.7871737507325,387.3682937821271,796522
2022-04-08,383.574462890625,386.1702052311206,381.57771926385004,381.57771926385004,1743066
2022-04-11,383.9737854003906,386.1701849940076,381.5776992674047,384.3731280112402,1722825
2022-04-12,381.97705078125,384.3731369700831,379.3812780483937,384.3731369700831,513483
2022-04-13,380.9787292480469,382.17675726653897,378.89411601274685,379.58101465919293,855802
2022-04-14,380.1799621582031,390.3633665153236,380.1799621582031,390.3633665153236,661903
2022-04-19,377.7839050292969,384.3731653866462,374.58913336396074,384.3731653866462,829721
2022-04-20,374.98846435546875,376.38617881984237,369.99660521992706,369.99660521992706,1243748
2022-04-21,367.00152587890625,374.9885012822866,366.60218320231587,366.60218320231587,780460
2022-04-22,358.01611328125,364.00634374172415,358.01611328125,362.4089428586868,601186
2022-04-25,349.8294982910156,354.82135765723416,345.0373254866025,351.02755672606474,978394
2022-04-26,346.634765625,351.82628166994493,344.2386484849846,344.2386484849846,1329050
2022-04-27,351.4269104003906,356.21908335505714,344.4383070685647,356.21908335505714,1110166
2022-04-28,348.4317626953125,358.61516737385006,346.4350190695514,358.61516737385006,1179100
2022-04-29,347.03399658203125,351.22713929109153,338.84733674814146,338.84733674814146,622663
2022-05-03,338.6477355957031,348.4317673041949,338.0487064064732,339.8457635062728,730203
2022-05-04,332.0584411621094,340.644444073454,328.26461033399164,339.6460723504578,616506
2022-05-05,308.2972412109375,335.05362733839945,308.2972412109375,335.05362733839945,2118671
2022-05-06,304.3037414550781,311.092688622845,301.90765500029255,307.59838698981406,1492575
2022-05-09,304.3037414550781,310.4936593921755,302.30699766477477,305.1024572519349,1389501
2022-05-10,307.4985046386719,313.88807786226135,304.902731947495,310.09427732984875,1169101
2022-05-11,312.4903564453125,319.4789586661342,307.29881117983274,314.08775733222075,1305878
2022-05-12,317.68194580078125,320.2776883258876,303.90439551543255,305.3021100600033,1704407
2022-05-13,328.4643249511719,328.4643249511719,318.4806068675496,320.67703703310235,633680
2022-05-16,329.862060546875,331.42750081798806,324.67054509113797,330.66077632552873,445057
2022-05-17,326.0682373046875,334.8538969933975,323.67215106848386,330.26138060107155,1098310
2022-05-18,324.0715026855469,328.38447631107937,323.07313085377865,324.47084532467613,649654
2022-05-19,323.0730895996094,324.87014648016446,317.6818884900576,321.6753753071903,500656
2022-05-20,326.86688232421875,330.461026470038,324.27110985957785,329.46265478885965,771706
2022-05-23,328.2646484375,333.65588074177947,324.0715049949267,324.0715049949267,506994
2022-05-24,325.8685607910156,328.8636762954696,322.47410264621254,323.8718171213796,784616
2022-05-25,323.47247314453125,326.667275189905,313.4887548376013,325.668903359212,1012386
2022-05-26,333.6559143066406,335.6526581852731,322.8734790812892,322.8734790812892,978144
2022-05-27,338.447998046875,339.44636972252954,332.8571105696327,339.44636972252954,397680
2022-05-30,337.64935302734375,342.6172337701361,334.25486455233266,339.4464100699702,518307
2022-05-31,335.8522644042969,339.4464089455333,329.46269103537054,338.448037154517,1289993
2022-06-01,329.4627380371094,338.647772011968,328.8637087834632,335.8523123175837,699792
2022-06-06,331.259765625,335.8522822006032,331.259765625,333.655882424717,676875
2022-06-07,330.0617370605469,332.65750994333894,326.0682496925255,331.45945154577623,414506
2022-06-08,329.26300048828125,332.25811582492867,327.2662569305163,327.2662569305163,349035
2022-06-09,322.8734436035156,332.258132708307,322.8734436035156,330.46107560215836,876143
2022-06-10,317.8815612792969,322.8734200634186,317.0828760609926,317.0828760609926,384233
2022-06-13,312.4903564453125,326.4675608869559,307.9218185485695,326.4675608869559,563641
2022-06-14,309.49530029296875,322.074792785552,302.70638331240946,322.074792785552,1055468
2022-06-15,318.6802673339844,320.6770107872853,312.4903504415966,316.6835238806834,916100
2022-06-16,300.50994873046875,318.8799860144337,300.11060605497033,316.08455681805174,1952100
2022-06-17,306.5001525878906,312.88972622252913,299.91089239958916,303.5050370902891,1663487
2022-06-20,306.6998291015625,308.8962287805023,301.5082835551785,303.50502715488165,256738
2022-06-21,305.1024169921875,311.6916767242823,305.0944344054561,307.69818967063554,508104
2022-06-22,303.5050048828125,305.90109093304676,295.71771760257946,299.51151797645974,851456
2022-06-23,300.7095947265625,305.90110974332214,297.31510627312116,297.31510627312116,628382
2022-06-24,309.49530029296875,311.09270148483375,299.9109236096723,303.1057259934023,986566
2022-06-27,312.091064453125,318.0812958995654,308.09757682216474,308.09757682216474,522132
2022-06-28,309.0959167480469,316.48386200732125,309.0959167480469,316.48386200732125,388764
2022-06-29,294.32000732421875,306.8994986479303,285.33466073126635,304.1040696728347,1716619
2022-06-30,278.74542236328125,294.63948456345463,275.3509338249335,291.52456938190755,1658725
2022-07-01,276.9483642578125,286.33305420353844,276.3493350127889,279.54413734098597,988757
2022-07-04,272.15618896484375,281.14153616162065,268.56204399255444,278.34607653077666,765823
2022-07-05,272.3558044433594,274.0890007337691,266.16591780067154,272.1561483717239,885545
2022-07-06,278.5457458496094,279.34443114159166,274.5442758665009,278.5457458496094,1141387
2022-07-07,285.1349792480469,285.53432185636626,278.5457195731685,280.1431204743342,544166
2022-07-08,287.9304504394531,290.1268808109814,279.1447898891251,281.9402190275315,729645
2022-07-11,290.1268615722656,293.12197707961616,284.53597319829987,286.7324034241798,1070584
2022-07-12,289.5278625488281,295.91743687012007,286.1334040470068,295.91743687012007,398290
2022-07-13,282.33953857421875,291.3248849562993,274.9515931980861,285.73402713731673,617530
2022-07-14,276.34930419921875,284.7356517586661,275.3509323914645,278.14639173391015,667690
2022-07-15,279.1447448730469,279.62394380927174,272.55548528896685,272.55548528896685,465243
2022-07-18,283.337890625,285.33463412614276,279.144747553333,285.33463412614276,301904
2022-07-19,282.1399230957031,282.1399230957031,271.7568607645754,275.95000473227793,509851
2022-07-20,282.5392150878906,287.13173139137757,280.1431288980375,287.13173139137757,429691
2022-07-21,283.1382751464844,284.5359897040839,279.34444366969456,282.5392459166868,627241
2022-07-22,283.1382751464844,287.9304480490805,279.5441302355912,281.1415313590873,451411
2022-07-25,282.1399230957031,285.3346950994916,278.14643524004674,282.1399230957031,647398
2022-07-26,272.75518798828125,281.26328516993516,272.5555014410954,278.54573224199856,676279
2022-07-27,275.3509216308594,279.5440952467155,270.5587493280711,273.15452202036823,596197
2022-07-28,283.337890625,283.337890625,274.5522314071271,276.14963230161885,676258
2022-07-29,285.1349792480469,289.32812233723274,275.1512617006215,275.1512617006215,939874
2022-08-01,290.3265380859375,292.1236257975244,284.935335886962,292.1236257975244,395510
2022-08-02,272.75518798828125,290.9255364702873,271.5571296409448,289.52782204365445,2078671
2022-08-03,279.5440979003906,282.339526692239,269.5603801182338,272.9548380705894,2422738
2022-08-04,275.9499816894531,286.482823309953,275.15129637217274,281.5408703140915,1680451
2022-08-05,278.9450988769531,279.54412810217906,273.5538967857038,274.9516113326363,1766350
2022-08-08,280.9418029785156,283.5076256757244,271.9564572725851,271.9564572725851,1823451
2022-08-09,280.3428039550781,282.3395476597949,276.74868966090077,276.74868966090077,383873
2022-08-10,281.5408630371094,283.29800725117957,277.34768906003853,280.3428046242631,1197398
2022-08-11,275.3821716308594,283.2103214374646,274.98278369493374,274.98278369493374,1250759
2022-08-12,273.3852233886719,277.17948526239934,272.9858354207397,275.5819029193219,3926874
2022-08-15,270.5895080566406,274.5834491349674,266.99495499187606,270.5895080566406,2198041
2022-08-16,276.78009033203125,279.5758365085778,270.40975032474154,271.38824625085886,1869038
2022-08-17,268.592529296875,285.76648759659116,267.99343205919166,278.5773816870934,960764
2022-08-18,270.9888916015625,272.18708609384305,267.9934358422128,268.1931450813768,711465
2022-08-19,266.5954895019531,273.185496460315,266.5954895019531,269.59094444017734,1165542
2022-08-22,251.8179473876953,267.79372474453226,251.21886544955612,266.5955303969058,1645313
2022-08-23,246.42613220214844,253.61522206391194,245.62734105402495,249.62128155896846,983026
2022-08-24,244.8285675048828,246.62584390843557,241.34585978808784,245.82705270289267,1262821
2022-08-25,241.63340759277344,248.42310969623418,241.63340759277344,241.63340759277344,1065140
2022-08-26,238.03884887695312,243.03127452651736,237.4397669404098,241.23401348121342,1243082
2022-08-30,236.64097595214844,241.63340160514733,235.4427968425635,238.03884904071853,666295
2022-08-31,235.64251708984375,238.2385848130699,230.0509936408992,234.6440318479376,2604555
2022-09-01,226.2567596435547,237.83917919222748,226.2567596435547,237.63948519298194,1743599
2022-09-02,229.65158081054688,231.84824505812165,225.63567043274398,227.25522258331515,2646970
2022-09-05,230.4503631591797,231.24915428295924,225.05853450042272,229.25218409134706,1155856
2022-09-06,245.22796630859375,249.82098899530735,234.04492010376558,234.04492010376558,3656691
2022-09-07,243.23098754882812,246.6258309494086,239.63643493059945,246.42613696743462,1125786
2022-09-08,245.0282440185547,249.0221845256912,242.0327886382023,249.0221845256912,966913
2022-09-09,254.61370849609375,255.81190284226162,246.02673027215198,252.21735027510599,793816
2022-09-12,256.4109802246094,258.3420715133799,254.0146219038031,255.300680435507,1044135
2022-09-13,249.42160034179688,258.80737015001444,249.42160034179688,256.61069057136956,1690219
2022-09-14,243.63037109375,251.21886415651343,241.43370686053132,250.0206698150542,781584
2022-09-15,244.8285675048828,247.8240230989124,237.8391711188138,245.82705270289267,945333
2022-09-16,244.22947692871094,250.0206786847329,241.2340214401446,250.0206786847329,7061214
2022-09-20,239.63644409179688,246.2264523985912,238.23857092886465,245.0282579895924,947943
2022-09-21,241.43370056152344,245.62733494019696,237.43976015599176,238.83763320365844,1059063
2022-09-22,238.03884887695312,244.42916284979975,238.03884887695312,243.83006567758244,1002595
2022-09-23,237.24005126953125,240.4352003459693,233.0464019188042,237.0403420732699,1012917
2022-09-26,235.64251708984375,240.0358460599604,232.88070045080494,233.04644936661757,1086082
2022-09-27,227.2552032470703,239.43671779775727,226.65610612340015,236.64095661341779,1152781
2022-09-28,226.85581970214844,229.45188714830246,216.27188640894724,226.0570285467415,3218058
2022-09-29,221.66371154785156,228.05401065135752,219.06764396698514,227.85431666106197,1797968
2022-09-30,222.26280212402344,224.45946642309457,220.06612258927788,220.06612258927788,841110
2022-10-03,224.259765625,225.25825075202906,219.06763077590966,220.2658251168837,991397
2022-10-04,233.64552307128906,234.84370219375057,220.6652162339952,220.6652162339952,631441
2022-10-05,232.6470489501953,238.23857210077898,228.85280218627605,238.23857210077898,717049
2022-10-06,230.2506866455078,235.44280649024816,228.25371630247886,233.24614216005125,544513
2022-10-07,225.2582550048828,230.57018805841582,224.65915782308488,230.05097151656923,563501
2022-10-10,224.259765625,229.25219126014537,221.4640042221838,225.85733268684214,536359
2022-10-11,224.65916442871094,230.65007548014322,221.14449234588176,226.25674680336274,418846
2022-10-12,214.87399291992188,229.05247845425646,214.87399291992188,219.6667245016378,719776
2022-10-13,225.2582550048828,230.4503747163259,214.01431219261374,220.86491122160461,685069
2022-10-14,227.85427856445312,232.8467036654958,226.0570024809433,231.24913677456553,591775
2022-10-17,235.4427947998047,237.43976504367805,226.6561226796271,233.84521251043645,1067143
2022-10-18,237.4397735595703,239.63643785948065,231.2491686286686,239.2370498906513,638432
2022-10-19,232.04794311523438,237.43977207475996,229.45189086272885,237.43977207475996,566019
2022-10-20,231.04945373535156,234.4443123297409,225.65764011017453,230.45037179681748,649902
2022-10-21,226.85581970214844,230.65006626357584,225.85733456680828,225.85733456680828,739048
2022-10-24,223.6606903076172,231.67253782175976,223.26130231205232,226.85583997916234,442254
2022-10-25,227.2552032470703,228.6530762214037,219.66671078038783,222.66216592739312,674960
2022-10-26,233.84523010253906,236.44129770914532,225.45796054156884,227.8543189202246,1881399
2022-10-27,234.04490661621094,235.64248890645646,229.45188419418432,234.64400378397147,1164763
2022-10-28,230.2506866455078,232.92661959204278,227.85431309246832,230.45038063267577,628415
2022-10-31,225.85733032226562,233.2461293263293,225.45794236990488,229.851270788568,759070
2022-11-01,232.04794311523438,237.6394660579259,226.6561293913831,230.65006999739865,2578172
2022-11-02,234.64401245117188,238.2385651191617,228.65310149497174,236.4412887851668,1266311
2022-11-03,230.4503631591797,235.0433854584836,228.65308693959403,234.64399751443057,435720
2022-11-04,235.84219360351562,236.0418875899545,228.45340945555506,230.45037979129302,888405
2022-11-07,240.2355194091797,244.82854169441148,232.64702661003366,236.44127300960668,531502
2022-11-08,244.02976989746094,244.02976989746094,233.4458362176204,233.4458362176204,1310957
2022-11-09,243.830078125,245.62735449772808,240.2355406152186,244.628869316843,560130
2022-11-10,256.2112731933594,257.24970619058587,233.84519864657906,248.2233926914392,1566936
2022-11-11,281.1734313964844,281.1734313964844,257.01007797103557,259.60614552051055,3677961
2022-11-14,284.5682373046875,284.5682373046875,276.78006615646575,279.5758120888158,1429910
2022-11-15,282.5712890625,286.9646174978241,276.78008755293837,276.78008755293837,596116
2022-11-16,271.3882751464844,284.16890445905346,270.3897899097845,282.7710312219439,767393
2022-11-17,278.1779479980469,278.77704513733505,268.9918731192185,272.5864254836012,907922
2022-11-18,279.7755432128906,281.9721921972254,272.18705019576214,279.37612478724094,743524
2022-11-21,282.37158203125,283.37006715932563,274.18402226383853,282.970679202365,1139102
2022-11-22,285.5667724609375,286.5652576793324,279.5758611505682,279.7755703827874,931890
2022-11-23,286.964599609375,288.5621817966359,280.3745921315149,285.96611455125515,2081346
2022-11-24,290.9585876464844,292.95555809082725,280.77405666314627,280.77405666314627,994268
2022-11-25,291.35791015625,291.35791015625,284.96761226488945,286.36548516747706,1049815
2022-11-28,289.16131591796875,294.1537418472453,286.56524834047497,286.56524834047497,1425335
2022-11-29,285.3670654296875,295.35191769064716,285.3670654296875,287.76345434939856,1554632
2022-11-30,285.7664489746094,289.5606801815529,285.7664489746094,288.1628071301183,1526513
2022-12-01,289.5606994628906,293.7543493677894,287.56372912176727,288.5622142923289,904725
2022-12-02,294.7528076171875,298.16760952466296,288.7618971409955,288.7618971409955,900866
2022-12-05,292.55615234375,297.14919018130047,292.55615234375,294.75283188777166,530512
2022-12-06,285.3670654296875,293.5546564722148,285.3670654296875,290.3594915601673,545260
2022-12-07,285.3670654296875,291.3579767862633,284.5682894373511,285.96616265961524,844062
2022-12-08,282.5712890625,289.76039411764685,280.1749308679003,280.1749308679003,461311
2022-12-09,287.563720703125,290.3594669103105,282.5712949964735,282.5712949964735,492207
2022-12-12,283.56976318359375,290.55915875502035,282.57127810196135,287.5637035101232,484628
2022-12-13,290.9585876464844,297.9479842016844,282.3716086415399,290.559199651886,1344021
2022-12-14,291.15826416015625,292.75584643037024,284.16886839039904,288.36248756944497,827510
2022-12-15,292.15673828125,297.14916364329684,286.5652157814883,297.14916364329684,914695
2022-12-16,284.3685607910156,293.75434565267267,283.3700756330818,289.76040502093736,3008030
2022-12-19,287.364013671875,290.95856630227223,282.5712971455778,283.5697822945021,545185
2022-12-20,283.9692077636719,289.56073143039134,283.9692077636719,284.56830502641907,532399
2022-12-21,288.5621643066406,289.56064930424145,281.5727693234348,284.5682243162373,500519
2022-12-22,287.364013671875,294.15373096736937,279.8654109239705,285.76646181067497,426667
2022-12-23,286.7649841308594,290.9586040171208,280.5743632165441,280.5743632165441,227372
2022-12-28,292.9555358886719,293.9540210351713,289.1613045205133,289.1613045205133,577336
2022-12-29,294.15374755859375,294.55313554642055,288.9616123027947,294.55313554642055,1436159
2022-12-30,292.9555358886719,297.74828287467835,292.9555358886719,297.5485736568391,188039
2023-01-03,293.15521240234375,300.743704763443,290.15975729701603,291.7573394474598,1132684
2023-01-04,300.1446228027344,302.34127170807886,293.1552272040675,300.5440107426746,2064269
2023-01-05,304.5379943847656,307.3337408332002,298.5470830198194,300.5440534748015,571509
2023-01-06,298.54705810546875,305.5364541146269,298.54705810546875,301.9419015013616,531220
2023-01-09,297.7483215332031,300.94345613403664,296.1507389971102,299.5455828417124,640321
2023-01-10,296.350341796875,299.94489396374325,295.55156596927964,296.1506630756485,836516
2023-01-11,295.3519287109375,302.74074403682283,295.3519287109375,297.149220467782,713478
2023-01-12,299.5455627441406,302.7407276019516,296.7498163470688,302.7407276019516,670265
2023-01-13,298.9465026855469,302.3413467243802,297.54862931324544,300.5440853130432,595173
2023-01-16,304.5379943847656,305.9358676089829,297.5845539864336,299.5455682473105,703076
2023-01-17,301.5425109863281,307.533421800626,299.2519797469545,307.533421800626,756635
2023-01-18,301.14312744140625,306.1355531931824,296.55008965550246,296.55008965550246,528955
2023-01-19,302.94036865234375,304.5379508823895,298.147652433553,304.5379508823895,694928
2023-01-20,309.5304260253906,312.12649375729325,300.7437680557911,300.7437680557911,654258
2023-01-23,314.9222106933594,316.7195022488944,308.9312997842732,309.9297849357876,704746
2023-01-24,314.7225036621094,317.71795884745427,312.9252122680949,315.52127952299634,1172544
2023-01-25,310.3291931152344,320.31404528073546,309.6622057218913,320.31404528073546,973938
2023-01-26,313.9237365722656,318.11738654451875,310.3691317456833,311.12799023833,567851
2023-01-27,317.718017578125,317.718017578125,310.9282996201124,314.5228526012542,542741
2023-01-30,317.1188659667969,319.1158361171276,313.7240228055038,318.3170297741876,950456
2023-01-31,313.5243225097656,319.7149423402171,312.52583740623135,319.11584518382705,882411
2023-02-01,312.1264953613281,317.9176976249594,311.72710735544865,314.32314462934096,511754
2023-02-02,327.103759765625,327.103759765625,313.32964293363887,313.52435486204354,2230522
2023-02-03,327.30340576171875,328.50160007820244,323.30946533523604,324.90704760009856,332668
2023-02-06,328.1022033691406,333.4940167066556,320.9130986048897,333.4940167066556,1108143
2023-02-07,330.0992126464844,336.8888998062658,323.70891347174603,328.50163023496225,1097821
2023-02-08,325.7058410644531,333.8934003315612,325.7058410644531,332.29581812999135,317720
2023-02-09,323.9085693359375,327.3034126758933,322.51069625140843,326.5046367622618,329922
2023-02-10,318.9161682128906,325.3064674272174,315.92071259948585,323.10981826019736,400558
2023-02-13,321.3125,322.3109851217792,315.920686436662,319.1158510148945,239003
2023-02-14,317.51824951171875,327.50310012529485,316.3200552495513,327.50310012529485,254616
2023-02-15,315.5213317871094,317.71801147543346,311.32768164443655,315.5213317871094,522040
2023-02-16,313.7239990234375,318.9161027378987,309.5303498371068,316.1203569279076,492761
2023-02-17,308.9313049316406,313.7240520215748,307.3337225683293,309.1310141538105,1088134
2023-02-20,310.9282531738281,315.12190277060716,307.7331191455961,315.12190277060716,4704011
2023-02-21,310.9282531738281,316.83628169329603,309.33067092403866,311.72705953439635,501330
2023-02-22,294.15374755859375,308.33221919022145,294.15374755859375,303.93889038142623,701319
2023-02-23,287.364013671875,297.5485743794423,285.56675259235067,287.76343210852355,545927
2023-02-24,271.7876892089844,288.4104509269125,267.3943298616982,285.56677306336155,1426697
2023-02-27,285.9661560058594,288.5622236275747,269.79071400227946,276.7801104223245,739821
2023-02-28,285.9661560058594,290.75890326241466,282.77102163950605,290.75890326241466,1083050
2023-03-01,288.162841796875,291.7573946982463,282.970706442522,291.7573946982463,667617
2023-03-02,291.5577087402344,294.5531646519491,283.17043828170375,287.5637675246147,425491
2023-03-03,289.16131591796875,298.9464585508109,286.36553911476403,298.9464585508109,470758
2023-03-06,292.9555358886719,294.3534089995014,283.745509872444,284.56826675234606,538265
2023-03-07,288.5621643066406,293.3548801065871,286.7649034994967,286.7649034994967,419724
2023-03-08,285.1673583984375,295.15220966959185,282.3715817597056,295.15220966959185,587891
2023-03-09,259.60614013671875,279.37613400474476,256.0115874867098,276.78009698045656,2731496
2023-03-10,261.80279541015625,264.1991534643687,252.01762352104873,256.6106608999077,848041
2023-03-13,259.0070495605469,265.1976698641979,255.61220604330413,263.6000874821574,1540226
2023-03-14,265.1976318359375,266.395795597144,258.0085273833181,260.005497456674,532605
2023-03-15,270.1900634765625,274.78310084931854,261.80279506229044,265.59702610380646,4376852
2023-03-16,271.5879211425781,275.7815703487585,268.79217531935393,274.5833761551801,3232266
2023-03-17,267.593994140625,272.58641940444267,263.9994418564072,271.78764355077004,1830943
2023-03-20,265.3973083496094,271.9873156310558,260.80430159622824,271.7876369081907,1070826
2023-03-21,269.1915588378906,272.187013801655,265.99639468800456,268.59246175086906,2109700
2023-03-22,271.3882751464844,273.5849548557646,267.19465543515565,273.5849548557646,1092045
2023-03-23,273.78466796875,282.970713993663,270.38979373881415,277.1795117273342,778221
2023-03-24,276.38067626953125,277.1794826692712,269.99037742835424,270.58947461032204,578196
2023-03-27,275.1824951171875,279.0166741814097,271.3882335169373,278.7770475121916,559593
2023-03-28,273.9842834472656,276.9797385078509,271.98731340687544,276.78005978661866,616740
2023-03-29,277.3791198730469,280.17489614639476,270.38972489669305,280.17489614639476,663101
2023-03-30,285.5667724609375,285.5667724609375,278.5793870413168,281.3731223551387,469814
2023-03-31,286.16583251953125,289.16128778567145,282.67311534656994,285.9661233132499,1258467
2023-04-03,284.7679748535156,286.76494513868374,279.7755491405953,281.57281020870727,1000804
2023-04-04,285.3670654296875,290.75891002768645,283.56980421125513,290.75891002768645,746115
2023-04-05,282.77099609375,288.36248834756606,281.17341381922506,288.36248834756606,405473
2023-04-06,283.2384338378906,286.034851821592,273.6506671415758,279.6430175169388,739325
2023-04-11,286.83380126953125,287.2332851307315,282.63914453026626,283.2383855613991,441095
2023-04-12,280.0424499511719,288.0322489824673,279.44320892809185,288.0322489824673,689239
2023-04-13,279.6429748535156,283.03863345243235,278.24476607498116,281.0411836320501,585983
2023-04-14,278.64422607421875,283.2383663632897,276.6467764249412,282.83888252916677,363536
2023-04-17,278.2447814941406,281.8401974658047,277.24605652860436,279.642990350158,614992
2023-04-18,279.2435302734375,286.23460562838716,275.84787119676736,286.23460562838716,2559935
2023-04-19,276.64678955078125,278.8439964607008,274.64933980673226,277.2460305697288,328536
2023-04-20,276.2472839355469,281.24090790228246,273.4508362269778,281.24090790228246,280807
2023-04-21,280.44195556640625,281.24095381872854,273.65063805433476,275.64808796714016,282137
2023-04-24,284.4368591308594,287.8325484101974,280.4419592527368,287.8325484101974,266498
2023-04-25,284.6365966796875,293.42536361376966,283.63787177905704,286.2345626164293,207834
2023-04-26,287.0335693359375,287.75466417339305,283.1984688539985,285.0361192633441,302180
2023-04-27,292.4266357421875,295.8223247527643,286.43428639928476,293.2256339417735,560115
2023-04-28,293.82489013671875,294.82361507874884,288.23202436561695,291.02844201183467,346795
2023-05-02,301.2154541015625,302.81342013366634,292.82617053135107,292.82617053135107,317758
2023-05-03,301.4151611328125,306.6085427785073,298.8185007886301,301.2154344410027,442809
2023-05-04,305.2103576660156,308.606016476496,299.81724891070354,306.00932545248133,516458
2023-05-05,311.80194091796875,312.60090868480194,303.81214133497065,306.8083161785949,7485462
2023-05-09,306.8083190917969,316.9952953696467,305.5299523655255,313.0003955402154,2347660
2023-05-10,304.01190185546875,307.40756096024097,300.815999953959,301.215483881814,482775
2023-05-11,301.61492919921875,308.8057608947725,301.61492919921875,304.6111039925885,575042
2023-05-12,302.014404296875,307.2077859792193,301.2154365666675,307.2077859792193,413381
2023-05-15,297.6200256347656,303.2128912726286,295.4228186231769,296.0220596698525,888134
2023-05-16,295.22308349609375,304.81084853311046,294.8635266868899,304.81084853311046,503535
2023-05-17,294.0245666503906,299.61743146683716,289.4304266055002,299.61743146683716,503404
2023-05-18,293.42535400390625,299.81721754153597,292.8261434660846,294.22435218544206,456187
2023-05-19,295.62255859375,301.2154239061213,291.2281753049811,296.0220424420628,477459
2023-05-22,294.224365234375,300.41644140291083,288.4317424563267,290.02970841160436,334179
2023-05-23,289.8299865722656,296.02206284454553,289.03098834190735,293.2256452349567,547909
2023-05-24,284.2371520996094,289.83001841186365,283.238427060945,289.630261212663,1577827
2023-05-25,284.2371520996094,290.42922905212674,279.8427680252201,279.8427680252201,904573
2023-05-26,282.63916015625,291.0284436199248,282.63916015625,285.8350921798721,1028754
2023-05-30,282.63916015625,287.03354382973043,279.0437442493418,279.64298531360424,457121
2023-05-31,278.8439636230469,283.0385893043771,278.64420648070035,283.0385893043771,1039480
2023-06-01,280.6416931152344,282.03990186064493,275.6480686825789,275.6480686825789,311393
2023-06-02,281.4406433105469,282.6391252912328,275.64805152077827,275.64805152077827,307053
2023-06-05,280.0424499511719,285.2358315129797,278.4444840491799,285.2358315129797,709012
2023-06-06,280.84149169921875,282.0399434525908,275.64810933193206,275.64810933193206,286018
2023-06-07,278.0450134277344,282.2396703102876,277.8452867296441,282.2396703102876,308550
2023-06-08,280.44195556640625,285.2358536443393,276.04757185396784,285.2358536443393,604548
2023-06-09,279.2435302734375,281.4407070977913,274.64938894445095,274.64938894445095,878684
2023-06-12,283.03863525390625,286.6340510492114,278.44449454205335,279.642976633377,720610
2023-06-13,281.64044189453125,289.4304844788705,281.5205997745672,289.4304844788705,996072
2023-06-14,279.6429748535156,282.639149584089,278.44449276982004,282.639149584089,2148061
2023-06-15,280.44195556640625,281.64842311627945,277.0462968103705,281.04119663598124,493385
2023-06-16,281.64044189453125,287.6327917220745,278.84402416647805,282.43940968007007,1395993
2023-06-19,277.6455383300781,285.63533799425306,277.24605444260277,285.2358541067777,424164
2023-06-20,277.2460632324219,287.2333131292766,275.64809715319154,284.6366220603608,428393
2023-06-21,274.84912109375,278.6442637490444,271.25370514319025,271.25370514319025,571101
2023-06-22,276.0475769042969,276.6468179848351,267.05905213222644,267.8580503991665,822494
2023-06-23,274.84912109375,280.64171366839236,270.65446407165246,277.6455387893704,376111
2023-06-26,275.2485656738281,284.0373318723748,272.2523912226877,281.04115742123446,403175
2023-06-27,277.0462951660156,277.2460523475773,268.4572544961978,268.4572544961978,1032255
2023-06-28,278.64422607421875,280.2421918893734,274.64932677566367,274.64932677566367,637902
2023-06-29,277.2460632324219,285.0361059605014,275.8478543425958,285.0361059605014,493214
2023-06-30,275.6481018066406,278.64427682627803,270.8542339666881,270.8542339666881,690495
2023-07-03,277.0462951660156,282.63916098440865,274.6493613806091,274.6493613806091,550519
2023-07-04,277.6455383300781,283.43813089513816,276.44705618898513,283.43813089513816,516859
2023-07-05,275.0487976074219,278.84296425301113,273.25110519951943,276.6467633470359,3239103
2023-07-06,277.8452453613281,279.0436968074305,270.45465762305395,272.4521071785526,693637
2023-07-07,279.2435302734375,279.94261952173065,275.59818993409056,277.64556409657223,434963
2023-07-10,282.2396545410156,285.2358291529613,278.04499789282596,285.2358291529613,1084046
2023-07-11,284.0373229980469,284.43680681665177,281.64038960775576,284.43680681665177,601891
2023-07-12,292.2269287109375,292.2269287109375,281.44068088086584,286.83382003523514,1557730
2023-07-13,305.8095703125,310.60343754291847,296.0220482056209,296.0220482056209,1441760
2023-07-14,307.8070373535156,311.8019370960471,300.2167217469726,300.2167217469726,846074
2023-07-17,314.798095703125,315.59706341904916,307.6072643451492,307.6072643451492,833549
2023-07-18,318.59326171875,320.191227747869,313.5996369269201,313.9991208145331,1483780
2023-07-19,333.1746520996094,333.1746520996094,320.5907115325066,323.18740251915744,1718700
2023-07-20,327.5817565917969,336.7700375657154,322.7978559416895,331.9761399137589,871215
2023-07-21,325.5843505859375,328.38076839950276,320.5907255769507,326.9825594927201,633252
2023-07-24,325.38458251953125,328.9799985015741,319.79174707931713,324.78537192141346,484691
2023-07-25,332.57537841796875,332.77513558145716,321.98888880502733,325.1848205488578,785336
2023-07-26,341.5639343261719,343.56138423451205,326.58306001362047,326.58306001362047,796240
2023-07-27,344.3603515625,349.8643416020608,341.1644500004753,342.16317495335807,3581339
2023-07-28,347.1567687988281,353.9480856821066,342.16314447916335,353.9480856821066,2882028
2023-07-31,346.95703125,353.74837899589545,344.56009753678165,344.56009753678165,1159612
2023-08-01,392.2991638183594,399.4899959366869,349.553746444601,358.742028542612,3793182
2023-08-02,405.4822998046875,405.4822998046875,386.90601100854286,387.50525203009545,2425177
2023-08-03,405.4822998046875,414.4708236919835,398.4912256701239,403.6846072186941,2185642
2023-08-04,401.68719482421875,408.5554101011922,399.8894715923666,405.4823375159056,1438976
2023-08-07,403.88433837890625,406.2812720129931,394.50331014707893,399.4899549699695,1303793
2023-08-08,411.8741760253906,411.8741760253906,402.48817889277416,403.8843761782301,1141777
2023-08-09,424.05859375,431.64890899828225,415.07006975356006,420.2634208865265,1225579
2023-08-10,409.1095275878906,422.6932482648761,404.11551487436907,422.6932482648761,1044639
2023-08-11,398.9217224121094,408.9097476626932,396.9241173619926,400.5198125484096,1562199
2023-08-14,406.5126037597656,408.1106938019564,397.3236088779428,399.1214716057945,721682
2023-08-15,401.51861572265625,409.30926323829414,401.51861572265625,409.30926323829414,1296104
2023-08-16,396.52459716796875,401.3188370319942,393.7279623274595,401.11909481826274,955763
2023-08-17,392.32965087890625,399.52104182415565,390.3320456697855,395.92534635153095,794705
2023-08-18,388.9337158203125,390.5318060332798,385.68660158397006,389.53300346030466,956508
2023-08-21,389.3332214355469,390.3320239846181,385.9372988649117,388.53419158870383,796997
2023-08-22,388.3343811035156,390.3319860073013,380.7435068539557,389.73272892099106,600994
2023-08-23,389.7327575683594,397.9229199872806,384.5739339904439,397.9229199872806,962842
2023-08-24,386.5365905761719,394.5270110531987,384.13947052927085,394.5270110531987,842690
2023-08-25,385.9372863769531,389.73275422923285,383.739939128718,384.1394540392122,982976
2023-08-29,391.93011474609375,395.7255827268674,387.73516232233527,389.9325096449607,2061909
2023-08-30,395.12628173828125,395.12628173828125,390.5317840648411,392.12987418791164,1236061
2023-08-31,394.5270080566406,396.7243858635473,389.53299529643,389.53299529643,1270736
2023-09-01,392.1298828125,395.3260326479041,388.5341875767652,388.5341875767652,558135
2023-09-04,395.92535400390625,402.1179424642845,393.3284610856496,402.1179424642845,749879
2023-09-05,395.92535400390625,398.5222469221628,388.53422068351216,391.53062855510734,907553
2023-09-06,393.72796630859375,398.7219789178806,388.53418100252173,388.53418100252173,823859
2023-09-07,388.13470458984375,397.1239281782193,388.13470458984375,393.7280053632626,1007349
2023-09-08,391.93011474609375,395.3260373218129,386.53658706924153,386.53658706924153,550509
2023-09-11,393.32843017578125,401.31885053877147,386.5365850596534,386.5365850596534,725530
2023-09-12,395.7255859375,398.12270598210114,392.32963285319363,395.7255859375,681398
2023-09-13,393.32843017578125,400.51982069488633,388.534190150401,388.534190150401,626836
2023-09-14,397.1238708496094,397.1238708496094,388.5341634534047,388.5341634534047,862788
2023-09-15,393.927734375,402.11792778410785,393.927734375,400.51983754805804,2119362
2023-09-18,387.1358337402344,395.32599549981205,387.1358337402344,389.732726193186,544281
2023-09-19,381.5425720214844,388.33441713207077,380.7435421782512,382.54137456604326,811540
2023-09-20,382.74114990234375,390.73157031382453,382.5413771996428,390.73157031382453,1280770
2023-09-21,383.5401916503906,385.5377968152364,378.9456936750381,381.74235919444374,708649
2023-09-22,381.3428039550781,383.93969669870125,377.5473664320378,383.34040906847514,886354
2023-09-25,377.7471618652344,379.79469503725454,371.9540883991867,373.5521786822701,737224
2023-09-26,378.3463439941406,382.34155366876104,372.1537872870975,372.1537872870975,642297
2023-09-27,375.74951171875,385.37795194366294,375.3499663349587,378.5461465190899,685053
2023-09-28,372.7531433105469,378.34641349769396,371.35479528272367,376.1490660616109,624475
2023-09-29,375.94927978515625,381.34280754590816,373.35238701708005,381.34280754590816,1068050
2023-10-02,370.15625,380.14427600927667,368.9576746864722,376.7483532623299,730100
2023-10-03,360.7674865722656,368.5581341255962,360.7674865722656,362.96483385295755,643529
2023-10-04,356.9720458984375,361.5665439900991,355.7735010578105,359.56893877468417,656580
2023-10-05,362.56536865234375,367.75915472077065,359.36918792084435,366.161064355021,1037823
2023-10-06,364.96246337890625,370.3559913143509,354.37514973908594,361.76631335247504,724648
2023-10-09,361.76629638671875,366.7603091447848,356.9720258503544,356.9720258503544,594565
2023-10-10,370.3559875488281,371.95407778631363,363.28447863532756,364.16342978999637,506239
2023-10-11,370.55572509765625,377.7471152434472,363.1645927417802,363.1645927417802,629831
2023-10-12,370.95526123046875,374.9504714332332,369.95645867977765,370.5557463063993,462537
2023-10-13,360.96722412109375,370.9552493069626,360.96722412109375,370.9552493069626,616661
2023-10-16,360.3679504394531,367.3595683397388,357.5713154717529,361.96604062715403,512414
2023-10-17,365.7615051269531,368.75791276978117,360.96723460980746,368.75791276978117,735396
2023-10-18,360.7674865722656,367.1598166776951,359.7686840407599,366.36075636387,599758
2023-10-19,355.1741638183594,360.76746373696193,355.1741638183594,355.5736787094669,726704
2023-10-20,347.58331298828125,353.5761287294585,346.78428308187245,347.98282794148565,520408
2023-10-23,351.5784606933594,352.77703581995394,343.38826845070366,347.9827657946073,627899
2023-10-24,346.7842712402344,354.17540430576065,346.7842712402344,351.3787387667534,540274
2023-10-25,344.5868835449219,348.18257886072814,339.592870739923,339.592870739923,835559
2023-10-26,338.99359130859375,352.77708527248416,338.5940763707352,346.98401198990905,2262968
2023-10-27,342.58929443359375,345.04036603061587,337.9947963420671,339.5928866105594,642981
2023-10-30,342.58929443359375,346.1849899174423,335.99719112671085,335.99719112671085,785973
2023-10-31,342.58929443359375,350.5797152950187,335.7974488937972,343.18858209440793,861348
2023-11-01,347.9828186035156,349.38113614272635,340.79145819570226,343.58809327412365,1342061
2023-11-02,358.1706237792969,358.238535529354,349.58091519543035,350.3799450948909,824722
2023-11-03,366.7602844238281,369.15740428991836,358.17057696272457,362.9648166949051,1678161
2023-11-06,363.96368408203125,369.35721236277885,361.3667910635859,367.75915248777085,712810
2023-11-07,369.5569152832031,371.35474754351924,361.56649549329603,361.56649549329603,424234
2023-11-08,371.155029296875,375.7994550033675,363.5641239102346,363.5641239102346,501193
2023-11-09,345.38592529296875,364.96246225879287,337.19576229940384,362.96485706801565,1182725
2023-11-10,343.3883056640625,346.18497110218357,336.3966877903122,345.3859107708483,847804
2023-11-13,349.7806701660156,351.77827529436286,343.5880820757251,344.5868846398987,648980
2023-11-14,370.55572509765625,370.55572509765625,346.18495035186066,349.9803876348412,910168
2023-11-15,375.5497741699219,381.74236242577655,361.9660528377813,371.5545638064121,652442
2023-11-16,365.96124267578125,375.7495258060107,365.56172775804487,371.9540578849295,1183570
2023-11-17,364.5628967285156,369.357136328697,357.37150684721155,359.36911176079246,763880
2023-11-20,364.5628967285156,369.357136328697,363.1645793852154,365.56169918530605,739635
2023-11-21,361.9660339355469,366.96004662914174,360.5677164775472,364.7626993325807,871371
2023-11-22,361.76629638671875,370.75551935123764,359.56891858075574,359.76869128349233,687550
2023-11-23,363.96368408203125,365.16225946932553,359.9684734324348,362.96488141963215,1351778
2023-11-24,369.5569152832031,373.9516400714455,364.3631302273505,373.352352490996,799288
2023-11-27,366.1610107421875,372.9528557008723,364.7626933072858,372.55334078819095,754540
2023-11-28,366.1610107421875,376.74832357393,363.7638907850654,375.94926326753335,943902
2023-11-29,375.74951171875,376.1490266215081,365.1621991499778,374.5509365294425,584405
2023-11-30,369.3571472167969,378.34636959289986,369.3571472167969,376.14902241180556,1618726
2023-12-01,372.3535461425781,373.95163618013646,366.16098915845885,373.75189397608676,366794
2023-12-04,374.5509338378906,376.9480537182465,360.1681840747222,371.1550114673003,490086
2023-12-05,377.1478271484375,382.14183960940454,370.35595191290247,376.9480544575856,432948
2023-12-06,383.3403625488281,385.5377400993197,376.5485181799055,378.5461230508864,1731183
2023-12-07,383.7399597167969,386.93610965326155,379.1454617970287,382.54138443997545,1015604
2023-12-08,393.12872314453125,394.1275257793085,383.3404390350918,385.33804430464625,327507
2023-12-11,393.32843017578125,398.9217305260814,390.53179524114853,394.7267781241323,515270
2023-12-12,382.3415832519531,397.5233933825962,380.5437509516813,392.7291535945159,618479
2023-12-13,385.9372863769531,391.5305865669738,383.3403937371899,391.5305865669738,643484
2023-12-14,392.7291564941406,399.12148641912177,386.33679608812605,396.52459381430754,502690
2023-12-15,388.3343811035156,396.72434608424084,388.3343811035156,392.7291362766695,3219961
2023-12-18,388.5341491699219,392.5293589300239,383.3403642893766,392.5293589300239,703985
2023-12-19,386.93609619140625,394.52700155809805,380.14425114180716,394.52700155809805,630404
2023-12-20,386.7363586425781,390.731568833179,386.7363586425781,386.9361008634873,554834
2023-12-21,385.7375793457031,389.3332443491489,384.7427697536457,388.1346995083458,1445094
2023-12-22,383.5401916503906,389.73277985382686,380.94329883988394,389.73277985382686,153939
2023-12-27,384.7387390136719,384.7387390136719,372.9528511079934,372.9528511079934,779941
2023-12-28,379.5449523925781,388.9336898555562,378.1466349799701,384.5389649240594,513425
2023-12-29,376.34881591796875,379.5449965019792,372.5533781453638,377.3476185403424,395875
2024-01-02,371.9540710449219,385.3380193893462,371.9540710449219,385.3380193893462,309709
2024-01-03,368.5581359863281,374.95046612403047,367.15981853136736,369.9564534412889,567434
2024-01-04,369.5569152832031,373.1526102848678,366.76028054914866,369.5569152832031,2432635
2024-01-05,368.9576721191406,371.3547922484798,364.36317409063616,367.7591272949891,708969
2024-01-08,375.74951171875,375.74951171875,360.56770156567666,360.56770156567666,543111
2024-01-09,377.9468994140625,381.9421098317186,373.35240133755065,381.9421098317186,438534
2024-01-10,367.5593566894531,377.94689763012167,366.76032680210795,377.94689763012167,840282
2024-01-11,359.3691101074219,367.5593024078353,359.3691101074219,364.96240993592136,615010
2024-01-12,359.3691101074219,370.3559370815691,356.37270275083625,370.3559370815691,700236
2024-01-15,357.77105712890625,359.56888938341035,352.57727208984403,356.5724819718819,715679
2024-01-16,363.3643493652344,363.7638947633193,352.37752150065455,352.37752150065455,3284811
2024-01-17,358.3703308105469,362.76508626898885,354.1753785288984,361.56651105649854,473619
2024-01-18,356.5724792480469,365.16218652501857,351.9779818225939,358.5700841738062,415982
2024-01-19,353.1766052246094,363.36437344930687,349.78068248304356,358.1706182213345,303196
2024-01-22,350.7794494628906,361.56650424804326,350.7794494628906,356.5724917584294,571305
2024-01-23,352.3775329589844,354.57491079576664,350.1801856032374,352.9768205945646,294604
2024-01-24,355.7734680175781,358.57010286702445,351.97800017214814,355.37392262677116,336289
2024-01-25,345.7854309082031,356.37271281565705,341.1909334021392,350.37989793323436,686480
2024-01-26,354.1753845214844,354.1753845214844,345.9851915533028,353.17658198785415,390247
2024-01-29,354.3751220703125,354.97440967880124,344.18735465013975,344.18735465013975,364292
2024-01-30,353.7759094238281,355.9732569565186,350.77950148567385,353.57613670220275,190041
2024-01-31,350.979248046875,357.57135168817183,347.1838101375722,354.7747164372159,390526
2024-02-01,346.7842712402344,353.1766017163372,343.38831805136584,343.38831805136584,347398
2024-02-02,346.38470458984375,353.5760949853493,344.9863871465605,353.5760949853493,329699
2024-02-05,338.99359130859375,352.17779762517836,338.99359130859375,347.1837846993563,616875
2024-02-06,344.5868835449219,345.3859134013076,337.2876205297835,337.7950383225375,463274
2024-02-07,343.9875793457031,347.583274488341,341.59045941095576,344.1873520406961,526520
2024-02-08,342.7890319824219,351.3787091424496,337.19573185700756,344.3870916059401,203688
2024-02-09,345.5856628417969,348.98158522438246,339.3930751880566,342.98877026180793,416387
2024-02-12,354.5749206542969,355.1742083065395,345.78547002485834,345.78547002485834,2284035
2024-02-13,348.38232421875,356.57251748505047,343.9875990070181,355.57371491506433,215936
2024-02-14,359.7687072753906,360.1682222175876,348.64203172493643,349.3811358920526,294955
2024-02-15,351.5784606933594,363.7638627166214,350.3798855667648,350.3798855667648,367856
2024-02-16,345.5856628417969,362.565305235758,343.1885429529737,362.565305235758,1567720
2024-02-19,346.58447265625,347.38350247572413,343.9875800214085,345.5856701413905,210479
2024-02-20,366.9600524902344,371.55455033793197,352.9768167248283,354.37513420516194,783294
2024-02-21,378.9456787109375,378.9456787109375,362.9648380232351,374.55095361802626,1289102
2024-02-22,366.7602844238281,380.14423161711215,366.7602844238281,372.1538117427894,5361990
2024-02-23,351.1789855957031,361.7662988099268,347.58329028960367,359.56892098924516,775126
2024-02-26,349.5809020996094,353.775885117219,345.9852067246634,347.58329694475447,931459
2024-02-27,354.3751220703125,355.57369728729,341.79023469721875,341.79023469721875,1220071
2024-02-28,342.18975830078125,354.3751310714009,341.19095575494185,348.58208849794636,332399
2024-02-29,336.5964660644531,345.18617426200825,336.5964660644531,341.19096398231153,1922603
2024-03-01,345.1861877441406,345.58570269150727,336.3967064968907,341.990007203134,623866
2024-03-04,341.989990234375,346.79623985481317,339.9923851156216,345.78545824862755,1153620
2024-03-05,346.9840087890625,350.1781774761665,339.7926485308389,345.78546398654305,1248652
2024-03-06,349.381103515625,356.57249373290364,342.58925868455447,355.97320613462483,971891
2024-03-07,367.1597900390625,372.1538023342591,349.7806333479847,352.1777531534726,1550962
2024-03-08,359.56890869140625,365.7614965335052,358.96962108071375,364.56292131212024,413953
2024-03-11,367.7591247558594,368.5581546331103,358.3633758952235,368.5581546331103,754269
2024-03-12,354.5749206542969,361.56653880804356,323.41226754803995,350.57971028072734,2639075
2024-03-13,362.36553955078125,366.1610073890821,354.97440705024144,361.96602464175845,1642373
2024-03-14,372.952880859375,372.952880859375,355.17420695695984,358.17061472575136,596380
2024-03-15,369.7567138671875,375.3499837270349,358.1705982641535,374.5509538844952,2372589
2024-03-18,360.3679504394531,370.1562337884741,358.3703453250858,366.76031119025663,598582
2024-03-19,355.37396240234375,362.1658385528108,352.37755452211815,358.5701430003326,582845
2024-03-20,350.7794494628906,356.17297685546697,349.58087427297,353.57608426466106,601633
2024-03-21,355.1741638183594,358.57008611432195,350.5796663680418,356.9719960688595,226398
2024-03-22,348.1825866699219,356.1730073371328,344.38711856437516,351.9780242944327,391765
2024-03-25,350.37994384765625,352.7770944995785,345.1861885575771,348.18259639144316,1283204
2024-03-26,356.9720458984375,358.17062122010105,342.9888093905331,342.9888093905331,461778
2024-03-27,352.3775329589844,359.1694086938343,351.17898816885935,354.57491079576664,245102
2024-03-28,344.1873779296875,352.5773135728919,343.98760521966807,343.98760521966807,877071
2024-04-02,349.5809020996094,354.57491498674665,331.20294077115136,342.38951134971745,518432
2024-04-03,346.1849670410156,351.97800959032105,341.8002092521626,349.3811168857572,488604
2024-04-04,341.46160888671875,344.2588552043831,337.865197244154,341.26182517733514,433412
2024-04-05,336.8662109375,340.0630248988637,334.46856235726705,334.46856235726705,622863
2024-04-08,333.6693420410156,339.0639899765409,332.47051783873627,339.0639899765409,512978
2024-04-09,331.4715576171875,340.9501725640555,327.6753312187478,329.47353730487805,1293679
2024-04-10,334.268798828125,337.0660150242285,323.67928525024183,329.6733460882093,461857
2024-04-11,334.8681640625,336.26677196447366,332.670329868423,334.66834986763274,1643183
2024-04-12,334.0689697265625,342.2498587618097,334.0689697265625,336.8662162854529,1718199
2024-04-15,336.46661376953125,344.65850937572884,331.87119136775163,344.65850937572884,504791
2024-04-16,327.8751525878906,333.2698014511778,327.8751525878906,331.27178109534026,724192
2024-04-17,322.2806396484375,336.0669657765018,322.2806396484375,336.0669657765018,491808
2024-04-18,320.88201904296875,329.8731088986107,318.6841848833102,320.6822048512306,219686
2024-04-19,320.28265380859375,326.47649832281246,314.6881909825413,319.8830558540264,305103
2024-04-22,327.4754638671875,328.4744738612758,314.6881481378039,314.6881481378039,427764
2024-04-23,330.67236328125,331.67137344222056,319.68325151057405,319.68325151057405,330750
2024-04-24,326.07684326171875,333.4695108323158,322.8800296976747,330.472480966882,445387
2024-04-25,326.07684326171875,330.472480966882,321.2816076719705,325.6772453771338,457651
2024-04-26,329.4735107421875,332.670355179096,319.4834099860585,325.6772846498057,339213
2024-04-29,333.46954345703125,333.8691718680779,319.683216922208,322.08083495165107,324441
2024-04-30,325.47747802734375,333.86918724801603,323.2796741021805,327.87512665460366,336828
2024-05-01,322.2806396484375,330.27271983569017,319.28360957821775,322.4804233606989,948888
2024-05-02,322.2806396484375,329.473493524545,321.68122753692023,329.473493524545,444599
2024-05-03,313.4893493652344,324.4784601911171,313.4893493652344,321.4814299658763,609333
2024-05-07,319.28363037109375,324.6782787513346,317.68520813207505,319.6832283090063,536590
2024-05-08,320.0827941894531,327.075864108331,315.88697053054557,320.0827941894531,464163
2024-05-09,329.67333984375,329.67333984375,321.28166092701935,326.076897311617,1242410
2024-05-10,335.2677917480469,337.46559564999785,330.47252503154135,334.6683795975626,849031
2024-05-13,333.0699768066406,341.06205798010467,333.0699768066406,341.06205798010467,526942
2024-05-14,340.2628479003906,342.06105389465404,333.26977716457026,335.66739531937776,539521
2024-05-15,344.45867919921875,344.45867919921875,338.343736023781,340.46263869580616,452795
2024-05-16,338.464599609375,343.259866239047,333.2697655364401,339.66342388863495,686589
2024-05-17,340.0630187988281,340.2628330060527,333.46954629619717,333.46954629619717,346012
2024-05-20,347.2558898925781,349.2539099374291,340.2628197355996,346.45666358221786,334685
2024-05-21,340.4626159667969,344.8582846169951,336.2667920107452,338.6644100552558,297844
2024-05-22,339.6634216308594,347.05609000417513,339.26382370288485,347.05609000417513,2486809
2024-05-23,325.2776794433594,341.4616240139714,322.8800614129762,338.0649959303146,1038595
2024-05-24,332.0709533691406,332.0709533691406,322.28066651844193,323.8790887866335,363703
2024-05-28,328.8741149902344,338.06498899950526,325.47745648884654,337.26579316821795,489353
2024-05-29,328.8741149902344,333.6693509526916,326.6762807231442,333.46953675118647,393925
2024-05-30,330.67236328125,337.66543440804384,326.8761368645102,329.67335312027944,1185979
2024-05-31,332.6703186035156,338.4645642100724,328.87409292851146,331.6713086377393,1047176
2024-06-03,336.0669860839844,339.66342848304316,330.67233772908025,330.67233772908025,388373
2024-06-04,325.47747802734375,336.4665891152664,324.6782821431696,332.67036293438605,811729
2024-06-05,323.67926025390625,328.0748984314858,318.88402414879545,319.0838078688773,715838
2024-06-06,325.0778503417969,329.47348827730707,323.4794282323297,325.4774482473222,722001
2024-06-07,323.67926025390625,328.0748984314858,320.6822300663701,324.6782703164183,394617
2024-06-10,322.68023681640625,330.87213118440087,320.6822167741994,330.87213118440087,987588
2024-06-11,318.4844055175781,326.07688832338056,318.4844055175781,322.28066216416363,170852
2024-06-12,321.2816467285156,322.2806568051047,314.48835991528915,314.6881741255542,445147
2024-06-13,317.4853515625,328.474461069523,317.4853515625,328.474461069523,446552
2024-06-14,310.09271240234375,319.0668213592621,310.09271240234375,313.8889688722747,652942
2024-06-17,315.28759765625,315.28759765625,308.29452686755724,311.09174298808665,357887
2024-06-18,322.8800964355469,324.0788903370871,315.4873968495475,320.082849690545,477144
2024-06-19,320.4824523925781,324.87812155861315,319.4834422161831,324.87812155861315,366761
2024-06-20,317.4853515625,325.8770595759363,317.4853515625,320.2825977294336,425513
2024-06-21,318.4844055175781,319.68322982436695,313.3564910993577,317.68520963796465,2289688
2024-06-24,318.8840026855469,323.2766223180752,314.4883343164607,322.2806305719962,645477
2024-06-25,314.68817138671875,322.0808397916633,311.8909553915617,322.0808397916633,354388
2024-06-26,307.8949279785156,313.48936020246845,307.49529954477407,309.6931339808763,600195
2024-06-27,314.8879699707031,315.0877536819482,306.696075625499,306.696075625499,545716
2024-06-28,306.49627685546875,317.4853876102099,306.49627685546875,314.2885736830695,463663
2024-07-01,304.69805908203125,316.28658152491954,301.5012147917977,316.28658152491954,371355
2024-07-02,304.09869384765625,307.29553863072704,299.1036429287152,301.70107550403884,662790
2024-07-03,307.49530029296875,310.6921448464652,303.69907406213963,306.6961043982792,824479
2024-07-04,312.0907287597656,312.49032667619394,306.69608066956584,312.49032667619394,361798
2024-07-05,310.09271240234375,322.8800592926946,303.09964207535046,303.09964207535046,729692
2024-07-08,312.8899841308594,312.8899841308594,307.0957070988837,312.49035568996,440164
2024-07-09,310.29254150390625,315.88700413156675,309.29353140923,313.0897575740522,513918
2024-07-10,316.2865905761719,319.88303288376324,310.09271601935524,317.68519856041087,492714
2024-07-11,319.4834289550781,322.0808614033653,315.4873884153655,316.28661481572993,424325
2024-07-12,323.67926025390625,323.67926025390625,317.68519987883394,317.68519987883394,440507
2024-07-15,321.2816467285156,324.6782748914448,318.4844002216454,322.6802547382667,398153
2024-07-16,320.0827941894531,327.4754620062224,315.08774424739744,321.4814020757556,452140
2024-07-17,327.8751525878906,327.8751525878906,319.28365896031494,319.6832569340082,425446
2024-07-18,327.4754638671875,330.87212223698003,324.6782480786866,326.6762680668631,619934
2024-07-19,319.6831970214844,327.6752769470215,314.8879612611083,327.6752769470215,616073
2024-07-22,317.6852111816406,325.277694024336,317.0857990253336,325.277694024336,338414
2024-07-23,316.2865905761719,319.88303288376324,314.8879825919329,319.88303288376324,184351
2024-07-24,312.8899841308594,325.27770361450075,312.2905719568799,325.27770361450075,461451
2024-07-25,315.0877685546875,322.08083901304235,309.2935223698548,312.6901504950108,382533
2024-07-26,324.078857421875,325.87709382260266,313.88897310055523,314.08875682016884,369888
2024-07-29,314.68817138671875,326.4764779929249,314.68817138671875,324.6782720656622,505188
2024-07-30,319.28363037109375,322.68025857440324,312.2905597518342,312.2905597518342,517524
2024-07-31,323.67926025390625,325.4874660280637,319.683220003858,319.683220003858,392603
2024-08-01,325.0778503417969,329.47348827730707,317.28558447827277,322.88004661772476,849109
2024-08-02,316.0867614746094,322.88004784379945,312.2905356266547,322.88004784379945,810094
2024-08-05,308.694091796875,313.6891418259506,298.10457963776145,313.6891418259506,957668
2024-08-06,286.71588134765625,328.67430300828886,281.12141902876516,299.7030118616616,2626634
2024-08-07,282.1204528808594,291.6510179989563,280.72184480492797,284.7178853003718,1848928
2024-08-08,281.7208557128906,283.7188759661735,274.72778482640047,283.7188759661735,1597113
2024-08-09,294.1085205078125,295.5071283276203,280.7217933970284,282.12040121683617,1016767
2024-08-12,294.1085205078125,300.50217803219374,292.9097268711332,294.7079325698341,1617011
2024-08-13,296.70599365234375,304.8978885003187,294.7079734930687,294.7079734930687,765779
2024-08-14,298.5041809082031,308.09468316963296,298.5041809082031,304.09864310131775,1071421
2024-08-15,303.1351623535156,303.1351623535156,293.3437287660198,293.3437287660198,918481
2024-08-16,301.33673095703125,304.93359451374624,292.5443944305125,292.5443944305125,4256298
2024-08-19,294.54266357421875,308.13079854106377,294.54266357421875,305.932737165698,851611
2024-08-20,296.7407531738281,298.1395250367289,293.34372708080053,294.54266132431275,3427952
2024-08-21,298.9388427734375,301.5365488602993,295.5417862150374,297.7398780480093,4402895
2024-08-22,300.3376159667969,303.33499730281096,297.73987937739673,298.5391688706246,4947267
2024-08-23,305.333251953125,306.13254144746884,298.73900690649924,300.7372611332986,767524
2024-08-27,302.3358459472656,309.92921748779605,301.13688131262603,304.73374472560755,1888484
2024-08-28,305.7328796386719,305.7328796386719,295.7416090622447,301.73637140810104,1305579
2024-08-29,305.5330505371094,308.730269406955,304.53392345164997,308.730269406955,1075034
2024-08-30,305.5330505371094,308.730269406955,305.5050903461497,305.7328881505768,1298650
2024-09-02,300.9371032714844,305.7329012914447,300.9371032714844,305.7329012914447,807254
2024-09-03,303.734619140625,304.5339085735675,300.937075634389,300.937075634389,1109398
2024-09-04,303.1351623535156,304.4340459051238,301.1369081119091,301.33674573244576,1171677
2024-09-05,302.93536376953125,307.13167950071625,302.93536376953125,305.53306996414733,997097
2024-09-06,290.7460021972656,308.33064622903413,290.7460021972656,302.7355280610704,2674863
2024-09-09,294.34283447265625,297.73986033805727,291.74509804937156,297.73986033805727,1639962
2024-09-10,289.9466857910156,297.5400270747615,289.9466857910156,294.7424834955855,744028
2024-09-11,286.7494812011719,294.34285335207375,286.7494812011719,292.5444062555514,970294
2024-09-12,287.1491394042969,292.5444199648192,287.1491394042969,289.5470384877578,693833
2024-09-13,293.3437194824219,296.5409078732452,285.75034750644056,285.75034750644056,824060
2024-09-16,293.3437194824219,297.140390224943,289.746855863174,289.746855863174,704618
2024-09-17,291.9449462890625,298.9388358806053,289.7468545067735,289.7468545067735,756442
2024-09-18,291.7451171875,295.14214327574183,291.7451171875,292.74424430115585,916143
2024-09-19,294.74249267578125,297.93971157236876,289.7468572067002,289.7468572067002,898656
2024-09-20,288.9475402832031,295.54175408330707,287.14909339059056,291.74508368379657,2173824
2024-09-23,294.74249267578125,297.14039160275235,290.74598430051645,294.74249267578125,675861
2024-09-24,302.7355041503906,302.7355041503906,294.0311034504269,297.14038642434093,787488
2024-09-25,292.944091796875,303.9344904176304,292.34460941028203,302.7355256444444,2376795
2024-09-26,297.939697265625,301.536530237896,293.47957437487116,294.1429961968734,1409243
2024-09-27,303.3349914550781,304.9336009016553,298.73900073027073,302.93534671616857,635412
2024-09-30,300.53741455078125,306.9318522785782,298.9388356097709,306.7320146654825,743867
2024-10-01,295.3419494628906,302.5356456210549,293.74334015298643,301.7363562115711,1101729
2024-10-02,294.74249267578125,298.7390010510461,290.94582191565536,298.7390010510461,673759
2024-10-03,301.73638916015625,301.73638916015625,293.34372748037964,293.34372748037964,1079172
2024-10-04,304.93359375,305.1334008692991,301.1358863910893,305.1334008692991,829562
2024-10-07,307.73114013671875,310.72852137181667,304.73375890162083,305.1334036347795,717471
2024-10-08,299.3384704589844,307.73113158586585,299.3384704589844,305.73287748465896,1969807
2024-10-09,300.3376159667969,300.7372607134108,297.5400417586199,299.33848885479216,370983
2024-10-10,296.9405822753906,304.73376135295956,295.1421352253016,296.34109992536094,563524
2024-10-11,296.9405822753906,301.93621770740634,295.1421352253016,301.93621770740634,274416
2024-10-14,296.9405822753906,300.9370906210032,294.14300813889844,300.9370906210032,416090
2024-10-15,294.54266357421875,298.73900968591533,294.14301882332865,295.9414659387443,539895
2024-10-16,297.5400390625,299.93796850233446,296.3411048335222,293.54353065069506,310575
2024-10-17,301.93621826171875,303.13515247304025,296.7407452065087,300.3376088223511,546594
2024-10-18,304.93359375,305.5330455988357,300.7372478625197,301.9362125420679,421356
2024-10-21,306.7320556640625,309.72644920309807,299.5383275042285,299.5383275042285,625299
2024-10-22,314.72503662109375,314.72503662109375,306.931857434471,308.9301116352398,914774
2024-10-23,306.7320556640625,315.7242006183836,305.1334460184391,308.7303100983561,625510
2024-10-24,307.33148193359375,313.7258888566891,304.73374554551015,313.7258888566891,209031
2024-10-25,305.7328796386719,307.5312961460536,303.334980798517,306.7320066963146,386187
2024-10-28,307.73114013671875,309.1299119482434,302.7355047448889,302.7355047448889,319536
2024-10-29,312.5269470214844,313.9257493646996,307.1316667393128,313.9257493646996,516800
2024-10-30,312.5269470214844,318.12206492152654,308.9301138273297,311.9274951497516,728961
2024-10-31,300.9371032714844,312.72679119026856,296.74075713581396,311.72766406186514,1147760
2024-11-01,314.1255798339844,315.32454464842283,301.53657124614784,304.1343080168033,1265900
2024-11-04,316.5234375,318.5216916016185,313.57603099467536,314.72502100491846,555644
2024-11-05,320.7198181152344,321.91878290269585,314.7250551598094,314.9248927880334,814113
2024-11-06,328.5129699707031,336.7357967723651,319.52082629824656,324.71629928315247,1499024
2024-11-07,335.7066955566406,335.7066955566406,323.71717071533203,323.71717071533203,974127
2024-11-08,330.51123046875,337.10349347569337,330.4113421521104,334.7075764595438,1267529
2024-11-11,340.70233154296875,342.30094095631404,326.7145525353395,329.71193375126006,874203
2024-11-12,337.3053283691406,342.7006088238647,336.7058459872956,338.90393789041383,1019046
2024-11-13,336.30615234375,340.30266032052435,331.31051737278204,331.31051737278204,989090
2024-11-14,338.304443359375,340.9021799267864,333.70845258486855,336.90567151259637,461241
2024-11-15,340.3027038574219,341.50163810927916,332.70933163189926,332.70933163189926,775328
2024-11-18,336.9056701660156,342.3009504054198,334.10809599270056,340.902178564232,1009860
2024-11-19,335.5068664550781,338.90392297235286,332.509485168734,333.1089675241907,427138
2024-11-20,329.7119445800781,338.70408852317115,329.7119445800781,338.30444377944383,685800
2024-11-21,338.9039001464844,340.50247899878235,328.5129546609247,330.5112087172343,688096
2024-11-22,339.9030456542969,343.0972459116509,338.9039185718221,340.7023351239012,469339
2024-11-25,339.1037292480469,342.5007552658791,337.1054750621527,339.903049216968,886564
2024-11-26,338.9039001464844,344.6988247134074,335.7376602521469,339.3035448595589,569672
2024-11-27,340.50250244140625,342.5007566352899,334.10809511916625,334.10809511916625,449237
2024-11-28,341.3017883300781,347.4963574179453,339.70317903642535,347.4963574179453,272631
2024-11-29,340.10284423828125,343.6997077430825,338.5801877749,339.3035547887423,370441
2024-12-02,344.2991943359375,344.2991943359375,338.30443191740443,342.1011025861,484137
2024-12-03,341.90130615234375,347.89305015523775,339.7032143338081,339.7032143338081,309229
2024-12-04,341.70147705078125,344.29921367625593,337.7049685472634,343.1002489288245,654109
2024-12-05,342.1011047363281,348.4955119247669,337.7648968852472,348.4955119247669,547232
2024-12-06,351.6927185058594,352.89168315168615,341.30180337546466,342.7005751349709,407179
2024-12-09,339.7032165527344,355.68925027286303,337.30531759290295,339.90305417061177,6237176
2024-12-10,334.3079528808594,341.3018429809153,334.3079528808594,336.7058519598332,1005781
2024-12-11,322.7180480957031,335.1072178377219,317.5225750631119,329.71193768291647,4368250
2024-12-12,303.734619140625,322.5181952332098,302.9353297076825,321.9187434039716,901656
2024-12-13,307.9309997558594,311.92750835494417,302.1360439926219,302.1360439926219,1611882
2024-12-16,305.9327087402344,310.52866868485154,305.732871137887,307.5312875952644,583552
2024-12-17,307.13165283203125,309.9292269008447,304.73375398086125,304.73375398086125,849539
2024-12-18,309.529541015625,310.9283432472927,306.53215993222926,307.3314798490304,1852919
2024-12-19,307.33148193359375,309.72938071838735,304.52393740571176,309.72938071838735,932926
2024-12-20,308.5304260253906,311.32800010693853,302.53566362470866,306.1325271633055,1516150
2024-12-23,309.12994384765625,310.5287158035215,302.1360535773883,302.1360535773883,375494
2024-12-24,315.1246643066406,315.1246643066406,309.7293843547772,309.7293843547772,195085
2024-12-27,307.33148193359375,314.9248534945546,307.33148193359375,313.92572645997916,268652
2024-12-30,311.128173828125,312.1273009312923,305.7328935692092,307.7311477755439,462357
2024-12-31,314.72503662109375,315.5243261050256,304.5339280007969,304.5339280007969,121396
2025-01-02,308.33062744140625,318.52170551009885,308.33062744140625,314.9248723628774,393968
2025-01-03,309.7294006347656,310.9283653497275,307.3315016957811,308.33062879460294,334577
2025-01-06,309.32977294921875,313.9257639554003,307.731163404772,309.7294177125952,545016
2025-01-07,294.74249267578125,312.72678036447303,294.74249267578125,309.12991672854685,1106992
2025-01-08,284.751220703125,300.7372541461075,284.751220703125,294.742491604989,1022910
2025-01-09,284.1517028808594,286.34979440126267,278.35677867752014,283.15257591539154,1338648
2025-01-10,275.3594055175781,286.14996485142655,275.3594055175781,285.35067545296965,522700
2025-01-13,272.7616882324219,276.35855175785025,270.16395177011594,274.75994235866676,739862
2025-01-14,274.95977783203125,277.5225411683101,272.961523721307,274.560102617136,757436
2025-01-15,287.54876708984375,289.3472141638208,274.95979002670094,276.95804422604925,775195
2025-01-16,292.5444030761719,292.74424069281577,286.3498333424233,287.9484428027563,804734
2025-01-17,291.7451171875,293.5435337957046,288.1482534801511,290.1465077074628,622758
2025-01-20,294.34283447265625,296.3410885688848,288.7477169050287,290.74597100125726,3367199
2025-01-21,291.7451171875,297.1464042181838,290.7459900738442,294.3428537811931,606926
2025-01-22,292.7442321777344,293.54352163918213,289.5470133500663,292.3445874470105,674790
2025-01-23,288.9475402832031,297.34020097591963,287.6786294803792,292.74421068271363,468435
2025-01-24,289.5470275878906,294.143018444559,285.95019434357096,293.5435360735258,364149
2025-01-27,288.74774169921875,290.945833590191,284.3515884082146,288.74774169921875,436803
2025-01-28,295.14215087890625,297.34024278195005,287.14913376375137,288.14826090314574,488365
2025-01-29,295.7416076660156,297.7398617718671,292.94406411419874,295.7416076660156,337564
2025-01-30,302.5356750488281,302.5356750488281,294.5426582127593,294.74249583003683,871367
2025-01-31,300.13775634765625,302.93533035076854,298.73898459156885,300.93707627323295,852901
2025-02-03,293.54351806640625,299.1386357012568,289.74684743433164,296.94057446355924,582560
2025-02-04,290.3463134765625,294.3428214927824,290.14647587937696,293.1438568915419,556910
2025-02-05,289.9466857910156,299.13863647326417,287.9484316656218,299.13863647326417,851236
2025-02-06,292.1447448730469,294.74248131502793,288.14823665182615,292.5443895969814,635439
2025-02-07,288.74774169921875,293.943214991913,288.1482593206863,291.94496072409834,612086
2025-02-10,291.5452575683594,296.7407303636947,288.5478764535746,290.74596813412506,611153
2025-02-11,292.1447448730469,293.2437907320702,287.54875432045543,287.54875432045543,373546
2025-02-12,289.7468566894531,295.7416192416487,286.74947541335536,286.74947541335536,479694
2025-02-13,295.14215087890625,295.74163326073096,288.9475809092255,291.34547994558386,325026
2025-02-14,298.5391540527344,299.13863638837,294.542645803081,299.13863638837,462400
2025-02-17,301.73638916015625,301.73638916015625,290.7459908794883,290.7459908794883,463661
2025-02-18,299.138671875,302.5356981920048,297.2603078962837,300.73728146269104,479939
2025-02-19,290.9458312988281,300.537427316047,288.5479018035833,298.73901068555347,874261
2025-02-20,289.5470275878906,293.343728943808,287.94844858638857,289.5470275878906,620379
2025-02-21,296.7407531738281,299.3384897711809,288.95156818582217,290.54615286405914,466188
2025-02-24,291.7451171875,299.7381340967466,289.347218212914,294.3428537811931,387341
2025-02-25,294.54266357421875,295.34198356693906,289.746865581657,291.3454750761576,568733
2025-02-26,295.3419494628906,298.13949288702065,292.34456844092136,292.7442131456633,703243
2025-02-27,290.1465148925781,293.54354106494304,287.54877823455536,292.3446067934298,424975
2025-02-28,290.546142578125,292.7442343498234,286.34982713798087,287.7485989513622,1031251
2025-03-03,293.1438903808594,294.14301749905655,286.9493205426009,291.7451185135713,518722
2025-03-04,282.5531311035156,294.34284915387383,280.35506978259207,294.34284915387383,1131889
2025-03-05,288.9475402832031,296.7407186783821,284.4654336368769,287.7485756881281,670097
2025-03-06,286.1499938964844,293.14388356115865,284.95105967710373,293.14388356115865,888979
2025-03-07,286.3498229980469,288.3480771285414,280.7547053344747,284.3515688675524,761056
2025-03-10,292.7442321777344,298.53915700057695,285.95018028261285,285.95018028261285,1140639
2025-03-11,282.15350341796875,299.33850273785055,278.75647717778963,292.74425739459633,986644
2025-03-12,288.9475402832031,292.5443730865557,281.7538136946254,289.7468296859623,562187
2025-03-13,291.9449462890625,293.5435252315212,286.14999090436373,290.9458192045564,393308
2025-03-14,296.5409240722656,299.5383055035524,285.55052549088066,285.55052549088066,500548
2025-03-17,299.3384704589844,299.937952787534,294.7424799280209,296.7407340292278,496473
2025-03-18,296.7407531738281,300.3376168862443,296.54091555443955,299.73813451901833,609649
2025-03-19,294.54266357421875,297.3402378123298,292.7442469497431,292.7442469497431,353506
2025-03-20,292.1447448730469,297.340217757009,290.1464907624365,290.1464907624365,815964
2025-03-21,289.7468566894531,293.54352744280135,286.149993059948,293.3437203189583,2880503
2025-03-24,290.3463134765625,293.1438568915419,283.7520691516124,283.7520691516124,494385
2025-03-25,289.7468566894531,292.54440035076874,287.54876489060575,287.54876489060575,352916
2025-03-26,290.1465148925781,291.34547965503185,288.1482606157822,290.1465148925781,492090
2025-03-27,289.7468566894531,291.3454661348931,283.75209413725753,283.75209413725753,806904
2025-03-28,284.3515930175781,290.9428197033027,284.3515930175781,287.74861922974105,497741
2025-03-31,283.3524475097656,289.94669237141045,278.9562944323154,289.94669237141045,531468
2025-04-01,281.75384521484375,285.150871293005,280.55488048563876,280.55488048563876,652137
2025-04-02,284.5513916015625,284.5513916015625,278.69752751458043,280.55488312125436,526900
2025-04-03,270.235107421875,282.22778997461177,265.43804660036784,280.8286497765863,868325
2025-04-04,270.235107421875,274.43255851492046,266.83718679839336,270.43499766400816,1227387
2025-04-07,259.0419616699219,268.8359737944439,256.6434007015764,266.63730307311704,5251955
2025-04-08,262.239990234375,267.2369413840352,260.04135002790616,260.24120977451093,2665988
2025-04-09,262.6397399902344,264.8354217946939,257.2430388532511,257.64278884507036,797268
2025-04-10,267.8365783691406,281.22840118780385,266.2375479208743,269.83535880473124,1294477
2025-04-11,268.0364685058594,275.43195001481433,263.039517418867,275.43195001481433,454049
2025-04-14,273.8329162597656,276.4313368934112,268.23632501013725,271.2344956261201,545863
2025-04-15,277.8304748535156,278.03036509256594,262.4398719146613,265.83779248573796,596106
2025-04-16,277.2308654785156,278.0303960246999,273.4331945057987,276.43136543130316,247752
2025-04-17,277.031005859375,278.2302559308135,272.23391407670556,278.2302559308135,348762
2025-04-22,274.232666015625,278.8298670561291,272.2338856066205,273.83291603361783,453559
2025-04-23,277.2308654785156,279.6293961191248,274.6324445766174,278.82989607191234,498727
2025-04-24,271.6342468261719,281.62814892424984,268.83596643829753,274.83230769714436,613850
2025-04-25,270.83477783203125,276.83111977665186,269.4356374780809,274.23269883418845,530582
2025-04-28,270.0352478027344,275.63180859740686,268.63607710509734,272.2338879723646,432624
2025-04-29,268.2363586425781,273.233310295752,267.83660861011873,270.83477960202305,1184378
2025-04-30,268.8359680175781,270.0352484759802,264.8384071548632,269.83535823325684,810583
2025-05-01,271.8341369628906,271.8341369628906,264.0389055289835,266.63729567430664,731130
2025-05-02,268.2363586425781,273.83295059392736,268.0364988758347,273.83295059392736,940858
2025-05-06,269.0358581542969,273.2332787591123,267.2369374674026,270.6348580995776,594107
2025-05-07,260.6409606933594,269.83536304101125,259.04196071895865,267.63669232775595,854087
2025-05-08,261.8402404785156,264.0389111859383,259.24181977855324,260.2412100093873,589997
2025-05-09,265.637939453125,268.0365006618085,260.6409877666556,267.4368603596376,578241
2025-05-12,272.43377685546875,274.2326670306436,266.0376856227742,267.4368258144622,995107
2025-05-13,270.235107421875,275.2320584855153,270.235107421875,272.8335280747618,321094
2025-05-14,267.037109375,271.8341707773645,266.6373288423258,271.8341707773645,302447
2025-05-15,267.43682861328125,269.8353590382721,266.0376884069507,266.6372981389716,365997
2025-05-16,269.83538818359375,270.0352784485039,266.9961168498215,269.83538818359375,373694
2025-05-19,267.2369689941406,271.0346705596309,263.63915769487653,269.8353899602187,565899
2025-05-20,271.43438720703125,271.43438720703125,263.8390155092441,263.8390155092441,629389
2025-05-21,267.8365783691406,269.83535880473124,265.83779793355,269.83535880473124,469909
2025-05-22,264.4386901855469,267.8366112433168,262.4399095046266,263.8390498814762,568889
2025-05-23,265.0382995605469,269.235720201271,261.84023864468816,261.84023864468816,527599
2025-05-27,265.637939453125,269.0358909991024,264.038939312633,264.43868934775594,578174
2025-05-28,262.6397399902344,266.2375509145464,259.60960638321325,265.03830093908863,939028
2025-05-29,261.44049072265625,266.23755163541455,254.84450909338648,266.23755163541455,504700
2025-05-30,260.6409606933594,263.03952165289957,260.24121069975916,261.2406009332444,1353339
2025-06-02,256.44354248046875,260.43710808784107,255.444152237364,256.8432924779167,382188
2025-06-03,257.6427917480469,260.640962468927,252.24609055025653,260.04135272392676,843639
2025-06-04,258.44232177734375,261.24060224557155,256.84329129594084,259.8414620114577,682650
2025-06-05,257.2430419921875,259.72154077006104,254.0449962701562,257.4429322400209,329227
2025-06-06,258.44232177734375,262.23999248407716,255.44415106182691,262.23999248407716,206117
2025-06-09,257.44293212890625,260.2412126035478,256.6434016368874,259.0419626139742,278964
2025-06-10,259.4417419433594,261.04077260921605,255.24429025785727,261.04077260921605,416585
2025-06-11,260.6409606933594,261.2406009332444,258.4423204790736,259.24182046627396,557443
2025-06-12,257.6427917480469,262.2399929531904,256.84329175540006,259.8414624762802,427028
2025-06-13,253.64524841308594,258.44232466134116,250.84695266414667,257.8426844117524,1277924
2025-06-16,257.2430419921875,257.842682236718,252.50594200843904,254.64463651468668,439445
2025-06-17,254.64463806152344,259.841464297578,253.44537281466236,259.841464297578,1232750
2025-06-18,254.64463806152344,256.84329355568286,252.04621731875366,253.84512281378773,936126
2025-06-19,253.0456085205078,253.6452487709426,249.84756276698738,253.0456085205078,602886
2025-06-20,256.24365234375,257.64279258491143,251.04682612724125,254.8445121025886,3674848
2025-06-23,258.6421813964844,259.2418216390822,254.04499545134556,254.64463569394337,246109
2025-06-24,257.8426818847656,264.23877332009766,257.8426818847656,259.2418221207805,615877
2025-06-25,254.0449981689453,258.8420744125891,253.44537316941796,257.24304391487954,292006
2025-06-26,254.64463806152344,256.2436533075098,253.84512281378773,253.84512281378773,297930
2025-06-27,259.6416015625,261.8402725391354,255.4441803784321,257.0432110433512,497329
2025-06-30,257.2430419921875,264.6385236774777,255.2442615097323,264.6385236774777,990734
2025-07-01,257.8426818847656,260.4411026082045,255.84390140503876,255.84390140503876,981416
2025-07-02,254.8445281982422,258.8420894248813,252.64587257348785,257.8426991182215,1308179
2025-07-03,258.6421813964844,262.85960942083045,254.24487044904987,255.24426068705634,841306
2025-07-04,256.0437927246094,259.24182320618013,254.42977199065777,256.84329272025957,1108798
2025-07-07,255.4441680908203,256.84330841820685,253.4453874805619,256.84330841820685,637397
2025-07-08,252.84573364257812,255.24426414650816,249.6476878875097,254.8445141456815,706107
2025-07-09,251.44659423828125,255.84390526014596,249.44781372843636,255.84390526014596,748720
2025-07-10,253.2454833984375,254.44476389872747,251.44659314697256,251.44659314697256,365302
2025-07-11,248.24853515625,254.8445169899003,247.44903514567378,254.8445169899003,596408
2025-07-14,246.84939575195312,249.84756655055983,246.84939575195312,247.84878601815535,531801
2025-07-15,246.44964599609375,249.84756680484554,245.850005735968,245.850005735968,877344
2025-07-16,244.65074157714844,248.0486624013439,244.45086657269317,244.8506165816037,528776
2025-07-17,246.64952087402344,248.01268761186995,245.25036535093773,245.45025560386802,371987
2025-07-18,244.05108642578125,248.4484125029616,243.8512114335195,248.4484125029616,797322
2025-07-21,246.84939575195312,247.84878601815535,243.85122495334642,245.45025547906408,386108
2025-07-22,243.85122680664062,248.6483031707667,243.85122680664062,246.84939762803376,881487
2025-07-23,247.0492706298828,249.04805116127264,243.25158457034516,243.25158457034516,772120
2025-07-24,247.84878540039062,250.64708118867918,246.34970000482375,247.04927013952457,730197
2025-07-25,247.84878540039062,248.64830066125666,244.250974351236,245.85000487296813,806387
2025-07-28,250.247314453125,252.04621996706058,247.64890893253818,248.64829919033738,1541182
2025-07-29,244.2509765625,250.04744319439914,244.2509765625,248.84817791698543,803701
2025-07-30,240.65318298339844,244.6507441118619,239.84467051136014,242.85183855415625,564441
2025-07-31,240.0535430908203,243.2515889487096,239.25402781397662,240.45330835398494,1020238
2025-08-01,245.0504913330078,245.25036633725668,237.85488443365156,238.65439970013233,1735671
2025-08-04,245.85000610351562,249.0480519135017,244.45086582711087,245.0504908386478,475214
2025-08-05,202.6763458251953,223.26377583315295,196.08036407295077,223.0639008329757,9474291
2025-08-06,203.0760955810547,208.27292182683163,202.27658033182323,204.8750010794542,3404014
2025-08-07,206.47402954101562,211.8707307334898,201.87682834040066,202.47646858377996,3126907
2025-08-08,205.67453002929688,209.07245100302023,204.47526470030544,206.6739203450374,2331780
2025-08-11,206.87379455566406,209.8719654912534,205.2747639568887,205.2747639568887,2339912
2025-08-12,205.67453002929688,209.87196630550986,205.07488974005815,205.07488974005815,1401332
2025-08-13,203.8756103515625,207.47342133991347,203.8756103515625,205.87439084520526,2765965
2025-08-14,201.11280822753906,204.91116457248884,199.71342100937812,203.91159791603766,1844336
2025-08-15,198.9137725830078,204.51135218370212,198.52394218150008,204.51135218370212,2209777
2025-08-18,198.81381225585938,200.11325202758073,197.2145146732757,197.51438773631563,1927644
2025-08-19,205.91073608398438,205.91073608398438,197.21450901825153,197.21450901825153,3421992
2025-08-20,206.51048278808594,206.71039307423058,203.71169302552948,205.31099056686375,1255576
2025-08-21,207.31011962890625,208.70952210722146,204.711255458624,205.91073240276788,1115998
2025-08-22,207.51004028320312,208.7095171991397,206.11063783779673,208.10977111508316,747963
2025-08-26,203.51177978515625,208.90943369359366,203.51177978515625,207.90986702520325,1488312
2025-08-27,203.31185913085938,205.51091805585494,202.71212826673295,203.31185913085938,531448
2025-08-28,200.51307678222656,205.11107423677416,200.51307678222656,202.31228455668878,1374725
2025-08-29,195.2153778076172,201.51265101151012,195.2153778076172,201.51265101151012,1352688
2025-09-01,212.30795288085938,212.90769897885363,199.91333237451045,199.91333237451045,2902071
2025-09-02,205.3109893798828,213.90726890399844,205.3109893798828,211.5083149797777,3294667
2025-09-03,207.11021423339844,208.9094373181529,198.4139871179586,198.913770460825,2793328
2025-09-04,207.31011962890625,211.50831181167501,206.51047850092823,207.31011962890625,906767
2025-09-05,209.90899658203125,209.90899658203125,206.31055053975433,207.51004272196442,1320591
2025-09-08,206.71038818359375,210.70865482059875,206.31055236858717,209.5091778799326,1406061
2025-09-09,206.91030883789062,208.70953196517738,205.31099600204072,206.51048825501695,2068575
2025-09-10,204.91116333007812,208.88444686625152,204.91116333007812,207.51004272196442,2558183
2025-09-11,206.71038818359375,206.73238182255005,204.51134458367636,205.111075427921,1199286
2025-09-12,205.111083984375,207.70996350771432,204.71126340486623,207.11021738627375,992524
2025-09-15,203.71168518066406,206.1106390263712,203.71168518066406,205.5109081910327,1596212
2025-09-16,197.71429443359375,202.11238177097306,196.01503411015977,197.51438414592693,2489109
2025-09-17,201.9124755859375,202.91204229675895,198.21408180633355,198.91377545347308,892865
2025-09-18,199.913330078125,202.1133803022094,197.3144506862387,200.51307616923003,2128059
2025-09-19,196.21493530273438,200.51307492313853,196.21493530273438,198.91376219158184,2316896
2025-09-22,194.1158447265625,197.81423836394836,194.1158447265625,196.11497807133074,1536799
2025-09-23,197.41441345214844,198.61389038218184,194.3157507350668,194.91549682617188,1024410
2025-09-24,198.11410522460938,198.7138513101673,196.1149719423183,197.71428466902177,969233
2025-09-25,195.2153778076172,198.51395093843513,195.01546751984765,196.41485478641172,1196433
2025-09-26,198.11410522460938,199.1636532482475,195.21536806615794,195.21536806615794,858188
2025-09-29,199.61346435546875,200.5130835251292,198.2140770944555,199.61346435546875,1240600
2025-09-30,199.01373291015625,199.91333682499786,197.21450982829583,198.51394956809375,1832187
2025-10-01,197.6143341064453,199.35358566021844,197.11455075501163,198.51395329033244,1615384
2025-10-02,196.91464233398438,199.61047998009496,195.81511284952256,198.3140296304107,1506367
2025-10-03,196.91464233398438,199.81337969894355,194.61563584513178,196.91464233398438,1185013
2025-10-06,197.0146026611328,198.5139527110587,193.915939790415,196.91463989026678,1336537
2025-10-07,195.8151092529297,198.51395152846055,195.115415617568,198.2140784698263,869100
2025-10-08,193.41615295410156,196.714726054917,193.11627989908612,195.51524908703243,3543579
2025-10-09,191.01719665527344,194.81553779788942,190.3174877848344,193.41615056136533,2823630
2025-10-10,187.61866760253906,194.11585118934957,186.91897395901034,194.11585118934957,5676560
2025-10-13,188.41831970214844,189.91766972630347,187.4187530193784,188.41831970214844,2618787
2025-10-14,187.4187469482422,188.8181341579184,186.01935973856598,188.6182238782756,2842046
2025-10-15,187.7186279296875,189.71776131498305,187.11888181322792,188.91810491042938,2446407
2025-10-16,186.6190948486328,188.66820957926686,184.91983455451322,188.41831791094995,2477602
2025-10-17,189.91766357421875,189.91766357421875,183.7203533922322,184.91983032226562,1970450
2025-10-20,192.31661987304688,193.11627625393513,188.41831598795983,190.41744931409204,1049390
2025-10-21,195.51524353027344,195.61519104431986,192.6164910837462,192.71645384996935,1260416
2025-10-22,201.5126495361328,201.5126495361328,194.57065159674505,195.61519695095723,1808589
2025-10-23,200.11325073242188,201.71256355683218,198.91377374020288,201.51265326682525,873436
2025-10-24,196.81466674804688,201.71255247101203,194.21580261643163,200.91289610275481,1309883
2025-10-27,196.01502990722656,198.31402104436626,193.91593380129027,196.9146338085267,1785550
2025-10-28,199.51351928710938,199.61346680573592,194.9155063693211,195.11541665875157,820838
2025-10-29,200.51307678222656,200.7129870624805,197.71428710214118,199.71342040903406,1327800
2025-10-30,197.71429443359375,201.11281508046164,197.6143316636717,199.51351752694976,1396120
2025-10-31,194.61563110351562,199.61346454352463,194.61563110351562,196.61476447951924,2523262
2025-11-03,193.31619262695312,197.41442217551838,190.6173656020777,194.3157593215127,1260304
2025-11-04,186.91896057128906,195.31531419661545,186.91896057128906,190.91722710757332,2697749
2025-11-05,186.91896057128906,188.11843748173905,181.92112740093373,185.71948366083907,2438324
2025-11-06,182.72079467773438,186.81900897102275,181.92113827225603,185.1197486419921,1409767
2025-11-07,181.0215301513672,184.0202301632473,178.42265070686696,182.92070072468715,1261289
2025-11-10,180.42178344726562,183.92026678280817,180.02196288121723,183.92026678280817,708499
2025-11-11,181.32139587402344,183.42049207493463,180.27985516683276,182.02110477577892,741500
2025-11-12,178.52261352539062,182.1210443893603,178.52261352539062,182.0210968735755,2276934
2025-11-13,177.3231201171875,182.021095640377,176.9232995524031,179.12234316307104,1093500
2025-11-14,175.92373657226562,178.00083907225846,174.52434931403894,176.12364685884413,1620713
2025-11-17,172.72512817382812,176.6234321885893,171.72655286904143,175.3239924329431,1020243
2025-11-18,172.0254364013672,173.82464427249496,170.52608634064237,171.7255633387867,1144791
2025-11-19,170.82594299316406,174.52435198629237,170.42612241388514,172.12538275408664,1043188
2025-11-20,170.42611694335938,172.8250708463834,169.92633360921462,170.8259375098044,996855
2025-11-21,172.6251678466797,173.02500368217179,169.22664713197346,169.92634077886268,1642930
2025-11-24,170.9259033203125,174.62429700838675,169.7264263474475,173.72469309178229,1201610
2025-11-25,168.62689208984375,171.9254651104209,163.95992427269317,169.72642151409508,10530158
2025-11-26,170.9259033203125,170.9259033203125,166.32789046345658,168.9267699481451,9003178
2025-11-27,176.02369689941406,176.62342775082863,170.9259007754168,171.92546744661806,3564209
2025-11-28,174.62429809570312,176.72339425042003,172.32529165296017,173.92460446152327,986380
2025-12-01,175.6238555908203,175.6238555908203,172.62515567093547,174.42437867330167,1158448
2025-12-02,173.32485961914062,177.02326860960252,173.02500181098634,174.12451602929934,1065603
2025-12-03,172.0254364013672,174.62430068865038,170.12625050647588,173.6247339815005,1046780
2025-12-04,174.92416381835938,176.72338683949783,170.026293332316,170.026293332316,3498170
2025-12-05,174.12451171875,177.37310341220496,173.6247283812954,175.12407839365923,1115580
2025-12-08,168.62689208984375,176.4235150697052,167.34244527428126,175.92373174089582,1459147
2025-12-09,167.12754821777344,169.62646495324307,166.92763792937131,167.9272046235592,2323024
2025-12-10,167.82723999023438,168.6268963871432,166.1279796794138,167.12754636250557,988929
2025-12-11,168.12710571289062,169.52650815949175,166.40784987278238,167.9271954354266,2082119
2025-12-12,170.0262908935547,170.8029469707409,166.92762822091854,166.92762822091854,981577
2025-12-15,172.225341796875,173.42481876092435,170.02629815408832,170.02629815408832,607651
2025-12-16,174.02456665039062,175.1240808569503,171.62559744555844,172.2253435598108,804519
2025-12-17,172.92503356933594,174.32442080370834,171.62559385046046,173.92460023736677,743241
2025-12-18,173.62472534179688,174.62429199920754,172.0254278412459,172.725121450998,732398
2025-12-19,171.82550048828125,175.02412595986132,170.42611328359743,173.12494017958858,2721251
2025-12-22,171.52565002441406,172.82507451906272,170.1262475077641,170.1262475077641,741910
2025-12-23,171.42568969726562,172.32529362979136,170.72599605505923,171.62559998758496,381718
2025-12-24,171.72555541992188,172.1253759834737,170.4261157101132,171.4256823711696,291445
2025-12-29,171.62559509277344,172.92503482105494,170.52608090128683,172.82507205265748,495343
2025-12-30,172.8250732421875,173.12494629726677,171.02586541606627,172.92503601127297,2313667
2025-12-31,173.32485961914062,173.7246954503087,172.12538262999126,173.1249493296453,459607
2026-01-02,173.02499389648438,174.02456055041628,172.42524780325454,173.9245977841524,1142271
2026-01-05,172.32528686523438,175.3239868588441,171.02586240307835,173.92459962936366,1262897
2026-01-06,174.02456665039062,174.62429751246572,171.44068004844752,173.02499996142154,1053949
2026-01-07,178.62255859375,178.62255859375,171.92546504084993,173.52477779326344,1148913
2026-01-08,179.7220916748047,180.72165835235958,174.9241685721058,179.92200195988025,667666
2026-01-09,179.52218627929688,182.021103041246,177.62300038890902,179.62213379846833,782612
2026-01-12,178.9224395751953,181.3213935580141,177.69796426494102,181.3213935580141,982287
2026-01-13,181.221435546875,181.9211291470051,178.72251893771283,179.52217530308005,629679
2026-01-14,182.22100830078125,183.12061220937454,178.42265187705283,181.32138914001087,762877
2026-01-15,181.32139587402344,184.02023820438856,180.72166499674714,184.02023820438856,863166
2026-01-16,181.8211669921875,182.32095031569784,178.82246705112553,181.32138366867719,924260
2026-01-19,183.2205810546875,184.1201849931172,179.22231421335084,180.92157457048341,896816
2026-01-20,180.42178344726562,183.42048344915924,180.32182067966505,183.42048344915924,852455
2026-01-21,182.9207000732422,183.22057312379764,178.62256035441914,180.52174617315242,759257
2026-01-22,186.81900024414062,187.17385738543214,183.32051697925277,183.92026306838991,1310538
2026-01-23,184.4200439453125,187.47371269067938,184.2201336689778,185.21970030282773,804382
2026-01-26,186.81900024414062,189.01805906952572,184.42004639194533,185.91939636261154,969329
2026-01-27,185.1197509765625,188.21841386730227,184.0202367508188,187.21884716089298,1020323
2026-01-28,187.11888122558594,187.31879151305222,184.02023363941544,185.31965813403488,812059
2026-01-29,183.2205810546875,187.8185787709181,182.02110405272202,186.21928118569,1091022
2026-01-30,182.02110290527344,184.12018383243617,182.02110290527344,183.0206696093064,1068844
2026-02-02,183.32052612304688,183.72036195314047,180.9215721511948,182.92070554513066,776633
2026-02-03,180.52174377441406,184.3200848570551,179.92199768127247,184.3200848570551,757341
2026-02-04,189.71775817871094,191.31705570920258,179.8220389337802,179.8220389337802,1455269
2026-02-05,186.6190948486328,189.6177948684357,185.11974483873135,189.21797429999947,1012107
2026-02-06,190.917236328125,191.81684024136572,185.41961957522088,186.71905931270638,1415275
2026-02-09,193.9159393310547,194.91550602863742,188.11844943463922,191.91680593588916,3016058
2026-02-10,197.0146026611328,197.4144232402421,192.41658974048912,194.51568591125633,929967
2026-02-11,195.7151641845703,198.8138118234365,193.9159410624216,197.41442453519727,766433
2026-02-12,198.31402587890625,199.51351811278386,193.31619241167397,196.61476555048273,673631
2026-02-13,201.9124755859375,202.71213200503018,197.8142459706984,198.91377545347308,1856004
2026-02-16,199.81336975097656,203.71168888638576,199.01372862264563,202.91203250587796,1335582
2026-02-17,201.5126495361328,202.91203679245126,199.11368034393053,202.91203679245126,2376243
2026-02-18,200.71299743652344,202.91204113732994,196.51482032549694,202.91204113732994,892996
2026-02-19,201.31272888183594,204.91117513135515,200.91290829952382,200.91290829952382,863829
2026-02-20,202.1123809814453,204.9111707543796,198.81380786520765,202.51221680739434,580727
2026-02-23,205.111083984375,207.90987379746872,201.9124735917725,204.9111736946206,2119548
2026-02-24,205.91073608398438,210.90856948408108,205.11107968953348,206.7103924784353,2878437
2026-02-25,201.9124755859375,208.70953226995903,200.51308829165848,208.50962197823026,1194628
2026-02-26,203.91160583496094,205.71082893688134,201.1128160377711,203.31185971692832,1218894
2026-02-27,200.71299743652344,205.71083096207343,198.31402819295295,205.51092067148693,1137383
2026-03-02,197.314453125,199.91333254900786,196.51481199654546,199.01372865340807,541028
2026-03-03,189.8177032470703,196.5148120924727,189.8177032470703,196.5148120924727,903138
2026-03-04,191.01719665527344,193.81597112832165,188.9181005483103,190.7173236039677,872643
2026-03-05,184.91983032226562,186.01935973856598,169.92633056640625,182.72078674184158,2193094
2026-03-06,183.52044677734375,189.5178467994507,181.2214403851007,184.5200134476949,880654
2026-03-09,186.31922912597656,193.716031950452,180.52175439469443,182.9207084040403,1539717
2026-03-10,186.71905517578125,196.61475901088977,185.01979490387674,191.91679875838548,2987888
2026-03-11,191.91680908203125,193.91594250996906,182.92070865631104,182.92070865631104,2142423
2026-03-12,184.91983032226562,194.01589294169096,184.91983032226562,192.01675964090973,1555226
2026-03-13,182.22100830078125,185.9194019559206,180.02196466141547,184.81987251014917,851249
2026-03-16,183.8203125,186.71906512027084,182.82074578656406,183.52045468771132,1158045
2026-03-17,177.52304077148438,185.11973805878586,175.92173001684301,183.82029838069403,2439828
2026-03-18,177.92286682128906,179.42221682259208,176.2236065369144,178.22273987198506,2204739
2026-03-19,173.5247802734375,177.02326362369087,172.62516111778044,175.12407779653284,2056251
2026-03-20,172.72512817382812,175.82377578110106,172.62516540332558,175.42395520344564,28952050
2026-03-23,174.92416381835938,177.27115351250396,167.7272869859822,172.4252471923828,2155299
2026-03-24,172.6251678466797,176.52348716879544,172.325294783105,176.52348716879544,2090578
2026-03-25,172.92503356933594,177.0232630091332,171.7255566181343,174.82420413772377,961230
2026-03-26,175.92373657226562,176.12364685884413,171.825507062609,172.4252531745217,1025310
2026-03-27,170.7259979248047,177.42309186300074,170.32616208760965,176.72339821313147,974722
2026-03-30,170.0262908935547,171.2257678063835,166.80268239141188,169.92632812907877,1401793
2026-03-31,172.12538146972656,175.42395460678534,171.54163488711578,171.725560893431,1247647
2026-04-01,177.6230010986328,178.3226947443388,172.12538420037802,172.12538420037802,1651377
2026-04-02,173.10000610351562,174.39999389648438,168.3000030517578,173.39999389648438,1190772
2026-04-07,173.39999389648438,176.89999389648438,172.3000030517578,174.39999389648438,1322766
2026-04-08,180.3000030517578,185.1999969482422,176.6999969482422,179.8000030517578,1196219
2026-04-09,179.39999389648438,181.3000030517578,176.3000030517578,181.3000030517578,840149
2026-04-10,180.10000610351562,181.6999969482422,178.8000030517578,179.39999389648438,876559
2026-04-13,176.6999969482422,179.0,175.5,178.8000030517578,857127
2026-04-14,185.8000030517578,185.89999389648438,176.60000610351562,177.0,1015936
2026-04-15,185.0,188.87899780273438,183.89999389648438,186.1999969482422,1107043
2026-04-16,185.1999969482422,187.39999389648438,183.10000610351562,186.1999969482422,970536
2026-04-17,191.3000030517578,191.5,185.1999969482422,187.0,1551564
2026-04-20,185.10000610351562,189.89999389648438,185.10000610351562,189.89999389648438,816008
2026-04-21,186.39999389648438,187.8000030517578,185.0,186.1999969482422,1187124
2026-04-22,183.39999389648438,187.0,183.39999389648438,186.0,794989
2026-04-23,202.0,203.0,189.0919952392578,190.0,2064855
2026-04-24,198.0,202.39999389648438,195.8000030517578,202.1999969482422,1420863
2026-04-27,198.6999969482422,201.60000610351562,196.8000030517578,201.60000610351562,2132493
2026-04-28,196.60000610351562,199.39999389648438,196.3000030517578,197.39999389648438,999886
2026-04-29,191.89999389648438,197.5,190.60000610351562,194.8000030517578,1043593
2026-04-30,193.89999389648438,194.6999969482422,189.10000610351562,189.6999969482422,834673
2026-05-01,195.0,196.5,191.3000030517578,194.89999389648438,562855
2026-05-05,190.10000610351562,196.1999969482422,188.39999389648438,195.0,1021688
2026-05-06,192.39999389648438,198.6999969482422,190.1999969482422,190.6999969482422,1101493
2026-05-07,193.0,197.0,191.3000030517578,194.89999389648438,3097969
2026-05-08,190.5,194.5,190.3000030517578,194.5,860731
2026-05-11,190.6999969482422,190.8000030517578,186.7220001220703,190.39999389648438,1124546
2026-05-12,187.0,190.5,186.5,190.0,1012723
2026-05-13,189.39999389648438,189.5,186.3000030517578,188.0,627174
2026-05-14,190.0,191.39999389648438,189.3000030517578,189.8000030517578,697089
2026-05-15,189.6999969482422,190.3000030517578,185.89999389648438,188.89999389648438,698528
2026-05-18,188.89999389648438,192.10000610351562,186.6999969482422,188.89999389648438,639607
2026-05-19,187.39999389648438,192.0,186.6999969482422,190.5,613061
2026-05-20,191.10000610351562,191.3000030517578,185.1999969482422,187.39999389648438,767441
2026-05-21,188.89999389648438,192.0,188.39999389648438,192.0,508908
2026-05-22,189.5,191.5,189.10000610351562,191.5,441062
2026-05-26,190.0,194.1999969482422,188.1999969482422,192.1999969482422,974432
2026-05-27,190.6999969482422,192.89999389648438,189.60000610351562,190.5,941270
2026-05-28,188.0,192.0,187.60000610351562,190.3000030517578,694153
2026-05-29,186.1999969482422,190.6999969482422,186.1999969482422,189.10000610351562,1612885
2026-06-01,186.0,188.3000030517578,184.8000030517578,186.60000610351562,1406136
2026-06-02,186.89999389648438,189.2169952392578,185.10000610351562,187.0,1143746
2026-06-03,185.5,189.0,184.39999389648438,189.0,1110826
2026-06-04,188.0,190.8000030517578,183.3000030517578,185.3000030517578,751349
2026-06-05,189.6999969482422,192.39999389648438,188.0,188.5,772526
2026-06-08,188.89999389648438,190.5,186.89999389648438,189.6999969482422,510294
2026-06-09,189.89999389648438,192.3000030517578,187.39999389648438,190.0,504828
2026-06-10,193.6999969482422,193.6999969482422,189.05999755859375,192.39999389648438,639410
2026-06-11,192.10000610351562,194.72500610351562,190.89999389648438,193.0,399434
2026-06-12,193.39999389648438,196.89999389648438,191.10000610351562,194.6999969482422,967237
2026-06-15,190.1999969482422,198.8000030517578,189.60000610351562,196.89999389648438,695089
2026-06-16,188.0,193.60000610351562,186.3000030517578,189.1999969482422,750094
2026-06-17,188.3000030517578,190.8000030517578,186.10000610351562,187.89999389648438,424444
2026-06-18,189.39999389648438,194.0,185.60000610351562,194.0,465436
2026-06-19,186.8000030517578,190.10000610351562,186.75,190.10000610351562,2824630
2026-06-22,184.5,187.89999389648438,183.5,187.3000030517578,360208
2026-06-23,185.10000610351562,185.8000030517578,182.10000610351562,184.0,460636
2026-06-24,190.39999389648438,191.5659942626953,185.23199462890625,186.89999389648438,489513
2026-06-25,182.89999389648438,187.96499633789062,181.39999389648438,186.5,1077586
2026-06-26,184.0,184.6179962158203,180.5,181.10000610351562,619584
2026-06-29,182.3000030517578,185.60000610351562,182.3000030517578,184.0,308870
2026-06-30,181.10000610351562,183.5,180.10000610351562,180.1999969482422,666336
2026-07-01,183.1999969482422,184.60000610351562,178.1510009765625,180.0,515691
2026-07-02,186.10000610351562,188.0,182.60000610351562,182.60000610351562,426825
2026-07-03,187.39999389648438,188.10000610351562,184.89999389648438,187.89999389648438,261216
2026-07-06,187.39999389648438,192.3000030517578,186.60000610351562,190.6999969482422,467543
2026-07-07,186.60000610351562,190.6999969482422,185.8000030517578,187.89999389648438,657983
2026-07-08,186.0,186.5,184.10000610351562,186.1999969482422,1021480
2026-07-09,187.1999969482422,188.8000030517578,185.3000030517578,185.89999389648438,737386
2026-07-10,189.0,189.0,186.10000610351562,189.0,864506
2026-07-13,193.1999969482422,194.39999389648438,187.60000610351562,188.0,701050
2026-07-14,191.1999969482422,193.10000610351562,189.8000030517578,193.0,1416094
2026-07-15,190.0,192.1999969482422,188.6999969482422,189.89999389648438,658446
2026-07-16,191.0,193.5,186.0,193.5,2159691
2026-07-17,191.8000030517578,193.10000610351562,187.39999389648438,191.0,844618
2026-07-20,193.0,195.5,190.1999969482422,190.5,672971
2026-07-21,193.6999969482422,195.1999969482422,191.0,195.1999969482422,483540
2026-07-22,194.10000610351562,194.60000610351562,189.3000030517578,192.39999389648438,1003925
2026-07-23,188.6999969482422,194.8000030517578,187.39999389648438,189.1999969482422,4630751
2026-07-24,194.3000030517578,195.0,187.5,192.60000610351562,722116
2026-07-27,197.5,197.9739990234375,194.39999389648438,195.0,890806
2026-07-28,202.39999389648438,203.1999969482422,195.11099243164062,195.6999969482422,1399806
2026-07-29,205.1999969482422,206.39999389648438,200.8000030517578,203.0,1664834
