Price,Close,High,Low,Open,Volume
Ticker,GRG.L,GRG.L,GRG.L,GRG.L,GRG.L
2021-07-29,2787.023193359375,2812.976847738796,2760.071321503822,2812.976847738796,263842
2021-07-30,2750.08935546875,2806.987755926724,2726.1321342232873,2806.987755926724,215886
2021-08-02,2799.002197265625,2802.9950677324805,2702.7741164965996,2713.155482228234,247783
2021-08-03,2719.144287109375,2862.887597441148,2685.204894392151,2746.0961577965822,535615
2021-08-04,2716.150146484375,2760.071721804225,2692.1929235826383,2709.162623138035,296041
2021-08-05,2858.89501953125,2858.89501953125,2703.173084109855,2745.0982205694613,245800
2021-08-06,2854.902099609375,2876.8628849909855,2831.9430967104186,2858.8949696787586,137207
2021-08-09,2886.844970703125,2900.820015512891,2836.9589543375155,2855.900228624357,220833
2021-08-10,2923.779296875,2953.725824326775,2884.848811187692,2884.848811187692,461964
2021-08-11,2948.734375,2975.6862464031824,2914.7949813811783,2964.705854350034,298680
2021-08-12,2954.7236328125,2988.0571741917647,2934.759283942145,2943.743240933805,216010
2021-08-13,2979.67919921875,2985.6685041418027,2950.7308920906617,2960.713066962416,349230
2021-08-16,2987.6650390625,2994.6525617064817,2946.139092724657,2968.698906171692,162728
2021-08-17,2945.73974609375,2998.6452718622922,2943.743311159088,2964.7058779730387,167434
2021-08-18,2964.706298828125,2973.690257309422,2948.734817083596,2950.731252301662,179153
2021-08-19,2967.700439453125,2967.700439453125,2900.819871190979,2949.732525591653,222046
2021-08-20,2986.66650390625,3001.639765122358,2894.8305017807907,2894.8305017807907,279667
2021-08-23,2956.719970703125,3023.6005372247687,2956.719970703125,3023.6005372247687,268647
2021-08-24,2979.67919921875,3008.6275063468383,2954.7237620393635,2956.7201970137144,248312
2021-08-25,3016.61328125,3039.5722837214594,2979.679233795913,3039.5722837214594,136276
2021-08-26,3021.604248046875,3032.5846400946175,2996.648811574734,3012.620290916904,170097
2021-08-27,3011.621826171875,3060.534477641024,2999.643217648818,3035.5790432179883,236823
2021-08-31,3036.57763671875,3045.561594223835,2999.643589197845,3013.618634205755,270060
2021-09-01,3111.444091796875,3111.444091796875,3030.5884705471003,3064.52786712108,251785
2021-09-02,3078.502197265625,3126.416628351471,3073.5111106941827,3116.4344552085863,229751
2021-09-03,3053.547119140625,3081.4972071876787,3035.5792053960904,3035.5792053960904,434497
2021-09-06,3018.609375,3081.4970703125,3018.609375,3061.532722594246,172162
2021-09-07,3019.60791015625,3049.554434885072,3002.73813204119,3024.5989976110536,167704
2021-09-08,3018.609375,3040.570157490079,2991.699422911992,3018.609375,135702
2021-09-09,2977.830078125,3015.64845343608,2960.8595413069897,2960.8595413069897,334099
2021-09-10,2978.828857421875,3005.7820675929174,2970.8427210748996,2975.834056291759,302756
2021-09-13,2976.832275390625,2991.995893043012,2964.8530710630976,2991.1872382586953,19583
2021-09-14,2987.813232421875,3024.7491126756704,2967.847891744148,3024.7491126756704,218585
2021-09-15,2927.917236328125,3024.749139472969,2927.917236328125,3024.749139472969,209264
2021-09-16,2939.896484375,2982.8219678480477,2930.9120808573857,2951.875689065153,437535
2021-09-17,2972.83984375,2991.8069213293315,2929.914352386249,2949.8796972065984,855144
2021-09-20,2987.813232421875,3002.1932982911126,2906.9536026770797,2923.924142253148,304614
2021-09-21,3011.771240234375,3027.743510649937,2974.8353648983884,3020.7556423431283,300240
2021-09-22,3093.629150390625,3123.5771576548127,2945.885647887297,2945.885647887297,306781
2021-09-23,3114.593017578125,3130.565289463141,3084.64500779372,3084.64500779372,221850
2021-09-24,3073.664306640625,3116.589790624239,3062.683368877375,3105.608852860989,177410
2021-09-27,3089.636474609375,3129.5671560259743,3074.6624690781505,3094.62780978645,225668
2021-09-28,2964.853271484375,3090.6349254261363,2961.858470200047,3087.640124141809,374777
2021-09-29,2998.7939453125,3036.728089760528,2939.8961947221414,2939.8961947221414,287684
2021-09-30,2942.891357421875,3066.676475576662,2931.5112101753093,3044.7145997750063,377834
2021-10-01,2978.828857421875,2978.828857421875,2865.0264144774737,2946.884312033973,373323
2021-10-04,2868.021484375,2997.7962121747737,2832.5830010142927,2997.7962121747737,374703
2021-10-05,3186.46826171875,3212.4232037001684,2938.89804589599,2939.8963128952755,1089396
2021-10-06,2993.802734375,3183.473464462112,2988.8113993727075,3161.5115904520258,829212
2021-10-07,2926.918701171875,3069.6708752058375,2893.975891779422,3046.710735326249,381645
2021-10-08,2983.820068359375,3020.755947425717,2915.9379122374485,2953.872058305584,406873
2021-10-11,2982.82177734375,3062.683136844252,2934.904961643449,3062.683136844252,193823
2021-10-12,3004.78369140625,3015.764628484479,2911.944859744861,2967.8478121431167,190729
2021-10-13,3059.68798828125,3065.6775895633664,2982.8214384940866,3032.734782511725,203210
2021-10-14,3109.601806640625,3132.5619483911014,3054.697119846007,3132.5619483911014,214911
2021-10-15,3144.540771484375,3157.5182413349453,3074.662087673611,3094.627425905258,280252
2021-10-18,3062.683349609375,3143.997271224293,3062.683349609375,3138.551646405435,251141
2021-10-19,3093.629150390625,3117.5875562019755,3062.6828762176306,3079.653413667337,162723
2021-10-20,3017.761474609375,3094.628042106868,3003.765750224765,3088.638439444726,131756
2021-10-21,3015.76416015625,3030.638238765356,2971.840418664401,2994.800556262413,423964
2021-10-22,3032.735595703125,3080.6524188083754,2999.7927798182654,3043.7165343314114,289166
2021-10-25,3033.7333984375,3117.5878260349828,3011.7715245429213,3117.5878260349828,147174
2021-10-26,3084.64453125,3084.664516084171,2999.7918499696602,3010.7727851941745,194601
2021-10-27,3085.643310546875,3110.599985656442,3054.6970334110115,3075.660640503048,115949
2021-10-28,3133.56005859375,3144.5409954030943,3058.690034893676,3068.6727047203526,212990
2021-10-29,3049.70556640625,3126.0191273646737,3033.733295027363,3109.6015840770765,192394
2021-11-01,3046.7109375,3126.023203299211,3031.6270156294145,3063.6814767980013,146075
2021-11-02,3108.60302734375,3149.531968936908,3071.299870954964,3111.5978279481274,196327
2021-11-03,3060.6865234375,3114.5929397015657,3041.719451048292,3097.6224012480634,266391
2021-11-04,3150.53076171875,3161.5116991011664,3050.704058242237,3089.636472598077,209604
2021-11-05,3125.573486328125,3178.481629022277,3096.084644782661,3124.575219484839,221236
2021-11-08,3074.662353515625,3110.353323300705,3060.6866155450994,3068.672751528257,160224
2021-11-09,3094.62744140625,3140.108540617958,2977.6925117735327,3007.7782196635585,552540
2021-11-10,3071.66748046875,3116.5894943202593,3050.7038740047124,3095.6258878562217,372417
2021-11-11,3102.614013671875,3119.584553643697,3025.7474502700943,3044.714524356248,104309
2021-11-12,3076.658935546875,3153.5254955848727,3065.6779983985894,3153.5254955848727,107745
2021-11-15,3056.693115234375,3124.9086670226166,3038.7243118136635,3040.720845527076,527879
2021-11-16,3030.73828125,3123.57710211833,3007.778142755682,3123.57710211833,266363
2021-11-17,3022.75244140625,3061.7967203053568,2982.8217618632348,2993.802698737564,192330
2021-11-18,3069.6708984375,3079.653568025915,3010.773147865854,3024.748885289634,124522
2021-11-19,3031.736572265625,3086.6412517106723,2936.9012168605427,3065.6776468316543,218289
2021-11-22,3034.731201171875,3054.6965380216902,3010.772796952097,3032.7346674868936,121235
2021-11-23,3001.7890625,3044.7145462670437,2986.1243610122015,3010.773466079149,169042
2021-11-24,3025.747314453125,3050.7039897620425,2961.858225662297,2981.8235659094307,132924
2021-11-25,3049.70556640625,3080.6518422028435,3019.7575575708365,3043.7159646391674,142443
2021-11-26,2979.826904296875,3025.747184899105,2908.9499494543024,2997.7957097499216,222742
2021-11-29,3017.761474609375,3075.6609670100843,3015.764940388661,3021.7545430508035,234053
2021-11-30,2993.802734375,3051.702220401592,2979.0283340247083,2984.8183313708737,335748
2021-12-01,3077.65771484375,3083.6473179216164,2999.7928748314853,3022.753019963307,212564
2021-12-02,3014.7666015625,3053.6990179402937,3007.7787319562294,3047.7094154206334,256539
2021-12-03,3031.736572265625,3068.672447528657,2983.8197611135834,2983.8197611135834,242739
2021-12-06,3078.655029296875,3089.635964874782,3035.729553855965,3054.696624399623,97396
2021-12-07,3094.62744140625,3125.2403102680946,3085.643039157006,3094.62744140625,129634
2021-12-08,3099.619384765625,3176.485952439362,3064.680035823017,3176.485952439362,214273
2021-12-09,3104.610107421875,3179.480126089605,3092.6309044350382,3179.480126089605,101535
2021-12-10,3072.665771484375,3103.612047935322,3033.733359175119,3033.733359175119,178477
2021-12-13,3040.721435546875,3084.6451857648863,3003.785554681729,3022.752628639507,210835
2021-12-14,3093.629150390625,3114.5927554755567,3048.100282901831,3094.6274172994313,526295
2021-12-15,2972.83984375,3136.5556712768634,2962.857171339825,3136.5556712768634,710679
2021-12-16,2985.81640625,3042.7176216148446,2961.857999780592,3042.7176216148446,213283
2021-12-17,3018.759033203125,3024.7486344594804,2960.8595543916895,2998.7936956819403,193552
2021-12-20,3022.75244140625,3036.698201990545,2933.3298000377977,2944.88761629737,190590
2021-12-21,3070.669677734375,3101.615958621815,3024.7493899659157,3024.7493899659157,193285
2021-12-22,3152.52734375,3152.52734375,3051.7023717047973,3061.6850422043226,166184
2021-12-23,3250.357177734375,3260.339847199161,3145.5342740037954,3194.454228731572,178901
2021-12-24,3288.291748046875,3288.291748046875,3245.166659111081,3274.316008984138,53789
2021-12-29,3365.158203125,3365.158203125,3279.3072373971004,3280.305504440448,239975
2021-12-30,3410.07958984375,3412.475332818001,3339.2026428651475,3357.1714463245116,103467
2021-12-31,3331.217041015625,3437.033344985555,3328.2222399598722,3359.168517535984,85022
2022-01-04,3337.20703125,3408.0839978125937,3329.220894172525,3358.1706410783727,340452
2022-01-05,3366.15625,3410.9605484483927,3337.2065076364174,3348.187444395018,224410
2022-01-06,3095.6259765625,3335.2100573025837,3095.6259765625,3313.2481832347426,538055
2022-01-07,3056.693115234375,3149.9101824592253,2952.8733621369306,3108.6029917830974,339152
2022-01-10,2879.001708984375,3076.65855308247,2855.0433036391514,3076.65855308247,332208
2022-01-11,2894.974365234375,2943.771733767308,2834.080076862204,2915.9379727067617,659499
2022-01-12,2854.04541015625,2929.9137036756188,2825.6067422456613,2873.012483536092,290521
2022-01-13,2801.136962890625,2890.9809852214003,2801.136962890625,2828.0901695898574,264108
2022-01-14,2706.301513671875,2828.090073121513,2706.301513671875,2795.1472660572667,292757
2022-01-17,2688.3330078125,2732.73785383233,2669.3659349760956,2725.2688864939196,359542
2022-01-18,2620.450439453125,2689.328901264554,2593.4972349330355,2665.372446986607,669042
2022-01-19,2615.4599609375,2676.354257737953,2572.5344730289835,2595.4946177242364,724180
2022-01-20,2644.4091796875,2658.384917141492,2589.5044968325315,2634.426510077506,200456
2022-01-21,2623.44580078125,2635.6046251786624,2589.095519415728,2623.44580078125,174911
2022-01-24,2482.68994140625,2642.81186506985,2442.3659027366693,2623.4455834401388,407647
2022-01-25,2554.565185546875,2554.565185546875,2481.6916964710945,2504.6518368648335,455760
2022-01-26,2635.42431640625,2677.351521439986,2554.564706698331,2601.4832456646545,371582
2022-01-27,2622.447509765625,2622.447509765625,2544.9499631044887,2570.5376237710257,220674
2022-01-28,2642.412841796875,2686.3365913393995,2590.5029559738914,2613.463097780211,375507
2022-01-31,2663.376220703125,2698.315563928241,2631.431678325876,2631.431678325876,289629
2022-02-01,2735.251708984375,2749.0178505583403,2668.3678168303777,2680.347021395273,597583
2022-02-02,2781.171630859375,2804.1317699511787,2743.4680447756004,2778.17683010827,250909
2022-02-03,2727.26513671875,2787.16114997026,2721.275535393599,2721.275535393599,255896
2022-02-04,2667.369140625,2754.218360398344,2666.3708737310535,2685.337944716037,272314
2022-02-07,2649.400634765625,2702.9078437912344,2649.400634765625,2694.322650049895,264209
2022-02-08,2663.376220703125,2692.3259622325068,2606.4750045936503,2606.4750045936503,343791
2022-02-09,2706.301513671875,2732.256452570978,2674.3569734883636,2674.3569734883636,506948
2022-02-10,2686.33642578125,2745.214192382911,2667.369353284095,2728.2636386696977,151309
2022-02-11,2639.417724609375,2692.325871131424,2635.4246569473335,2689.331070384893,162186
2022-02-14,2580.520263671875,2611.311780860184,2553.567053954606,2595.494269070358,203916
2022-02-15,2659.38330078125,2659.38330078125,2551.5704642630913,2551.5704642630913,171021
2022-02-16,2652.395751953125,2662.3784232062417,2624.444272444398,2636.423477948138,219080
2022-02-17,2604.478271484375,2694.32229004842,2585.511200898632,2694.32229004842,185964
2022-02-18,2579.521728515625,2615.459337736431,2550.57198775442,2604.478401585629,178546
2022-02-21,2518.627685546875,2599.0881046569875,2516.6311515115626,2586.5098427475045,249293
2022-02-22,2528.610107421875,2581.5182541622457,2474.7036937618745,2581.5182541622457,289257
2022-02-23,2493.6708984375,2595.494129678743,2493.6708984375,2595.494129678743,199104
2022-02-24,2498.662109375,2521.622248614163,2387.6039392720495,2423.7920901168595,366403
2022-02-25,2595.494140625,2614.461213191106,2518.7474924050844,2523.618918269231,253090
2022-02-28,2570.5380859375,2578.5242236802187,2517.6299233919904,2540.5900694023057,439698
2022-03-01,2533.601806640625,2638.4198482865136,2533.601806640625,2567.542886792627,220283
2022-03-02,2546.5791015625,2580.5201793567476,2506.648421804562,2517.629358737995,212892
2022-03-03,2432.776611328125,2576.5270553294586,2432.776611328125,2541.5877113013566,399072
2022-03-04,2329.955322265625,2446.7525684974494,2323.965719894762,2424.790693137619,353304
2022-03-07,2279.04345703125,2338.9394742988256,2170.2323589951543,2292.0209274392246,726504
2022-03-08,2202.177001953125,2281.0400949514465,2021.9298539447545,2221.1440749527214,1235745
2022-03-09,2299.009521484375,2338.620698494208,2210.034076745025,2236.118683510638,499121
2022-03-10,2228.132080078125,2342.932792089319,2200.180602371052,2342.932792089319,428841
2022-03-11,2331.95166015625,2381.865009046581,2235.1197633090087,2235.1197633090087,358353
2022-03-14,2320.970947265625,2376.8739034148184,2310.9882765246975,2358.905096081149,212453
2022-03-15,2366.890869140625,2387.85447447675,2278.045113192284,2296.013917766106,264391
2022-03-16,2487.68115234375,2506.648223729999,2376.4743154924336,2396.8388630727704,554444
2022-03-17,2506.6484375,2512.0389818140634,2453.7402864894466,2475.7021604938273,252471
2022-03-18,2551.570556640625,2551.570556640625,2473.705727447367,2497.6641364299076,489285
2022-03-21,2469.712890625,2546.9786693442707,2448.7492808015863,2510.6418431373786,215834
2022-03-22,2507.646728515625,2517.9308771999067,2461.345028129614,2510.6415295449033,397083
2022-03-23,2455.73681640625,2549.573914268928,2450.7454814135544,2508.644967328824,231519
2022-03-24,2412.205322265625,2450.145637764836,2375.071842988546,2450.145637764836,187591
2022-03-25,2414.201904296875,2445.1532107622193,2387.2443147948006,2387.2443147948006,150818
2022-03-28,2495.074951171875,2495.074951171875,2430.1770432782487,2454.13934773128,188229
2022-03-29,2574.94970703125,2586.930861154699,2512.0486478831426,2536.0109561300405,336525
2022-03-30,2500.06689453125,2612.8894021518695,2489.084172550482,2557.9757922480285,782547
2022-03-31,2457.134765625,2530.020112187627,2444.1551833604226,2444.1551833604226,209509
2022-04-01,2480.098388671875,2528.022995216259,2456.136085399683,2506.0575505500833,216281
2022-04-04,2454.139404296875,2532.016895564229,2436.1676755428703,2532.016895564229,130329
2022-04-05,2448.14892578125,2476.1049494035483,2414.2023256684593,2476.1049494035483,265742
2022-04-06,2406.21484375,2478.101760243776,2367.505716576319,2478.101760243776,209247
2022-04-07,2416.198974609375,2456.1361477434143,2394.2335293856536,2446.1518544599044,156185
2022-04-08,2410.20849609375,2454.139388317497,2384.2493325069904,2454.139388317497,129902
2022-04-11,2398.2275390625,2428.1804225645296,2388.2432445618233,2420.1929869639885,150285
2022-04-12,2372.268310546875,2426.1834994229403,2358.2902986160434,2374.2651693941366,127368
2022-04-13,2326.340087890625,2364.28039833691,2303.184622670806,2312.362078778836,342291
2022-04-14,2328.337158203125,2382.2523411117736,2304.3748546881698,2382.2523411117736,538773
2022-04-19,2266.434814453125,2370.271475555823,2220.5070605038545,2370.271475555823,489431
2022-04-20,2290.396728515625,2290.396728515625,2224.7599985393995,2246.4658409590916,951549
2022-04-21,2382.25244140625,2402.221028509404,2288.400082021427,2336.3246910689963,360642
2022-04-22,2344.312255859375,2375.9853325958097,2308.3687970812925,2318.3530911863154,318311
2022-04-25,2376.261962890625,2380.255680475315,2284.406458442752,2322.346775497308,508265
2022-04-26,2334.327880859375,2408.211654676139,2334.327880859375,2388.2430671580946,420924
2022-04-27,2322.3466796875,2352.299560336952,2300.3812338779016,2344.312125497098,256903
2022-04-28,2324.343505859375,2350.302668725502,2310.3654950853065,2332.330940587414,283846
2022-04-29,2346.30908203125,2402.2211282413564,2337.6827592977056,2358.2902347905583,325085
2022-05-03,2290.396728515625,2354.296201325128,2268.4312847373585,2296.387304091516,422081
2022-05-04,2204.531982421875,2304.374916408373,2204.531982421875,2294.390623009723,405549
2022-05-05,2202.53515625,2274.4220697812784,2196.5445801223937,2234.4848955972348,306369
2022-05-06,2188.55712890625,2254.453465816748,2164.5948245751597,2254.453465816748,399685
2022-05-09,2136.638427734375,2258.446786698671,2136.638427734375,2258.446786698671,327542
2022-05-10,2112.676513671875,2166.5916988033878,2096.7016440032785,2096.7016440032785,164791
2022-05-11,2148.6201171875,2165.753078324755,2106.6860814431343,2106.6860814431343,759151
2022-05-12,2091.119140625,2123.075116030922,2046.6864574447402,2089.12189216213,500977
2022-05-13,2167.0146484375,2167.0146484375,2101.1054471486177,2147.0421631984445,594106
2022-05-16,2157.0283203125,2204.9622829861114,2106.1384689494416,2204.9622829861114,409589
2022-05-17,2178.998291015625,2216.9460156070977,2165.0175503766613,2173.0065450274974,1179158
2022-05-18,2165.01708984375,2220.9400405039205,2165.01708984375,2175.003331033066,1052547
2022-05-19,2149.039306640625,2169.011790903084,2103.28422736792,2147.0420582143793,504160
2022-05-20,2153.033935546875,2186.987160875536,2147.0421899006406,2167.0146753880886,242001
2022-05-23,2145.044921875,2197.772331844051,2145.044921875,2157.028413058659,256593
2022-05-24,2119.080810546875,2157.028534769675,2113.089064616959,2117.0835619035697,1568375
2022-05-25,2171.008544921875,2180.9947847789213,2127.748085595839,2147.0415692649635,325356
2022-05-26,2228.92919921875,2240.9126895371305,2162.6206503122726,2171.008996013245,357138
2022-05-27,2236.91796875,2258.8876988002235,2218.9427350725446,2222.9372314453126,166395
2022-05-30,2270.87158203125,2302.827558559394,2226.932114305052,2226.932114305052,192345
2022-05-31,2260.88525390625,2276.863241566365,2226.932030128506,2226.932030128506,362422
2022-06-01,2234.921142578125,2310.8165879918593,2228.9293968875672,2260.8853739038764,321927
2022-06-06,2244.906982421875,2288.846442931912,2234.9207413968666,2286.84919472691,425910
2022-06-07,2171.008544921875,2240.9122239211993,2153.0333131791917,2206.959008407242,197953
2022-06-08,2151.036865234375,2185.341659861521,2138.1766509791714,2178.9983472337076,588823
2022-06-09,2067.15185546875,2151.036278589221,2067.15185546875,2147.041782250151,376724
2022-06-10,2021.2154541015625,2069.1494174399395,2019.2182056291301,2065.1549204950747,198262
2022-06-13,1909.36962890625,2008.393246931355,1905.375131774647,1986.2636986896084,204186
2022-06-14,1906.37353515625,1937.3308843389864,1885.402427645364,1937.3308843389864,418854
2022-06-15,1954.3074951171875,1968.2882334573205,1913.9630543837588,1930.3405151055306,315249
2022-06-16,1899.38330078125,1961.7973156597086,1870.4231978776452,1946.318639969851,433553
2022-06-17,1936.3323974609375,1992.2553547883292,1904.2856045775482,1914.3626642251766,753042
2022-06-20,1938.3297119140625,1946.318706089906,1915.940511851405,1938.3297119140625,367503
2022-06-21,1906.37353515625,1970.285481856093,1900.3817901531397,1900.3817901531397,215353
2022-06-22,1874.417724609375,1903.0902602710523,1852.4479910231169,1892.3929611799497,457974
2022-06-23,1836.4700927734375,1876.4150648837895,1818.4948553237791,1856.4425788286135,719161
2022-06-24,1915.361328125,1915.361328125,1841.9564718965196,1887.3998488822992,219101
2022-06-27,1917.3585205078125,1953.308992767334,1860.4369394302369,1860.4369394302369,452403
2022-06-28,1901.3804931640625,1951.3117035937912,1885.199782186548,1935.333716256278,284626
2022-06-29,1854.4449462890625,1886.4009173613565,1839.4655848489247,1853.4463221930534,184292
2022-06-30,1805.5125732421875,1846.4561658876132,1786.5387132357707,1838.4671722007008,317590
2022-07-01,1818.49462890625,1829.4794948688907,1777.5510375909528,1785.540031018328,289833
2022-07-04,1831.4769287109375,1856.4425356999088,1798.5223274854952,1818.4948130766725,411080
2022-07-05,1827.4822998046875,1862.4341470687116,1785.5400830878586,1821.4905545594263,218981
2022-07-06,1890.3955078125,1898.38450097811,1841.2632486049422,1844.4587971102417,743753
2022-07-07,1920.3543701171875,1933.3364849437728,1885.4025225071503,1933.3364849437728,533548
2022-07-08,1940.3267822265625,1948.315775668566,1882.4065797720384,1908.3708084585492,397175
2022-07-11,1918.357177734375,1987.2622507503418,1889.596750671109,1987.2622507503418,336658
2022-07-12,1908.370849609375,1923.3502126361363,1886.4011171701254,1920.354340030784,367437
2022-07-13,1868.426025390625,1945.320094848176,1853.4466612105825,1939.328349176159,328004
2022-07-14,1821.490478515625,1917.3583984375,1815.4987335205078,1917.3583984375,316611
2022-07-15,1880.4093017578125,1884.4037984158215,1811.5042344071544,1826.4835968746888,235006
2022-07-18,1901.3804931640625,1920.3543531273594,1880.4093847835766,1899.3832447468735,192651
2022-07-19,1920.3543701171875,1920.3543701171875,1872.420407680565,1906.3736310731726,261725
2022-07-20,1922.3516845703125,1948.3159151151583,1897.3860782771917,1897.3860782771917,154668
2022-07-21,1978.2745361328125,1978.2745361328125,1878.4121163381224,1878.4121163381224,380901
2022-07-22,1976.27734375,1987.262210238757,1947.3172411887317,1947.3172411887317,165069
2022-07-25,1953.3089599609375,1987.2621831913423,1944.1415360516853,1987.2621831913423,182114
2022-07-26,1905.375,1959.3007075471698,1902.4789653994003,1910.3681210691825,373954
2022-07-27,1942.32421875,1954.3077100739076,1899.3833748393317,1927.3448545951157,313489
2022-07-28,1989.2593994140625,1989.2593994140625,1944.6338682427524,1955.3061767333004,420490
2022-07-29,2037.193359375,2057.6751513824743,1988.2607737821693,1995.2511431525736,265596
2022-08-01,2075.14111328125,2075.14111328125,2031.20164793747,2063.157622732946,351384
2022-08-02,2129.067138671875,2157.0286207932695,2091.1194129356973,2109.0946514423076,389603
2022-08-03,2159.025390625,2163.0198871848984,2085.1272042668825,2125.072169865865,517155
2022-08-04,2149.039306640625,2184.989778313052,2137.0558160831492,2180.99528146056,1407507
2022-08-05,2071.146728515625,2169.011906622921,2071.146728515625,2169.011906622921,316758
2022-08-08,2087.124755859375,2101.1054958507775,2059.16327587657,2091.1192529997757,130487
2022-08-09,2053.17138671875,2094.7142515983796,2047.0796814833402,2077.138367886673,157769
2022-08-10,2103.1025390625,2131.064016314993,2045.1823361823363,2085.1273036858975,338697
2022-08-11,2081.1328125,2129.0667736324376,2057.165831933781,2065.1548254558543,291176
2022-08-12,2077.13818359375,2092.1775214554027,2057.165701059195,2091.1189213679386,175712
2022-08-15,2077.13818359375,2087.124424861028,2037.1932185246394,2037.1932185246394,685546
2022-08-16,2067.15185546875,2125.0720523852656,2052.3512030483444,2125.0720523852656,136212
2022-08-17,2035.196044921875,2087.124501416447,2021.2153066348749,2065.1547698225895,1060637
2022-08-18,2033.1988525390625,2039.1905976840694,2001.242878432358,2001.242878432358,111196
2022-08-19,2007.2347412109375,2029.2044746968284,1988.2608804731226,1997.2484987173507,375066
2022-08-22,1968.2882080078125,2001.0670218909079,1953.3088456942066,1987.26206693838,290270
2022-08-23,1899.38330078125,1983.2677367778983,1889.3970584006968,1946.318639969851,162196
2022-08-24,1875.4163818359375,1902.3792371658471,1866.9580635130883,1896.3874915369784,160480
2022-08-25,1853.4466552734375,1893.3916262922614,1852.4480309979667,1874.4177650583201,183760
2022-08-26,1853.4466552734375,1882.406759262085,1844.4590367942021,1877.4136378847318,315055
2022-08-30,1873.4190673828125,1896.3874248187426,1844.8284506201664,1857.441079601296,349522
2022-08-31,1842.4617919921875,1908.3709943073552,1829.4796763846546,1894.3902544223197,707246
2022-09-01,1801.5181884765625,1857.4411477640833,1781.186212906742,1857.4411477640833,355034
2022-09-02,1849.4521484375,1857.9804387138936,1792.530565035266,1842.4617785459975,333730
2022-09-05,1839.4658203125,1846.456189879377,1807.0135805969906,1817.4960873880293,506580
2022-09-06,1970.285400390625,1987.2620105308383,1841.393038098409,1844.4587605278684,497396
2022-09-07,1941.3255615234375,1983.26778044524,1922.351700582622,1953.3090526439526,390955
2022-09-08,1953.459716796875,1965.4441322373466,1912.5129640419302,1912.5129640419302,235513
2022-09-09,1996.4039306640625,2005.392242507973,1969.438995132332,1986.4169175041623,224760
2022-09-12,2041.3455810546875,2053.329997381819,2007.3897347944824,2009.387137515671,309167
2022-09-13,1993.4078369140625,2057.3247214644134,1993.4078369140625,1997.4026421984595,475618
2022-09-14,1956.4559326171875,1991.410479652206,1927.4935936453148,1969.4390500873371,195924
2022-09-15,1959.451904296875,1995.4051502472764,1955.457099191275,1966.4428132316752,249857
2022-09-16,1968.440185546875,1980.4246006795806,1930.489537626641,1958.453172936287,484150
2022-09-20,1901.5272216796875,1989.892290710683,1888.9675047443868,1977.4285183433726,456309
2022-09-21,1914.510498046875,1915.509199402142,1852.5910140203198,1852.5910140203198,491747
2022-09-22,1873.563720703125,1913.5117744494603,1859.5819018919076,1889.5429422016591,323523
2022-09-23,1832.6168212890625,1888.743783617783,1805.6518871338558,1881.5531832744382,222635
2022-09-26,1837.6102294921875,1864.575162207562,1793.667376178244,1810.645296776813,550475
2022-09-27,1781.68310546875,1885.5480398682735,1781.68310546875,1885.5480398682735,520626
2022-09-28,1771.6961669921875,1776.533870403618,1647.8572015429027,1748.7260363040136,818003
2022-09-29,1670.8271484375,1770.4975793983006,1655.8466300713537,1732.746624350904,394541
2022-09-30,1709.776611328125,1729.7506371613974,1657.8441441616164,1657.8441441616164,290550
2022-10-03,1720.7623291015625,1733.7454459200885,1666.8324592399929,1671.8259657086567,235790
2022-10-04,1898.5313720703125,1912.5131917488943,1793.6677244809475,1821.6313638381114,775062
2022-10-05,1838.6092529296875,1926.494974960004,1838.6092529296875,1897.5326347454677,811953
2022-10-06,1847.597412109375,1894.5363733899917,1809.8664475913629,1871.5662434016049,552358
2022-10-07,1767.7012939453125,1847.996902527218,1751.7220732090836,1812.642852265956,625995
2022-10-10,1786.6766357421875,1819.6337788274263,1753.7194926569487,1753.7194926569487,241812
2022-10-11,1785.6778564453125,1803.8522200604914,1767.70123372942,1800.658375375223,506340
2022-10-12,1748.7259521484375,1805.6519254622358,1740.992966151685,1805.6519254622358,310955
2022-10-13,1810.6455078125,1857.5844702323498,1717.7662843008825,1751.7221294556675,433706
2022-10-14,1813.6414794921875,1862.5778409983093,1794.666155642875,1836.6116083624079,486159
2022-10-17,1857.5845947265625,1860.5806989116054,1788.674198470577,1838.6092682212911,573187
2022-10-18,1904.5235595703125,1939.4781083825626,1843.6027744975336,1868.5703093634265,521112
2022-10-19,1903.5247802734375,1926.4949114100004,1877.5585450755837,1919.5040019336552,588234
2022-10-20,1907.51953125,1936.4818696825917,1867.571478239529,1867.571478239529,565832
2022-10-21,1912.5130615234375,1927.4935815875897,1893.5377361088447,1920.5026722243188,342634
2022-10-24,1930.48974609375,1962.8476948286361,1901.5274063954994,1901.5274063954994,371939
2022-10-25,1995.4052734375,2001.3974814658409,1898.53124364599,1898.53124364599,288902
2022-10-26,2051.332763671875,2051.332763671875,1972.4353496844951,1981.4236626703992,471614
2022-10-27,2047.33740234375,2057.3244140624997,2001.3971484375,2001.3971484375,366574
2022-10-28,2015.3792724609375,2057.3247280820274,2001.8768110503586,2025.3662857040542,238849
2022-10-31,2015.3792724609375,2027.3636883526776,1993.4078433260809,1997.4026486233277,228924
2022-11-01,2037.3505859375,2087.285649318321,1997.402535232843,1997.402535232843,406392
2022-11-02,2035.3531494140625,2059.321979436603,2021.371331900914,2045.3401619234544,266966
2022-11-03,2013.3817138671875,2035.353141300262,1985.4619671907572,2035.353141300262,231274
2022-11-04,2093.277587890625,2100.7907658459917,2019.3737035853262,2055.326944598715,292922
2022-11-07,2111.254638671875,2151.2026923837366,2075.3013903312,2075.3013903312,508734
2022-11-08,2165.184326171875,2167.1817286867936,2082.212147678616,2105.2622507243136,213663
2022-11-09,2167.181884765625,2185.1585086945565,2133.226039566532,2161.1896767893145,224831
2022-11-10,2233.09619140625,2240.2048675548517,2138.1395901810506,2185.158527190016,312009
2022-11-11,2237.090576171875,2257.0645991734095,2223.1087600708006,2247.077587672642,372960
2022-11-14,2267.052001953125,2267.052001953125,2203.1351173165613,2239.0883649246284,310905
2022-11-15,2259.062255859375,2287.0258912104196,2235.8924353332195,2271.0466710098226,385832
2022-11-16,2215.119140625,2277.4379945721466,2193.1477154249324,2261.0593933160503,276979
2022-11-17,2193.14794921875,2229.10119428791,2160.5163123417096,2203.134961737961,346099
2022-11-18,2225.1064453125,2237.0908606373428,2173.9729886912146,2223.1090427583595,324950
2022-11-21,2229.101318359375,2229.101318359375,2185.158460828993,2213.1220974392363,151147
2022-11-22,2237.090576171875,2259.062001473563,2197.142530168806,2197.142530168806,561444
2022-11-23,2265.054931640625,2273.0445433924438,2222.3104600036745,2237.091290509259,268585
2022-11-24,2289.023193359375,2299.010205546807,2241.0855348597024,2241.0855348597024,154384
2022-11-25,2287.0263671875,2299.1504957556203,2263.0575318981987,2291.0211730690503,319441
2022-11-28,2271.046875,2299.010512862797,2257.0650560686017,2265.0546668865436,142460
2022-11-29,2285.028564453125,2328.971421461839,2274.8318632362816,2328.971421461839,275435
2022-11-30,2312.991943359375,2334.0824350000507,2279.036103085533,2279.036103085533,997716
2022-12-01,2332.96630859375,2348.945529885488,2308.997476656143,2336.9611139166846,304546
2022-12-02,2380.904052734375,2380.904052734375,2316.987165412647,2360.930025446335,424972
2022-12-05,2366.922119140625,2392.8883533590456,2361.926661971652,2368.919521772811,982716
2022-12-06,2354.937744140625,2378.906576142056,2346.9481334734814,2362.9273548077686,550812
2022-12-07,2346.947998046875,2380.2945263622923,2343.2838176825708,2346.947998046875,259744
2022-12-08,2332.96630859375,2366.9221538386932,2326.974100609348,2362.9273485157587,199045
2022-12-09,2362.927490234375,2382.9015180470074,2326.9742401716376,2328.9716429529008,326077
2022-12-12,2350.94287109375,2368.9194945770496,2332.9662476104504,2358.9324815307723,287471
2022-12-13,2380.904052734375,2430.839120954475,2334.9637899718828,2408.8676909376313,410784
2022-12-14,2386.895751953125,2404.872372679132,2346.947705895332,2404.872372679132,306288
2022-12-15,2400.878173828125,2412.8625906691973,2336.9612840090736,2336.9612840090736,390275
2022-12-16,2370.9169921875,2408.8676432840143,2364.9247841196293,2402.8754352161436,922070
2022-12-19,2322.97900390625,2374.9114665903107,2310.994589440698,2368.9192593575344,605754
2022-12-20,2289.023193359375,2317.6658760423384,2281.0335836094296,2306.9998152967523,328023
2022-12-21,2352.9404296875,2364.9248461375214,2267.0521117956814,2267.0521117956814,373696
2022-12-22,2338.958251953125,2412.862142066076,2328.9712397756994,2412.862142066076,401793
2022-12-23,2354.937744140625,2378.906576142056,2303.0052748041903,2322.97930147205,44078
2022-12-28,2344.950927734375,2368.9197617486957,2344.950927734375,2354.9379419070087,138331
2022-12-29,2352.9404296875,2364.9248461375214,2299.0105556624044,2299.0105556624044,139888
2022-12-30,2342.953369140625,2358.932590754542,2303.0053151058314,2303.0053151058314,62950
2023-01-03,2384.89892578125,2414.6802695823376,2344.76922150428,2368.919703497959,455191
2023-01-04,2438.828369140625,2456.8049910261825,2390.1316881021403,2420.8517472550675,379562
2023-01-05,2414.859619140625,2473.727157216387,2414.859619140625,2468.7894865656017,531662
2023-01-06,2382.901123046875,2429.081057941749,2364.9245009953897,2426.8439769505057,224875
2023-01-09,2440.826171875,2440.826171875,2378.906686336436,2396.883311170213,419236
2023-01-10,2482.77197265625,2488.764181761615,2423.049573141389,2432.836896778208,363921
2023-01-11,2478.777099609375,2520.063507006281,2471.6684223735983,2492.7589204774376,181141
2023-01-12,2522.719482421875,2552.6805214055075,2482.771430443698,2490.7610408393334,404809
2023-01-13,2524.716796875,2546.688224695906,2500.747966524921,2528.7116019333466,2804424
2023-01-16,2576.6494140625,2586.6364272953006,2510.7351267260174,2520.722139958818,276992
2023-01-17,2576.6494140625,2588.6338299418608,2522.3301563716677,2574.6520114159403,229770
2023-01-18,2632.576904296875,2680.514571749929,2606.610667759804,2646.5587239706824,308161
2023-01-19,2604.61279296875,2636.5712321462806,2592.628378277176,2612.602402763133,225026
2023-01-20,2624.587158203125,2634.574171742711,2595.5070521526914,2618.5949500793736,440157
2023-01-23,2628.58203125,2642.8035291433334,2602.6157953789893,2626.5846284906916,311029
2023-01-24,2672.524658203125,2698.490891803006,2632.5766065110006,2632.5766065110006,368304
2023-01-25,2644.561279296875,2696.4937515489282,2625.468186107264,2672.5249182018265,458777
2023-01-26,2642.5634765625,2666.5323062818875,2618.594646843112,2618.594646843112,266692
2023-01-27,2684.509033203125,2684.509033203125,2634.0985134111365,2654.547994886126,320569
2023-01-30,2700.48828125,2700.48828125,2646.5584117279955,2656.5454246024406,215680
2023-01-31,2690.501220703125,2708.477843558602,2666.5323902291548,2690.501220703125,334632
2023-02-01,2696.493408203125,2730.4492511212384,2690.5012006293405,2690.5012006293405,257480
2023-02-02,2816.337646484375,2816.337646484375,2702.485699073304,2704.4831016594635,1131176
2023-02-03,2798.361083984375,2811.833554967674,2752.420823504974,2796.363681354836,714303
2023-02-06,2770.397216796875,2796.3634488216476,2745.7522645510826,2796.3634488216476,451380
2023-02-07,2722.459716796875,2773.393482591681,2716.4675090563096,2762.4077684006443,208721
2023-02-08,2752.420654296875,2768.399874350848,2726.4544217091684,2726.4544217091684,799509
2023-02-09,2728.451904296875,2774.3921633004097,2728.451904296875,2774.3921633004097,242038
2023-02-10,2638.569091796875,2730.449620353011,2624.5872722339845,2710.475592406025,450575
2023-02-13,2698.4912109375,2704.4834193999814,2636.6516976282387,2638.569126312685,233810
2023-02-14,2696.493408203125,2736.4414586950234,2672.524577907986,2692.498603153935,564128
2023-02-15,2736.441650390625,2748.4260663777372,2656.545543809877,2656.545543809877,166974
2023-02-16,2726.454833984375,2766.4028901599704,2722.4600283668155,2754.4184733072916,165405
2023-02-17,2712.472900390625,2744.431343988747,2690.5014704169157,2744.431343988747,657500
2023-02-20,2708.47802734375,2736.4416647942016,2700.488416643621,2736.4416647942016,185337
2023-02-21,2706.480712890625,2720.46253207161,2692.49889370964,2692.49889370964,559529
2023-02-22,2698.4912109375,2710.4756278624627,2684.5093911917097,2706.4808222208085,208915
2023-02-23,2684.509033203125,2716.467474074591,2667.492099721517,2716.467474074591,634721
2023-02-24,2664.534912109375,2690.501144386303,2650.5530947294906,2680.5141319720997,197132
2023-02-27,2712.472900390625,2712.472900390625,2660.540429543676,2668.530040443207,374660
2023-02-28,2708.47802734375,2726.65434292183,2690.4933570906915,2726.45465141904,323129
2023-03-01,2742.43408203125,2766.205175030822,2656.5457604527037,2656.5457604527037,398576
2023-03-02,2730.449462890625,2746.4286843267078,2706.480630736501,2716.4676441340525,677714
2023-03-03,2712.472900390625,2742.4339412638647,2712.472900390625,2742.4339412638647,439171
2023-03-06,2746.428955078125,2758.0659237161767,2702.486091796875,2722.4601205610797,492820
2023-03-07,2686.50634765625,2770.3972521927276,2676.519335211431,2734.44400739138,508965
2023-03-08,2692.49853515625,2710.475157423614,2660.5400955698256,2710.475157423614,345834
2023-03-09,2708.47802734375,2716.467638043879,2661.581002134313,2672.5247791931693,206639
2023-03-10,2656.54541015625,2676.5194357965224,2627.958561252831,2658.542812720277,450671
2023-03-13,2572.654541015625,2682.8932675527903,2556.675320263975,2668.529865525524,406729
2023-03-14,2616.59765625,2616.59765625,2518.724919489504,2518.724919489504,402161
2023-03-15,2534.703857421875,2618.594765232528,2512.0563064662606,2618.594765232528,403624
2023-03-16,2596.62353515625,2608.607951472356,2528.7118426983175,2568.6598970853365,256817
2023-03-17,2534.703857421875,2630.57918063405,2512.7324291857517,2594.6259344294845,564454
2023-03-20,2550.683349609375,2574.6521829651406,2486.7664606606672,2520.722307914668,230774
2023-03-21,2634.573974609375,2634.573974609375,2567.00973618688,2570.6570927386397,292551
2023-03-22,2664.534912109375,2664.534912109375,2611.96338604337,2634.573874866766,242786
2023-03-23,2678.5166015625,2680.5140039499443,2632.5763466512863,2670.526992012724,270636
2023-03-24,2628.58203125,2678.517100232713,2628.58203125,2676.5196974734044,631566
2023-03-27,2674.52197265625,2698.9301729181793,2634.573922280503,2664.534960062313,257233
2023-03-28,2702.48583984375,2702.48583984375,2664.5351887299057,2696.493631773143,369402
2023-03-29,2740.43603515625,2754.4178516621496,2704.4827927125093,2722.45941393438,158996
2023-03-30,2792.368896484375,2798.3611044167446,2746.428635669539,2748.426038313662,206163
2023-03-31,2770.397216796875,2806.3504611388676,2762.407606943099,2796.3634488216476,251645
2023-04-03,2750.42333984375,2777.188583055742,2732.4467167075163,2764.4051578385984,161940
2023-04-04,2756.415283203125,2772.394502236187,2746.0288883610483,2750.423076065727,307029
2023-04-05,2708.47802734375,2778.387120969879,2684.5091952433627,2760.410496894589,470141
2023-04-06,2754.418212890625,2754.418212890625,2690.501329052699,2702.48574477231,168411
2023-04-11,2768.39990234375,2786.3765250862416,2684.508996212121,2684.508996212121,179455
2023-04-12,2760.41015625,2786.3763878210925,2732.446522250362,2786.3763878210925,172644
2023-04-13,2776.3896484375,2796.363674685252,2756.4156221897483,2760.4104274392985,177607
2023-04-14,2788.37353515625,2793.4870019408213,2768.399512698111,2780.383926172994,111064
2023-04-17,2804.353271484375,2812.3428819444443,2776.389634874132,2796.3636610243057,282236
2023-04-18,2768.39990234375,2814.3401604634514,2736.4414619126533,2802.35574530179,193216
2023-04-19,2784.37939453125,2814.3404353619303,2748.426145534433,2770.397575476932,181629
2023-04-20,2768.39990234375,2790.371330140129,2760.4102922359757,2786.3765250862416,141342
2023-04-21,2806.350830078125,2808.348232804159,2736.441734666926,2736.441734666926,91015
2023-04-24,2810.345458984375,2828.3220823893926,2786.3766277776854,2804.3532511827025,128778
2023-04-25,2810.345458984375,2830.31948498995,2756.415588769323,2756.415588769323,224826
2023-04-26,2830.3193359375,2835.1928809908973,2772.378571217718,2798.3608960116003,198461
2023-04-27,2796.798095703125,2838.750067138672,2774.8232535226,2780.816392299107,141367
2023-04-28,2814.77734375,2844.743035841022,2778.818513240774,2844.743035841022,302890
2023-05-02,2842.7451171875,2868.71538178584,2800.793151297874,2800.793151297874,245459
2023-05-03,2876.70654296875,2898.6813846164277,2850.7362755669487,2896.683671739366,184497
2023-05-04,2852.73388671875,2892.688142835259,2852.73388671875,2888.6927172236083,173900
2023-05-05,2898.681396484375,2898.681396484375,2848.7385743533555,2864.720277435282,164801
2023-05-09,2900.678955078125,2906.672093415063,2842.7452844877216,2900.678955078125,316295
2023-05-10,2850.736083984375,2900.6789025545286,2834.7543820419255,2876.706349640855,171753
2023-05-11,2862.72265625,2866.7180821484644,2786.8095641791692,2786.8095641791692,195489
2023-05-12,2848.73828125,2910.667374320652,2827.964946945787,2910.667374320652,249047
2023-05-15,2840.74755859375,2866.7178246005847,2828.7612819752107,2866.7178246005847,411585
2023-05-16,2748.8525390625,2844.7427439135176,2736.866263456123,2788.806791083757,306328
2023-05-17,2776.820556640625,2776.820556640625,2698.9097640442333,2698.9097640442333,595896
2023-05-18,2758.84130859375,2798.795563605969,2720.884766332141,2776.8207233492485,319939
2023-05-19,2740.86181640625,2776.8206449013755,2726.8778275470345,2748.8526671829445,383735
2023-05-22,2710.896240234375,2736.8665063530534,2694.914538007496,2734.868793574694,424507
2023-05-23,2682.928466796875,2724.8804383551283,2672.9399021401478,2700.9078831789834,211175
2023-05-24,2650.96484375,2685.0059473602596,2619.001439454597,2668.9442586661644,277845
2023-05-25,2654.960205078125,2674.937332279616,2597.026536193802,2597.026536193802,117506
2023-05-26,2668.9443359375,2684.926038547904,2646.9694948481942,2662.9511974585985,362694
2023-05-30,2664.948974609375,2696.9123806016914,2664.948974609375,2688.9215291036126,570055
2023-05-31,2682.928466796875,2704.4638707235245,2625.893665062387,2672.9399021401478,363977
2023-06-01,2710.896240234375,2732.4316425118363,2676.9351230022567,2682.9282613373366,211278
2023-06-02,2754.845947265625,2763.4830312316103,2712.8939785255393,2736.8665320913024,217206
2023-06-05,2724.880615234375,2780.8165809429984,2723.302343880501,2746.85545890562,347326
2023-06-06,2732.87109375,2744.8573704769738,2706.9008275082238,2724.880242598684,237998
2023-06-07,2688.921142578125,2736.866244674615,2682.928004816064,2736.866244674615,200561
2023-06-08,2690.919189453125,2702.905466466279,2672.9397739333936,2672.9397739333936,470020
2023-06-09,2678.9326171875,2681.729463621274,2632.985227034396,2632.985227034396,92633
2023-06-12,2700.907470703125,2708.898321208164,2676.9349191880083,2676.9349191880083,184550
2023-06-13,2746.85546875,2746.85546875,2680.9309375000003,2706.9012073863637,186346
2023-06-14,2726.878173828125,2764.834719837454,2710.8964702452495,2764.834719837454,247811
2023-06-15,2712.893798828125,2722.8823621522342,2682.928108855797,2720.8846494874124,223754
2023-06-16,2676.935302734375,2746.855254671467,2666.9467381719332,2746.855254671467,394394
2023-06-19,2634.983154296875,2663.792211238388,2613.008313737917,2613.008313737917,165451
2023-06-20,2591.033447265625,2623.4933532478262,2591.033447265625,2599.024298298056,218026
2023-06-21,2557.072265625,2595.028807067871,2555.0745529174806,2557.072265625,348820
2023-06-22,2507.129638671875,2556.062629965126,2495.582799817224,2547.083895861865,383741
2023-06-23,2513.122314453125,2515.1200269447413,2493.1451895369632,2501.136039503428,208886
2023-06-26,2513.122314453125,2571.0559767099935,2477.163489604034,2571.0559767099935,279687
2023-06-27,2581.044921875,2591.0334858141446,2517.1181126644738,2517.1181126644738,409621
2023-06-28,2571.056640625,2648.9674479166665,2549.081797542735,2648.9674479166665,156761
2023-06-29,2551.0791015625,2599.0242060554524,2531.1019746904367,2599.0242060554524,272948
2023-06-30,2551.0791015625,2571.0562284345638,2515.739681179298,2537.0951127520557,222129
2023-07-03,2561.067626953125,2571.0561902407735,2520.174507380229,2551.079063665476,258548
2023-07-04,2587.038330078125,2587.038330078125,2499.138958245355,2571.0566261085305,164954
2023-07-05,2527.10693359375,2615.006305197011,2527.10693359375,2615.006305197011,143314
2023-07-06,2475.166015625,2553.0768103056903,2475.166015625,2509.1271312550443,160144
2023-07-07,2529.104248046875,2529.104248046875,2451.193453675763,2471.1705804375865,203570
2023-07-10,2531.102294921875,2545.5257238215977,2473.967753611476,2523.1114431620585,267731
2023-07-11,2579.047607421875,2579.047607421875,2512.2520020993343,2517.118501434208,235571
2023-07-12,2634.983154296875,2648.9671437434845,2567.060919841914,2593.031185957046,219980
2023-07-13,2624.994384765625,2694.9143265211783,2607.0149711713398,2694.9143265211783,169011
2023-07-14,2644.971923828125,2649.896217927764,2605.0176651600264,2634.9833591611005,180047
2023-07-17,2595.02880859375,2634.983062767634,2589.537049536158,2626.992211932857,159703
2023-07-18,2632.9853515625,2650.9647659510147,2545.0859923297608,2589.0356719461306,141283
2023-07-19,2692.916748046875,2716.889300700111,2646.9693554615055,2650.9647809037115,122865
2023-07-20,2690.919189453125,2714.8917434794334,2634.9832300584053,2668.9443482623424,115115
2023-07-21,2698.909912109375,2746.8550178759365,2654.0813552711206,2746.8550178759365,101540
2023-07-24,2686.923828125,2746.8552146259294,2678.9329765915427,2746.8552146259294,131583
2023-07-25,2712.893798828125,2734.868638141166,2666.9464075372216,2678.9326835261527,114759
2023-07-26,2706.90087890625,2722.8825815123387,2678.932899345595,2718.8871558608166,93813
2023-07-27,2730.87353515625,2747.4146565001815,2706.9009803487334,2744.8575254606344,192213
2023-07-28,2714.89208984375,2766.8326301939614,2684.3069853763354,2718.8875160245357,164463
2023-07-31,2758.84130859375,2774.8230105986377,2676.9350858187,2774.8230105986377,267502
2023-08-01,2547.083740234375,2758.84129040288,2527.1066128599878,2758.84129040288,762448
2023-08-02,2497.14111328125,2597.0267578125,2495.1434003906247,2523.111380859375,385543
2023-08-03,2519.115966796875,2539.0930957960572,2487.1525603981836,2497.1411248977747,269416
2023-08-04,2529.104248046875,2569.0585015705224,2488.3759784057715,2531.1019607230573,182551
2023-08-07,2529.104248046875,2557.0722255134283,2491.14770719941,2553.0768001610636,385003
2023-08-08,2593.03125,2601.0221013097075,2530.3030184465124,2565.063270416025,445597
2023-08-09,2599.024169921875,2642.9738484293935,2589.035606624712,2617.0035838567687,136212
2023-08-10,2613.008544921875,2654.960516973373,2597.0268412832093,2654.960516973373,232791
2023-08-11,2569.058837890625,2668.9444847759523,2569.058837890625,2668.9444847759523,102920
2023-08-14,2571.056640625,2608.6337393491694,2547.0840845352564,2567.0612146100425,74906
2023-08-15,2573.053955078125,2577.049380474209,2541.0905519094526,2565.063104285957,225418
2023-08-16,2547.083740234375,2595.0288459329045,2533.099751072304,2561.0677293964463,136045
2023-08-17,2481.1591796875,2534.897700225961,2473.1683288672502,2533.099710019122,295078
2023-08-18,2427.220947265625,2473.3880588181473,2398.194123007388,2467.1752015416023,275370
2023-08-21,2397.255126953125,2445.2002294921876,2395.2574143473307,2425.223103434245,243104
2023-08-22,2423.225830078125,2449.19609866099,2396.616400644564,2415.234978206474,204978
2023-08-23,2415.234375,2437.209212158809,2389.264112903226,2389.264112903226,348808
2023-08-24,2401.250732421875,2445.2004130485648,2381.2736048642887,2381.2736048642887,142903
2023-08-25,2427.220947265625,2439.2072235484184,2375.2804167068543,2375.2804167068543,233754
2023-08-29,2453.191162109375,2489.14999021847,2435.2117480548277,2445.200311418465,264871
2023-08-30,2447.197998046875,2511.1248028938135,2436.8099898038104,2511.1248028938135,436405
2023-08-31,2463.18017578125,2487.152732236542,2438.5633373623054,2487.152732236542,368260
2023-09-01,2457.1865234375,2469.1727991615853,2443.202535092734,2469.1727991615853,275111
2023-09-04,2453.191162109375,2499.1385535821078,2447.1980240911926,2499.1385535821078,92990
2023-09-05,2447.197998046875,2473.1682625159438,2441.1748651393336,2473.1682625159438,121257
2023-09-06,2439.207275390625,2509.1272218596437,2417.2324350717904,2509.1272218596437,129543
2023-09-07,2367.444580078125,2454.950224133232,2367.444580078125,2415.3928247379354,238195
2023-09-08,2395.41455078125,2435.3714240219715,2351.469062661061,2435.3714240219715,362197
2023-09-11,2405.40380859375,2421.3865581525124,2389.9305189322695,2393.416746424678,151310
2023-09-12,2423.384521484375,2487.315522875554,2399.4103959626827,2413.3953025170035,206675
2023-09-13,2419.388427734375,2457.746924578553,2407.4013669858973,2431.3754884828527,193471
2023-09-14,2489.31298828125,2489.31298828125,2429.3776835874796,2451.3539619751955,272367
2023-09-15,2537.261474609375,2551.2463803749383,2487.3153825895056,2497.304600993479,463688
2023-09-18,2419.388427734375,2545.2525655933887,2409.399210443977,2541.2568786772295,168908
2023-09-19,2449.3564453125,2465.3391953634787,2413.3952576977977,2447.3586015561277,93699
2023-09-20,2489.31298828125,2491.310831771042,2435.371214056857,2467.336709893534,207177
2023-09-21,2477.326171875,2519.280889301915,2475.328328188004,2477.326171875,173131
2023-09-22,2447.3583984375,2529.26998565051,2429.377806122449,2433.373493303571,119398
2023-09-25,2425.38232421875,2449.356449334586,2403.4060428625667,2439.367230536321,221946
2023-09-26,2421.386474609375,2441.364910868528,2405.4037256020524,2405.4037256020524,149149
2023-09-27,2401.408203125,2459.345672251976,2395.4146718360025,2429.3780158069885,162226
2023-09-28,2401.408203125,2465.2433597178706,2373.4383904430115,2413.395265702995,313122
2023-09-29,2445.360595703125,2477.3260936861725,2409.3994104721965,2453.3519701988866,234099
2023-10-02,2475.328125,2499.638798064816,2443.3626286319613,2497.3044037530267,295958
2023-10-03,2373.4384765625,2465.3392929950546,2373.4384765625,2429.378103956229,390205
2023-10-04,2307.509521484375,2396.123841620214,2277.5418653612014,2383.427583663082,276729
2023-10-05,2341.47265625,2359.4532483201792,2301.0621730410603,2317.498533489761,167448
2023-10-06,2379.431884765625,2393.4167908893523,2341.472853858365,2351.4620725181703,213178
2023-10-09,2343.470458984375,2399.410077783661,2319.4963366418237,2361.4510507412883,346599
2023-10-10,2421.386474609375,2421.386474609375,2359.453322206,2401.4080383502214,300808
2023-10-11,2383.427490234375,2467.3369240900697,2381.429646571144,2467.3369240900697,175186
2023-10-12,2381.4296875,2445.360685822148,2379.431843802433,2403.4059681732383,100776
2023-10-13,2311.505126953125,2441.364965545997,2303.5137522704867,2441.364965545997,350372
2023-10-16,2341.47265625,2367.444622573592,2293.524410729522,2361.4510918835326,226651
2023-10-17,2373.4384765625,2379.432008068971,2297.520410813868,2297.520410813868,418928
2023-10-18,2359.453369140625,2423.384366441641,2295.5223718396087,2423.384366441641,234023
2023-10-19,2305.511474609375,2365.4467815749567,2305.511474609375,2339.4748152232046,217444
2023-10-20,2279.53955078125,2301.5158304119195,2241.580522328276,2301.5158304119195,428394
2023-10-23,2309.507080078125,2317.4984540576343,2251.569618726684,2285.5329581395977,115647
2023-10-24,2315.5009765625,2353.460008965164,2247.574286999838,2353.460008965164,210842
2023-10-25,2293.524658203125,2363.4491904654155,2267.552689077131,2313.5030959923506,201208
2023-10-26,2295.5224609375,2309.5073671399045,2261.55911730309,2293.5246171942995,807127
2023-10-27,2317.49853515625,2331.483440109779,2261.558915342134,2313.50284802667,263065
2023-10-30,2333.481201171875,2357.455323101723,2311.504922736181,2311.504922736181,197846
2023-10-31,2367.444580078125,2389.420858880538,2325.489866000791,2389.420858880538,566617
2023-11-01,2391.4189453125,2403.406007695019,2325.4901022086465,2363.449133086623,205042
2023-11-02,2491.31103515625,2505.2959407264934,2413.3951326934643,2443.3627874868434,306225
2023-11-03,2509.291748046875,2543.2550917704393,2485.1427629620644,2543.2550917704393,142279
2023-11-06,2479.323974609375,2539.2592842292634,2465.339069031401,2491.3110365333528,183712
2023-11-07,2515.285400390625,2525.274619613781,2403.4061450912805,2477.326367342633,264022
2023-11-08,2531.26806640625,2561.235723072464,2481.321971962559,2497.30472218454,262247
2023-11-09,2543.2548828125,2569.2268494083855,2493.3087932050275,2527.272134138109,557282
2023-11-10,2535.263427734375,2559.2375499824543,2505.295774924276,2533.265584213702,336006
2023-11-13,2535.263427734375,2573.222454627167,2525.2742101310087,2549.248332379088,413553
2023-11-14,2595.198974609375,2605.1881931413586,2521.7591959616607,2535.263663417473,236874
2023-11-15,2609.18408203125,2645.145271523258,2571.225048678575,2605.188394309916,210814
2023-11-16,2541.25732421875,2619.1732327443247,2539.259480410402,2595.199107044148,183435
2023-11-17,2553.243896484375,2593.2007649739585,2545.2525227864585,2561.235270182292,191131
2023-11-20,2543.2548828125,2587.2074416670757,2533.2656648910056,2561.23547507119,264431
2023-11-21,2521.27880859375,2579.216277253987,2503.298214871608,2531.2680273282735,102550
2023-11-22,2545.252685546875,2585.209556591567,2487.315222532072,2551.246216203579,309306
2023-11-23,2487.3154296875,2573.222709588353,2479.324054813002,2557.239959839357,244997
2023-11-24,2501.30029296875,2545.252854027306,2459.3455755946734,2477.326168754992,299324
2023-11-27,2487.3154296875,2519.280929185492,2457.3477739081327,2457.3477739081327,621846
2023-11-28,2475.328125,2501.3000907990318,2447.3583156779664,2497.3044037530267,166223
2023-11-29,2487.3154296875,2503.298179436496,2451.354242752259,2481.3218985316266,290377
2023-11-30,2453.35205078125,2543.2550168115076,2443.3628323334437,2517.283048847211,299003
2023-12-01,2469.334716796875,2499.3023711269343,2449.3562805768356,2455.3498114428476,120658
2023-12-04,2439.3671875,2487.3154368857495,2419.388750255938,2419.388750255938,177039
2023-12-05,2459.345458984375,2461.3433025741265,2399.4101512918232,2425.3821179585957,197074
2023-12-06,2521.27880859375,2525.2744960875593,2443.362902464466,2457.3478086927994,406811
2023-12-07,2503.29833984375,2537.261685236682,2493.3091206105346,2499.302652150464,180272
2023-12-08,2471.332763671875,2525.274545902385,2471.332763671875,2517.283170757124,479619
2023-12-11,2485.3173828125,2519.280723252864,2421.3863890424036,2465.338947259345,426990
2023-12-12,2485.3173828125,2531.267784584757,2471.3324779252916,2497.304444144393,692491
2023-12-13,2461.343505859375,2497.3046934449826,2447.358599576083,2447.358599576083,298024
2023-12-14,2513.287109375,2553.2439791583865,2445.3604307432433,2497.3043614616454,728175
2023-12-15,2505.2958984375,2563.2333633933913,2465.339026054127,2523.276491010018,447270
2023-12-18,2467.3369140625,2489.3131942687246,2451.354164821609,2451.354164821609,194279
2023-12-19,2523.2763671875,2529.269897750891,2455.349687469072,2493.308714370546,1971482
2023-12-20,2623.168701171875,2623.168701171875,2509.2916136114814,2575.220453778025,2653002
2023-12-21,2609.18408203125,2637.1538960805897,2567.2293609572407,2567.2293609572407,160744
2023-12-22,2609.18408203125,2611.181925891917,2567.2293609572407,2599.1948627279144,84610
2023-12-27,2633.157958984375,2653.136395698976,2611.181678598314,2653.136395698976,137673
2023-12-28,2611.181396484375,2647.142578685384,2559.237466638473,2607.1857095731516,158956
2023-12-29,2599.194580078125,2647.142827519997,2591.2032055044797,2611.1816419385927,57317
2024-01-02,2615.17724609375,2639.1513690525926,2539.259190057415,2539.259190057415,145853
2024-01-03,2597.197021484375,2639.151742600661,2559.2379880934495,2559.2379880934495,169636
2024-01-04,2601.192626953125,2635.155971544679,2571.2249699605773,2625.166752547163,184925
2024-01-05,2557.239501953125,2585.2093090057374,2536.8106268539327,2537.261068344116,526655
2024-01-08,2551.246337890625,2589.205367193618,2505.2959339975287,2557.2398688332028,573787
2024-01-09,2471.332763671875,2557.2400464834277,2451.3543258087234,2551.2465151244824,668535
2024-01-10,2599.194580078125,2715.0695113959814,2491.311023333914,2491.311023333914,930507
2024-01-11,2581.214111328125,2645.344846587963,2581.214111328125,2617.17529863765,1022127
2024-01-12,2615.17724609375,2632.598383579935,2591.2031231349074,2627.1643075731713,624342
2024-01-15,2637.153564453125,2643.1470952814275,2601.1923794833097,2639.311147755452,281072
2024-01-16,2659.1298828125,2671.1169446433605,2583.4357040010836,2609.1837918505826,292815
2024-01-17,2637.153564453125,2659.7690468058668,2589.2053178267047,2647.142782500296,491010
2024-01-18,2657.13232421875,2673.1160505508124,2571.22503854852,2571.22503854852,258247
2024-01-19,2687.099853515625,2687.099853515625,2648.953036520605,2673.1149472148004,502297
2024-01-22,2705.080322265625,2729.0544462443454,2677.1105109571176,2687.0997292815846,446674
2024-01-23,2693.09326171875,2731.052291372056,2673.1148250591154,2713.0716983783846,251814
2024-01-24,2639.151611328125,2697.089080464019,2601.1925798252983,2665.123580251112,407891
2024-01-25,2655.13427734375,2671.117026944013,2615.097411554321,2641.1493714435196,128293
2024-01-26,2673.11474609375,2677.110433307642,2599.194532636748,2651.138466417344,265012
2024-01-29,2649.140869140625,2675.1128384459253,2639.151650177048,2671.117150860495,664003
2024-01-30,2663.12548828125,2679.108236898092,2649.1405832415135,2665.1233318583554,161200
2024-01-31,2669.119140625,2677.1105152975297,2643.1471729392774,2655.1342349480724,401081
2024-02-01,2615.17724609375,2673.114709910953,2608.244787402058,2669.119022751146,193711
2024-02-02,2611.181396484375,2649.1404221409953,2603.1900226619287,2643.146891774161,111192
2024-02-05,2611.181396484375,2641.149048318549,2593.2008053838704,2609.183553028763,194032
2024-02-06,2659.1298828125,2659.1298828125,2537.261420865421,2537.261420865421,188277
2024-02-07,2661.1279296875,2697.0891179265204,2651.1387107322166,2697.0891179265204,116481
2024-02-08,2681.10595703125,2717.067139763413,2607.1857480818044,2607.1857480818044,159458
2024-02-09,2699.0869140625,2715.069664108762,2659.130038946845,2659.130038946845,150021
2024-02-12,2723.06103515625,2743.039472684909,2705.0804413804567,2707.0782851333224,499992
2024-02-13,2675.112548828125,2727.0564818150788,2653.1362694874906,2663.125487369597,184557
2024-02-14,2727.056884765625,2745.0374796102337,2677.1107879750457,2677.1107879750457,164825
2024-02-15,2749.03271484375,2763.0176196431007,2673.1146602187046,2743.039184215457,99504
2024-02-16,2788.989501953125,2800.9765628497717,2747.0347888148617,2769.0110671253806,155544
2024-02-19,2796.981201171875,2806.970419747489,2777.596117750981,2796.981201171875,113739
2024-02-20,2806.970458984375,2812.963990213523,2735.0480842345974,2775.004959095585,424886
2024-02-21,2777.00244140625,2814.9614675837456,2769.011067474146,2798.978719719537,236106
2024-02-22,2777.00244140625,2854.918337244267,2747.034789160859,2788.9895023044064,196359
2024-02-23,2769.01123046875,2810.9659460819125,2749.032794462482,2796.981040877525,139185
2024-02-26,2737.0458984375,2786.9919914746806,2733.0502109945255,2769.0113979812954,145370
2024-02-27,2699.0869140625,2750.0919236782124,2685.102007772021,2741.0416329339378,151955
2024-02-28,2671.116943359375,2714.1305754056775,2637.153601521597,2653.1363506217276,178713
2024-02-29,2693.09326171875,2713.0716983783846,2637.153639071773,2687.0997307208595,197982
2024-03-01,2745.037109375,2747.034952977165,2703.0823937295304,2713.0716117403567,177491
2024-03-04,2713.071533203125,2746.2656841820135,2701.0844719371316,2731.0521251021146,317006
2024-03-05,2771.009033203125,2864.9076810477877,2699.086664641256,2709.0758824970712,267878
2024-03-06,2846.927001953125,2882.5755343324677,2684.1027558765077,2840.9334714226975,260377
2024-03-07,2856.916259765625,2876.8946951486014,2805.0013491787067,2852.9205726890295,564635
2024-03-08,2838.935791015625,2872.8991326393166,2786.9918567676264,2856.9163836399325,535787
2024-03-11,2836.93798828125,2866.905643087038,2802.974646168024,2830.9444573200926,365044
2024-03-12,2874.89697265625,2894.8754088804076,2820.955194851025,2852.920692809677,178117
2024-03-13,2858.9140625,2896.873089185884,2848.9248449510833,2878.8924975978334,573110
2024-03-14,2836.93798828125,2866.905643087038,2822.953082705216,2854.9185811647226,150697
2024-03-15,2840.933837890625,2884.8864007834477,2824.9510877477805,2884.8864007834477,505498
2024-03-18,2830.9443359375,2856.5168311595917,2822.95296166527,2836.937866641673,102924
2024-03-19,2826.948486328125,2896.873007191365,2800.9765214360646,2896.873007191365,518928
2024-03-20,2814.9619140625,2894.8756660585964,2788.9899446637687,2894.8756660585964,199394
2024-03-21,2854.91845703125,2864.9076748655093,2812.963742127362,2818.957272827917,136797
2024-03-22,2808.96826171875,2860.912198279694,2806.9704180048675,2852.9208234241646,151979
2024-03-25,2771.009033203125,2819.1621359178466,2755.026284633821,2804.9723739128967,606483
2024-03-26,2826.948486328125,2826.948486328125,2761.019652371356,2769.011026184298,304834
2024-03-27,2856.916259765625,2866.905477457113,2818.95723253797,2834.939980844351,153021
2024-03-28,2870.9013671875,2892.8776476600556,2846.927243035621,2874.8970545461466,108825
2024-04-02,2796.981201171875,2894.8755432128905,2788.989826311384,2880.8906372070314,163021
2024-04-03,2830.9443359375,2840.933553777788,2786.9917774402347,2834.940023073615,167361
2024-04-04,2800.97705078125,2866.905897197642,2767.013705657654,2767.013705657654,215490
2024-04-05,2798.97900390625,2837.2397102853984,2773.656237636865,2796.981160220378,182250
2024-04-08,2779.000244140625,2821.7541428259556,2771.0088703256984,2794.9829917704774,211504
2024-04-09,2751.03076171875,2794.9833229081564,2747.035074337895,2794.9833229081564,154335
2024-04-10,2775.0048828125,2779.00057018876,2733.0501653617707,2747.0350711786805,192517
2024-04-11,2775.0048828125,2777.1227141830714,2745.037227490551,2771.00919543624,125694
2024-04-12,2753.028564453125,2802.9746559707796,2753.028564453125,2779.000532042305,159609
2024-04-15,2792.985595703125,2816.9597209881304,2759.0222515493674,2816.9597209881304,183652
2024-04-16,2735.048095703125,2800.9769395002054,2715.0696581888583,2792.9855644944987,112451
2024-04-17,2729.054443359375,2765.0156292894403,2719.065225045468,2721.0630687082494,273807
2024-04-18,2775.0048828125,2786.9919449412796,2723.0609469211213,2735.048009049901,102064
2024-04-19,2759.022216796875,2767.0135917912176,2725.058873070918,2741.0416230596034,178922
2024-04-22,2782.99609375,2804.972373025844,2761.0198144741566,2767.0133451857505,124998
2024-04-23,2798.97900390625,2814.9617533932237,2770.150012213064,2814.9617533932237,195033
2024-04-24,2777.00244140625,2806.970093651641,2729.0541978136243,2729.0541978136243,146185
2024-04-25,2685.932861328125,2701.9205569312685,2663.9497798738025,2695.92517108009,439279
2024-04-26,2697.923583984375,2713.911279296875,2657.954345703125,2657.954345703125,211123
2024-04-29,2759.8759765625,2759.8759765625,2681.9359598456736,2747.8852047599116,155754
2024-04-30,2721.905029296875,2787.854270094817,2675.9404069225516,2759.8758043017506,176503
2024-05-01,2713.9111328125,2693.926514750552,2689.929591138163,2771.8665251921484,35617
2024-05-02,2703.9189453125,2739.891259440826,2675.9404787682465,2721.905102376663,174010
2024-05-03,2719.906494140625,2771.8665006414744,2673.941873005258,2721.9049559291193,183410
2024-05-07,2763.873046875,2791.8515158961495,2707.9161088327005,2747.885350291486,143569
2024-05-08,2809.83740234375,2817.8312498610862,2749.8835459637266,2769.868164757068,174225
2024-05-09,2795.84814453125,2833.818919903726,2775.463931122961,2797.8466063929595,110049
2024-05-10,2807.8388671875,2833.818870940836,2765.871168816726,2785.855787088523,110389
2024-05-13,2815.832763671875,2907.7620093275928,2779.86045015442,2811.8358399477133,114168
2024-05-14,2773.864990234375,2827.8234590645825,2715.9095977871148,2743.8880631064817,133001
2024-05-15,2781.85888671875,2817.831199909079,2709.914260338093,2797.846581470007,141101
2024-05-16,2771.86669921875,2803.842090125383,2711.912841268813,2711.912841268813,119022
2024-05-17,2827.823486328125,2827.823486328125,2753.880398699757,2763.8727078387255,159430
2024-05-20,2841.81298828125,2851.805298366627,2753.8806595299316,2847.8083743324764,115511
2024-05-21,2841.81298828125,2875.7868425715324,2773.8652797006857,2819.8299060934205,192984
2024-05-22,2813.83447265625,2851.805250341242,2739.8913792696867,2827.8237065401945,129795
2024-05-23,2859.798828125,2873.788060687456,2761.8742001878054,2853.80344274109,260493
2024-05-24,2869.791259765625,2881.782031045983,2769.8681657626435,2797.846632083478,217228
2024-05-28,2885.77880859375,2903.764964602991,2841.81264946005,2869.7911143633137,740164
2024-05-29,2895.77099609375,2925.747921519151,2853.8033004981885,2883.7802259235896,350067
2024-05-30,2937.739013671875,2941.7359375,2847.8082275390625,2847.8082275390625,343479
2024-05-31,2937.739013671875,2993.695947265625,2877.78515625,2937.739013671875,466593
2024-06-03,2935.740478515625,2975.7097157997046,2919.313180540556,2965.7174064786846,144706
2024-06-04,2935.740478515625,2945.8637905247647,2853.8035420832625,2867.79277513269,106580
2024-06-05,2925.748046875,2959.694818379286,2877.784964139344,2877.784964139344,125009
2024-06-06,2875.786376953125,3003.6879253374195,2875.786376953125,2943.7340745322813,115112
2024-06-07,2847.80810546875,2893.77272752193,2847.80810546875,2893.77272752193,116185
2024-06-10,2837.81591796875,2929.745166015625,2833.309376594424,2897.769775390625,92242
2024-06-11,2811.835693359375,2877.7849313699357,2811.835693359375,2853.8033902751863,110979
2024-06-12,2843.811279296875,2859.798974472121,2795.848193771137,2811.835888946383,126295
2024-06-13,2817.8310546875,2899.767986064938,2797.8464372783687,2899.767986064938,90102
2024-06-14,2807.8388671875,2821.828099977758,2785.855787088523,2787.8542489157026,116266
2024-06-17,2855.802001953125,2855.802001953125,2735.8942901846244,2735.8942901846244,108883
2024-06-18,2875.786376953125,2883.780223727143,2851.8048366310695,2879.7833003401342,148149
2024-06-19,2857.800537109375,2879.7836181640623,2841.812841796875,2877.78515625,150486
2024-06-20,2855.802001953125,2883.780468032442,2825.8250740109997,2863.7958494043583,142311
2024-06-21,2839.814453125,2865.7944586778676,2819.829833468948,2857.800610815447,326343
2024-06-24,2849.806640625,2867.792797543391,2819.8297124276824,2837.815869346073,293158
2024-06-25,2813.83447265625,2863.796022241766,2783.8575429049406,2783.8575429049406,83038
2024-06-26,2763.873046875,2829.8222952819956,2763.873046875,2817.83152284436,345356
2024-06-27,2769.8681640625,2796.9971864865115,2745.8866215165044,2763.8727784260013,167415
2024-06-28,2769.8681640625,2797.8466303661617,2751.8820071530035,2797.8466303661617,185998
2024-07-01,2757.877197265625,2803.8418172200522,2737.892579894135,2787.8541233228602,109253
2024-07-02,2751.882080078125,2775.8636232596336,2675.940526670014,2737.892846555578,118212
2024-07-03,2801.84375,2803.842212018545,2757.877585592011,2769.868357703281,132767
2024-07-04,2807.8388671875,2833.818870940836,2733.8957795818505,2749.8834741992882,110563
2024-07-05,2873.788330078125,2885.779101969967,2807.839084672994,2845.8098623304936,297726
2024-07-08,2897.76953125,2899.76799299569,2819.8295231681036,2897.76953125,150436
2024-07-09,2845.809814453125,2921.751368490498,2825.825194969606,2825.825194969606,136479
2024-07-10,2897.76953125,2913.7572252155173,2839.814140625,2839.814140625,140337
2024-07-11,2899.76806640625,2911.7588371839465,2867.7926776657264,2901.7665282025328,175498
2024-07-12,2899.76806640625,2923.7496079616426,2841.8126743140506,2897.7696046099672,235616
2024-07-15,2879.783447265625,2971.712689857033,2863.7957529019022,2947.7311483114486,89363
2024-07-16,2867.792724609375,2929.7450413082533,2849.80656814841,2877.7850337543555,168906
2024-07-17,2867.792724609375,2883.7804192413437,2851.8050299774063,2875.786571925359,87125
2024-07-18,2865.794189453125,2903.76496323249,2847.8080334523734,2875.7864983424315,452537
2024-07-19,2841.81298828125,2907.762234844739,2789.852975837289,2839.8145262641747,210878
2024-07-22,2867.792724609375,2880.243102771563,2801.8434842525044,2829.8219498584494,149216
2024-07-23,2863.7958984375,2891.7743649958566,2851.8051270553474,2867.792822231551,124395
2024-07-24,2843.811279296875,2857.800512575215,2819.829736534006,2819.829736534006,132339
2024-07-25,2835.8173828125,2849.8066158496304,2767.869679489297,2769.8681413517443,158572
2024-07-26,2897.76953125,2907.7618399784483,2839.814140625,2843.8110641163794,356878
2024-07-29,2933.741943359375,2937.73886698793,2879.7834743738827,2913.7573252166,145450
2024-07-30,3079.6298828125,3133.5883557754705,2879.7836866533503,2985.7021706176997,263857
2024-07-31,3131.58984375,3137.5852295389277,3079.6298335792917,3111.6052244535736,306625
2024-08-01,3137.58544921875,3191.5439250970344,3117.600828523089,3147.5777595665804,268325
2024-08-02,3075.6328125,3181.5512914230017,3053.649731968811,3137.5851303606237,247711
2024-08-05,2947.731201171875,3023.6727507613878,2911.7588882084215,2999.691208785752,360168
2024-08-06,3027.669677734375,3047.6542960692555,2935.7404333939253,2939.7373570609016,394947
2024-08-07,3061.643798828125,3111.6053490700983,3011.6822485861517,3105.6099630410613,165465
2024-08-08,3091.620361328125,3095.617284872182,3029.6680463952407,3061.643434747697,164649
2024-08-09,3119.5986328125,3149.5794607806406,3075.6324765524905,3135.5863259979583,208070
2024-08-12,3075.6328125,3163.5651346247564,3067.638965034113,3137.5851303606237,163413
2024-08-13,3107.608154296875,3107.608154296875,3069.637379421222,3085.6250741057074,148880
2024-08-14,3117.6005859375,3151.5744384765626,3025.6713378906247,3119.5990478515623,152714
2024-08-15,3155.571533203125,3193.5423116267216,3071.636128266753,3115.6022927572335,110024
2024-08-16,3125.59423828125,3174.4145715545355,3095.617311443514,3153.572703329803,83772
2024-08-19,3139.583740234375,3159.568359841214,3125.5945065095875,3127.5929684702714,109674
2024-08-20,3089.6220703125,3199.5374738488435,3089.6220703125,3143.580541139432,108563
2024-08-21,3163.565185546875,3163.565185546875,3033.6651621352853,3033.6651621352853,226684
2024-08-22,3185.548095703125,3191.5434810777233,3075.6326971688263,3075.6326971688263,162471
2024-08-23,3173.557373046875,3193.541991265054,3119.598903857791,3191.5435294432364,136236
2024-08-27,3157.56982421875,3197.5390625,3141.58212890625,3193.542138671875,103717
2024-08-28,3155.571533203125,3227.5161660057292,3097.6161345565824,3155.571533203125,69734
2024-08-29,3157.56982421875,3195.540600585937,3147.5775146484375,3147.5775146484375,68763
2024-08-30,3181.55126953125,3193.5420406475737,3148.6566655003844,3193.5420406475737,147637
2024-09-02,3157.56982421875,3195.540600585937,3141.58212890625,3195.540600585937,99380
2024-09-03,3155.571533203125,3166.933882708788,3135.586912980179,3165.5638433145978,102436
2024-09-04,3167.562255859375,3176.3116258923374,3057.646846350059,3111.6053201091777,104670
2024-09-05,3141.7705078125,3197.7307967557254,3095.8031276091365,3197.7307967557254,129670
2024-09-06,3111.791748046875,3197.730762283237,3095.803094235459,3141.77047394328,135595
2024-09-09,3151.763427734375,3195.7322263457613,3089.8073933274213,3195.7322263457613,147101
2024-09-10,3177.744873046875,3177.744873046875,3068.3925446730177,3119.7860042931898,165368
2024-09-11,3127.7802734375,3197.7306309904156,3119.785946860024,3197.7306309904156,57941
2024-09-12,3149.764892578125,3197.730855409264,3147.7663107934945,3197.730855409264,80998
2024-09-13,3169.75048828125,3183.74055979321,3127.7802737453694,3127.7802737453694,116436
2024-09-16,3173.747802734375,3197.730783611461,3151.763403597046,3197.730783611461,140733
2024-09-17,3179.743408203125,3199.729224722315,3167.7519182916108,3177.7448265512057,130637
2024-09-18,3163.7548828125,3187.7378636045087,3149.764810683828,3183.740700139174,128722
2024-09-19,3187.73779296875,3219.7150999828564,3165.753394396552,3219.7150999828564,145782
2024-09-20,3137.7734375,3247.6954369028663,3121.784783041401,3247.6954369028663,213748
2024-09-23,3135.77490234375,3149.764975203155,3095.8032656025935,3133.776320506692,85368
2024-09-24,3115.788818359375,3135.7746350262087,3099.0226406397114,3119.7859816927416,66510
2024-09-25,3089.807373046875,3127.7804261438287,3079.81446433715,3095.80311827271,152808
2024-09-26,3079.814453125,3157.759140777093,3025.8527462889356,3147.7662321037474,205586
2024-09-27,3091.805908203125,3125.7817973042584,3031.848456848184,3049.8356922546664,334842
2024-09-30,3121.78466796875,3141.770485305298,3039.8428168889045,3075.8172880946904,333365
2024-10-01,2939.913818359375,3103.797525433113,2927.922327597882,3069.821634942216,494192
2024-10-02,2903.93896484375,2977.886481498408,2899.941801781336,2943.9105954678894,245647
2024-10-03,2907.936279296875,2927.922095649431,2867.9646465917635,2893.946207850086,158178
2024-10-04,2889.94921875,2945.909507909751,2889.94921875,2913.9321998184646,157863
2024-10-07,2873.96044921875,2913.93208272666,2867.964704192563,2905.937756025078,137464
2024-10-08,2863.967529296875,2889.949090972283,2833.988804286789,2889.949090972283,253153
2024-10-09,2889.94921875,2889.94921875,2849.977583635892,2863.96765592583,149747
2024-10-10,2851.976318359375,2953.9039933673134,2841.983409044871,2953.9039933673134,107662
2024-10-11,2790.02001953125,2859.9703781871194,2757.0434218791975,2839.9845614283,578845
2024-10-14,2786.02294921875,2806.0087666449963,2776.030040505627,2794.0172761892486,212004
2024-10-15,2814.003173828125,2821.9975010265007,2768.0357924374666,2821.9975010265007,371043
2024-10-16,2853.974609375,2886.8311747482844,2842.0231300876253,2837.8830018213816,244150
2024-10-17,2897.943359375,2903.9391042564657,2857.9717268318964,2871.961798221983,227878
2024-10-18,2915.930908203125,2917.929490045622,2825.99472529076,2825.99472529076,264423
2024-10-21,2881.954833984375,2937.915122022907,2881.954833984375,2889.9491608470225,460739
2024-10-22,2875.958984375,2895.944800805681,2833.9887698705697,2843.9816780859105,648570
2024-10-23,2875.958984375,2889.949055876477,2853.974586301251,2855.973167944319,300037
2024-10-24,2877.957763671875,2907.9364903767905,2829.9918009440107,2877.957763671875,133975
2024-10-25,2867.96484375,2893.946406794425,2859.9705166594076,2893.946406794425,155948
2024-10-28,2827.992919921875,2883.9532038496577,2823.995756784176,2851.9758987480673,140896
2024-10-29,2772.032958984375,2895.9450306909584,2748.009966692911,2895.9450306909584,329168
2024-10-30,2802.01171875,2851.9623582288305,2738.0571003477176,2744.0528458229314,175855
2024-10-31,2740.055419921875,2810.005777104417,2712.075277048858,2792.018542400335,354829
2024-11-01,2764.038818359375,2768.035982232635,2672.1040492743923,2672.1040492743923,250080
2024-11-04,2770.034423828125,2792.018824017237,2748.050023639013,2754.0457691451343,152264
2024-11-05,2788.021484375,2810.005883176523,2750.0484318996414,2810.005883176523,267776
2024-11-06,2792.018798828125,2845.980507896385,2782.02588974141,2810.0060351842117,252630
2024-11-07,2804.01025390625,2818.3401731818126,2754.0457091110566,2810.005999281673,171954
2024-11-08,2636.12939453125,2722.068411942049,2590.162013125474,2672.1038669357704,462504
2024-11-11,2666.10791015625,2684.0951449324166,2636.1291855293057,2636.1291855293057,1014416
2024-11-12,2610.147705078125,2658.1136659677686,2608.1491233743895,2636.129267226682,289041
2024-11-13,2606.150390625,2634.1305328556364,2578.1702483943636,2610.1475538008053,390790
2024-11-14,2652.117919921875,2668.1065735461216,2588.1633054248896,2588.1633054248896,167817
2024-11-15,2650.119140625,2676.100700827206,2620.1404173147625,2630.1333250848415,372603
2024-11-18,2642.125,2671.049541883137,2630.1335098335853,2640.126418305598,198697
2024-11-19,2656.115234375,2666.1081434584275,2604.1521071411776,2648.120907108258,243679
2024-11-20,2646.122314453125,2668.106714346618,2638.1279872191276,2644.1237326446258,571391
2024-11-21,2640.12646484375,2652.1179552215417,2598.15624852148,2598.15624852148,196277
2024-11-22,2712.075439453125,2712.075439453125,2632.1321693144923,2650.1194050956847,135939
2024-11-25,2704.0810546875,2751.0877355598823,2680.0980741581207,2714.073963241408,264706
2024-11-26,2676.100830078125,2702.0823915351943,2674.1022484275813,2688.092319981388,81288
2024-11-27,2696.0869140625,2702.0826596089696,2662.1110226325054,2682.0968411207377,357537
2024-11-28,2698.085205078125,2718.0710214120368,2690.09087854456,2702.0823683449075,96955
2024-11-29,2700.083984375,2716.0726386126016,2675.250532305214,2696.0868208156,147738
2024-12-02,2714.073974609375,2732.0612100817493,2684.0952488220846,2700.083902575306,208400
2024-12-03,2760.04150390625,2776.030158526996,2716.072703699199,2720.069867354385,126008
2024-12-04,2756.044189453125,2790.0200786632067,2728.064045397763,2790.0200786632067,132056
2024-12-05,2746.05126953125,2768.03566834118,2722.0682890113267,2742.054106111263,101243
2024-12-06,2756.044189453125,2796.0158238179274,2722.068300243043,2796.0158238179274,81742
2024-12-09,2778.028564453125,2798.014381463579,2738.0569304322166,2798.014381463579,313042
2024-12-10,2786.02294921875,2796.015857931873,2759.211897071841,2768.0357135351283,195536
2024-12-11,2786.02294921875,2798.0144396744977,2772.0328770203773,2772.0328770203773,128593
2024-12-12,2780.027099609375,2798.014334617631,2760.0412829335346,2794.017171282463,187910
2024-12-13,2831.990234375,2843.981724428811,2798.0143458892026,2804.010090916108,134439
2024-12-16,2814.003173828125,2845.9804826216264,2796.0159376317806,2796.0159376317806,94278
2024-12-17,2776.030029296875,2818.0002457225296,2754.0456302167704,2754.0456302167704,374948
2024-12-18,2792.018798828125,2800.0131260974968,2764.0386533853234,2764.0386533853234,59696
2024-12-19,2760.04150390625,2780.027322182182,2744.038943137534,2758.042922078657,186693
2024-12-20,2764.038818359375,2770.034564169265,2740.055835119814,2740.055835119814,283423
2024-12-23,2728.06396484375,2768.035598028274,2718.071056547619,2746.051199776786,75103
2024-12-24,2772.032958984375,2772.032958984375,2722.068413941398,2768.0357953809366,32035
2024-12-27,2758.042724609375,2772.032796400872,2742.054071133379,2754.045561240376,58737
2024-12-30,2746.05126953125,2798.0143939910845,2732.0611975612946,2798.0143939910845,78630
2024-12-31,2784.0244140625,2784.0244140625,2736.058451436872,2738.0570332129396,27481
2025-01-02,2808.00732421875,2816.0016511204403,2760.0413628086076,2816.0016511204403,111832
2025-01-03,2794.017333984375,2835.9875514476594,2784.024425064545,2806.0088246881705,68313
2025-01-06,2798.014404296875,2842.9824929373603,2778.637042055343,2798.014404296875,109800
2025-01-07,2829.99169921875,2829.99169921875,2772.032829672603,2794.0172284659693,133933
2025-01-08,2624.137939453125,2887.9507406776584,2618.1421939707493,2837.9861949911938,308154
2025-01-09,2208.432861328125,2508.2201275717616,2208.432861328125,2478.2414009473982,1625022
2025-01-10,2080.523681640625,2264.393209701084,2080.523681640625,2202.437173072016,684784
2025-01-13,2080.523681640625,2122.4939000022514,2024.5633904917897,2082.522263467369,952109
2025-01-14,2112.500732421875,2157.9225975317895,2098.5106613462335,2112.500732421875,366389
2025-01-15,2180.45263671875,2182.4512184206005,2124.49234906694,2140.4810026817427,372856
2025-01-16,2218.42578125,2238.411599099099,2170.4598184121623,2200.4385451858107,562525
2025-01-17,2232.415771484375,2244.4072617519723,2196.441300681583,2220.4242812167777,277162
2025-01-20,2182.451171875,2244.407203311012,2154.4710286458335,2220.4242234002977,429223
2025-01-21,2092.51513671875,2196.4413899273222,2084.398825796878,2190.4456445499045,824637
2025-01-22,2058.5390625,2086.5192050970873,2030.5589199029127,2062.5362257281554,492508
2025-01-23,2084.520751953125,2090.516497164879,2036.5547902590934,2064.5349345806117,1407135
2025-01-24,2108.503662109375,2182.4511839084716,2090.516427077162,2164.4639488762587,392914
2025-01-27,2150.473876953125,2168.461111983402,2086.51926351214,2110.5022435525093,290886
2025-01-28,2146.4765625,2196.44110073324,2144.4779809706706,2148.47514402933,898087
2025-01-29,2090.5166015625,2166.462711370698,2090.5166015625,2166.462711370698,301289
2025-01-30,2118.49658203125,2124.492327074735,2078.524948408019,2098.5107652196343,246576
2025-01-31,2150.473876953125,2156.4696219632174,2098.5107535323245,2116.4979885626017,335825
2025-02-03,2116.498046875,2130.488118950661,2074.527830648017,2104.5065565244336,223998
2025-02-04,2114.49951171875,2144.4782382554054,2098.5108575658674,2110.502348180529,323976
2025-02-05,2134.485107421875,2134.485107421875,2092.51489463549,2110.5021286867977,421803
2025-02-06,2140.48095703125,2184.449753534226,2128.4894670758927,2128.4894670758927,250047
2025-02-07,2090.5166015625,2154.471220348351,2090.5166015625,2132.486820140715,287739
2025-02-10,2110.50244140625,2110.50244140625,2082.522295402758,2098.510950261896,377274
2025-02-11,2102.5078125,2130.4879544914447,2076.5262520793726,2126.49079134981,452353
2025-02-12,2084.520751953125,2130.4881319099054,2082.5221702158738,2130.4881319099054,384379
2025-02-13,2134.485107421875,2140.4808521056443,2078.524823706695,2084.520568390464,322090
2025-02-14,2134.485107421875,2176.45532020826,2118.4964549318233,2144.4780152281573,403844
2025-02-17,2130.48828125,2142.479772514071,2098.5109712124768,2112.501044353893,240601
2025-02-18,2112.500732421875,2132.48654824422,2102.5078245107024,2126.4908034975165,185178
2025-02-19,2076.5263671875,2120.495164182808,2070.530622142685,2108.5036740931782,399889
2025-02-20,2080.523681640625,2094.5137544278336,2070.1489633566534,2084.5208452941133,158266
2025-02-21,2104.506591796875,2134.485318175748,2076.5264471765936,2088.517937728143,265880
2025-02-24,2108.503662109375,2128.4894788118336,2086.5192637366704,2098.5107537581457,856150
2025-02-25,2098.510986328125,2134.4854603794643,2090.5166587611607,2106.5053138950893,373553
2025-02-26,2084.520751953125,2136.483877121659,2084.520751953125,2098.510824113884,284243
2025-02-27,2090.5166015625,2096.5123470736735,2062.5364558436904,2078.525110540153,580382
2025-02-28,2100.509521484375,2100.509521484375,2058.539302691633,2058.539302691633,759365
2025-03-03,2080.523681640625,2116.498154522019,2044.5492087592309,2110.502409041787,801539
2025-03-04,1902.6497802734375,2020.5661006895434,1777.738423900444,1972.600139842314,2142561
2025-03-05,1815.7115478515625,1977.5966720958954,1815.7115478515625,1918.6385095624655,946538
2025-03-06,1760.75048828125,1857.4918946033167,1753.7554522892133,1829.7015573456122,895585
2025-03-07,1865.676025390625,1865.676025390625,1755.1115429984516,1760.7504856659248,495074
2025-03-10,1851.6859130859375,1897.6532913924423,1841.6930047584365,1865.675984744439,380047
2025-03-11,1907.6463623046875,1922.6357260734515,1839.694579886291,1851.6860709013022,705077
2025-03-12,1875.6689453125,1930.6299426445125,1863.6774549855156,1903.6490894087974,559082
2025-03-13,1838.6951904296875,1890.6583153766135,1830.7008635147758,1859.6802985813308,218709
2025-03-14,1848.6881103515625,1882.663999947213,1831.7001655537374,1843.691655999261,204719
2025-03-17,1860.6795654296875,1875.6689282016775,1841.6930392518336,1862.6781471326196,237780
2025-03-18,1853.6845703125,1887.6604600109501,1836.696625463275,1863.6774790473382,187162
2025-03-19,1833.69873046875,1852.7252675025275,1816.7107858268052,1842.6923482203679,223446
2025-03-20,1816.7108154296875,1859.6803231653732,1815.7115245521134,1847.6888326344842,1069861
2025-03-21,1787.7313232421875,1818.709339463824,1787.7313232421875,1815.7114669262464,521087
2025-03-24,1780.736328125,1805.7185998439254,1772.7420011749439,1801.7214363688972,246654
2025-03-25,1786.7320556640625,1808.716454559258,1775.739856216465,1775.739856216465,1121452
2025-03-26,1803.719970703125,1816.7107516555575,1778.7376996407547,1790.7291897506925,239624
2025-03-27,1796.72509765625,1816.7109163176099,1786.7321883255702,1798.723679522386,235440
2025-03-28,1773.7412109375,1820.7078796214787,1771.742629291373,1790.7291549295774,244085
2025-03-31,1736.767578125,1777.7385048816889,1731.771123642477,1763.7484323306244,484518
2025-04-01,1778.7376708984375,1791.7284516409543,1723.7766754493284,1748.7589461080145,235689
2025-04-02,1785.7327880859375,1806.717896395845,1750.7576075694249,1792.72782418924,281427
2025-04-03,1786.7320556640625,1825.9251897429228,1754.754748180142,1800.7221276882779,206070
2025-04-04,1757.752685546875,1801.7214849579395,1734.7689949456367,1776.739212565289,464115
2025-04-07,1685.8037109375,1786.7320896006224,1655.8249846019191,1698.794492349585,762965
2025-04-08,1744.7618408203125,1774.7405666076031,1690.8001344031895,1724.7760236287854,671924
2025-04-09,1710.785888671875,1737.7667408880786,1685.803618101316,1718.7802152544539,291705
2025-04-10,1768.7447509765625,1799.7227663891463,1746.7603529418254,1748.758934581347,950056
2025-04-11,1750.757568359375,1797.724238286824,1724.77600627185,1776.7391304469,325017
2025-04-14,1793.72705078125,1801.7213774699685,1754.7547081737464,1767.7454890429142,274010
2025-04-15,1837.6959228515625,1837.6959228515625,1783.7342154921366,1797.7242877705064,281491
2025-04-16,1813.712890625,1843.6916160898759,1794.7263644972452,1828.702253357438,131227
2025-04-17,1832.699462890625,1837.695917260556,1781.7356283173306,1800.7221549230678,115827
2025-04-22,1840.69384765625,1856.6825021418636,1813.7129932117773,1834.698102224145,292234
2025-04-23,1835.6973876953125,1887.7904273163917,1829.7016422809565,1868.6739874742702,290699
2025-04-24,1843.691650390625,1846.6895229928862,1816.7107969702745,1834.6980325838415,276549
2025-04-25,1813.712890625,1871.6717598570935,1813.712890625,1863.67743306646,155564
2025-04-28,1833.69873046875,1858.6810020010219,1814.7122041042235,1824.7051127171321,256343
2025-04-29,1852.6851806640625,1876.6681603490342,1816.710711136605,1828.7022009790908,261023
2025-04-30,1855.68310546875,1876.6682132850362,1829.7015434104908,1863.6774322559068,285654
2025-05-01,1828.1951904296875,1833.1929902941754,1775.2185118661153,1804.2057510801453,162423
2025-05-02,1783.215087890625,1839.190449393918,1783.215087890625,1835.19220928654,615323
2025-05-06,1827.1956787109375,1827.1956787109375,1790.211958737029,1800.207558729977,304478
2025-05-07,1834.1925048828125,1837.1911847273077,1802.8062981071118,1819.1991056603372,168417
2025-05-08,1819.19921875,1878.1732593578297,1815.2009787087911,1878.1732593578297,343327
2025-05-09,1821.1983642578125,1846.1873648650821,1814.2014440877772,1821.1983642578125,190040
2025-05-12,1859.181640625,1865.1790007560483,1817.2001197076613,1844.188240297379,716306
2025-05-13,1928.1512451171875,1931.149925125146,1838.1908448784386,1861.1807249394521,698388
2025-05-14,1937.147216796875,1958.1379761120115,1893.1665782318273,1927.1516171230007,374925
2025-05-15,1954.1397705078125,1959.1375704323848,1914.157371111233,1929.1507708849504,560153
2025-05-16,2037.1031494140625,2051.096988517005,1945.1436353090114,1977.1295532585943,570503
2025-05-19,1998.120361328125,2025.0984749045892,1959.137522862994,2017.1120005803682,605304
2025-05-20,2181.0400390625,2236.892409377094,2093.0787542607127,2169.045318407711,1497074
2025-05-21,2163.047607421875,2185.337841831795,2117.0678523657725,2165.046727206923,442129
2025-05-22,2095.07763671875,2161.048592836802,2095.07763671875,2161.048592836802,715025
2025-05-23,2075.08642578125,2107.0723437123675,2039.1022681087427,2075.08642578125,321039
2025-05-27,2117.068115234375,2121.0663553009176,2051.09715413642,2087.0813147353047,569033
2025-05-28,2043.1007080078125,2107.0725501372153,2005.1174267434794,2037.1033478081808,552398
2025-05-29,2045.0997314453125,2097.0768507195826,2028.0272908096629,2057.0944512778365,268645
2025-05-30,2063.091796875,2089.0803563317586,2041.1014773346656,2051.0970771257266,508165
2025-06-02,2037.1031494140625,2097.0767455695304,2025.1084301829687,2055.0952282607027,278115
2025-06-03,2053.09619140625,2065.0909111223527,2019.1111522106255,2037.1032317847796,267335
2025-06-04,2057.094482421875,2069.089202435997,2045.0997624077531,2063.0918424289357,175481
2025-06-05,1971.13232421875,2083.0830444583544,1971.13232421875,2037.1032843599455,333403
2025-06-06,1978.1292724609375,1982.1275125265483,1957.1385121164808,1968.1336722969106,258648
2025-06-09,1986.1256103515625,1988.1247302411966,1970.132651234489,1972.1317711241231,123057
2025-06-10,1987.125244140625,2001.1190838880943,1973.131404393156,1998.120403942208,232851
2025-06-11,1984.1265869140625,2021.1103066701432,1967.1340670261336,2021.1103066701432,234344
2025-06-12,1983.126953125,2001.1190323368196,1964.1353139569683,1984.1265130812124,133805
2025-06-13,1980.1282958984375,1990.1238955748556,1943.1445770956902,1959.1375365779593,144186
2025-06-16,1950.1414794921875,1983.126958130446,1950.1414794921875,1983.126958130446,147143
2025-06-17,1938.1468505859375,1956.1389306842082,1908.160050422153,1935.148170569559,175951
2025-06-18,1924.1529541015625,1959.1375532670454,1908.159994483056,1930.1503139585025,284451
2025-06-19,1904.1617431640625,1937.147222179503,1898.1643833430733,1899.1639433132382,212237
2025-06-20,1903.1622314453125,1931.1499113195082,1889.1683915082144,1901.1631114542984,569610
2025-06-23,1909.1595458984375,1912.158225813461,1876.1740668331765,1904.1617460400646,278487
2025-06-24,1947.142822265625,1981.127861257941,1919.1551430954826,1945.1437023249007,326996
2025-06-25,1926.1519775390625,1973.306265858105,1926.1519775390625,1953.140095542983,199149
2025-06-26,1915.1568603515625,1943.1445388953223,1902.162581027674,1931.1498195194251,136812
2025-06-27,1953.14013671875,1962.136176243043,1916.156418674434,1930.1502579344456,232286
2025-06-30,1918.155517578125,1966.1744159587415,1918.155517578125,1959.1374749625456,283825
2025-07-01,1974.1309814453125,1974.1309814453125,1915.1569419996044,1921.1543019432356,192459
2025-07-02,1674.262939453125,1771.2202559468283,1644.2761405375466,1757.2264164528917,5412235
2025-07-03,1699.2520751953125,1756.6197691743778,1699.2520751953125,1707.2485555491728,1055622
2025-07-04,1721.2423095703125,1745.231749424951,1697.252869715674,1710.2471496369365,543846
2025-07-07,1702.250732421875,1731.2379733145553,1696.2533722371827,1724.2410530990808,439433
2025-07-08,1735.236083984375,1747.2308034589214,1699.251925560736,1710.24708507907,368908
2025-07-09,1710.2471923828125,1776.218153631945,1710.2471923828125,1751.2291531587887,721036
2025-07-10,1739.234375,1747.2308548850576,1697.2528556034483,1700.251535560345,355518
2025-07-11,1731.23779296875,1760.2250308417833,1721.2421937021868,1744.2320720152823,319928
2025-07-14,1730.23828125,1759.2255199306758,1728.2391613409877,1734.236521068024,590606
2025-07-15,1732.2374267578125,1766.2224657132456,1726.240066942148,1727.2396269114251,493562
2025-07-16,1705.2493896484375,1745.2317903435942,1705.2493896484375,1729.2388300655316,322213
2025-07-17,1722.2418212890625,1742.2330206075658,1715.2449015275863,1724.2409412209129,344001
2025-07-18,1725.240478515625,1751.2290372881664,1704.2497195070341,1736.2356379963155,449156
2025-07-21,1726.2401123046875,1745.2317522200258,1710.2471523759818,1724.8347250941556,298110
2025-07-22,1699.2520751953125,1738.2349169203815,1694.25427497415,1723.2415162568934,354558
2025-07-23,1708.248046875,1735.2361669836162,1692.255086810635,1706.2489268669544,595943
2025-07-24,1716.2445068359375,1740.233946651932,1700.2515469586078,1708.2480268972727,865834
2025-07-25,1699.2520751953125,1725.2406363453583,1690.2560347972196,1707.2485555491728,534866
2025-07-28,1644.276123046875,1855.1832731762918,1644.276123046875,1733.2369588834536,941721
2025-07-29,1566.3104248046875,1639.2783003699346,1498.3403489356901,1499.3399088749402,2257756
2025-07-30,1566.3104248046875,1598.2963428606863,1556.314825412188,1562.3121850476878,783168
2025-07-31,1579.3046875,1621.2862045094937,1567.3099683544303,1569.3090882120252,679592
2025-08-01,1591.299560546875,1608.2920809798504,1542.321119298887,1583.3030803431218,592408
2025-08-04,1621.2862548828125,1624.2849347623737,1579.3047365689542,1584.302536368223,552016
2025-08-05,1594.2982177734375,1629.2828181634502,1594.2982177734375,1625.2845781188773,886428
2025-08-06,1607.29248046875,1607.29248046875,1581.3039204611707,1589.3004004635027,806498
2025-08-07,1621.2862548828125,1632.3324173786086,1599.2959357660295,1604.2937355652984,832282
2025-08-08,1629.2828369140625,1639.2784371405291,1620.2867967102425,1620.2867967102425,365717
2025-08-11,1624.2850341796875,1643.276674579327,1616.2885540114182,1628.283274263822,533727
2025-08-12,1621.2862548828125,1641.2774540798878,1608.2919754047134,1630.2822945214964,326293
2025-08-13,1580.3043212890625,1635.280119942382,1574.306961435973,1624.2849602117183,572174
2025-08-14,1604.293701171875,1607.2923809871495,1563.3117436964565,1582.3033825265284,445307
2025-08-15,1584.3026123046875,1618.2876525686365,1584.3026123046875,1612.2902925220574,927983
2025-08-18,1572.307861328125,1592.2990610907204,1565.3109414112166,1592.2990610907204,375717
2025-08-19,1617.2879638671875,1617.2879638671875,1564.3682694201286,1568.3095273841886,1946571
2025-08-20,1610.2911376953125,1614.2893776399317,1591.299497958372,1607.2924577368483,685198
2025-08-21,1589.3004150390625,1617.2880953039014,1584.3026149917698,1610.2911752376915,477469
2025-08-22,1630.2823486328125,1631.281908625843,1580.3043489812856,1585.3021489464381,659195
2025-08-26,1594.2982177734375,1636.2797382414528,1594.2982177734375,1633.281058208023,565353
2025-08-27,1601.2950439453125,1621.2862429958157,1586.301644657435,1599.2959240402622,367822
2025-08-28,1589.3004150390625,1619.2872153228184,1588.300855029604,1619.2872153228184,495573
2025-08-29,1576.3060302734375,1598.2963490217035,1562.3121910699954,1593.2985493061885,696332
2025-09-01,1594.2982177734375,1604.2938178848697,1579.3048176062891,1598.2964578180104,317428
2025-09-02,1581.3038330078125,1601.2950319080376,1569.3091136676774,1596.2972321829814,452029
2025-09-03,1598.29638671875,1603.294186552142,1571.3082676184333,1588.3007870519662,469161
2025-09-04,1613.289794921875,1627.2836345308626,1598.2963953408166,1607.2924350894516,415302
2025-09-05,1636.2796630859375,1636.2796630859375,1588.3007847547676,1625.2845034683778,325215
2025-09-08,1642.2769775390625,1653.2721368530795,1617.287979098115,1641.2774176014245,451159
2025-09-09,1636.2796630859375,1656.2708623905917,1631.281863259774,1641.277462912101,501159
2025-09-10,1597.296875,1650.2735548341677,1597.296875,1635.2801548811015,814103
2025-09-11,1604.4844970703125,1665.4649047471282,1579.4925267109618,1582.491563154084,570208
2025-09-12,1578.492919921875,1614.4813588814618,1577.4932410618865,1609.4829645815191,286620
2025-09-15,1572.494873046875,1607.4606918821044,1541.5048278692188,1541.5048278692188,325506
2025-09-16,1571.4951171875,1577.4931901538646,1553.0160687006917,1572.4947960152274,539374
2025-09-17,1573.4945068359375,1615.4810184541773,1573.4945068359375,1594.4877626450575,463107
2025-09-18,1566.4967041015625,1578.492849889194,1545.503448973207,1575.4938134422862,474755
2025-09-19,1554.5006103515625,1573.4945084844755,1547.5028584078577,1566.4967565407708,727838
2025-09-22,1536.50634765625,1562.4979969985159,1533.5073111936808,1558.4992817150903,372218
2025-09-23,1551.5015869140625,1576.4935583527556,1537.5060829083943,1542.504477196133,374404
2025-09-24,1530.50830078125,1558.4993082416518,1522.5108700782782,1551.5015563765514,585558
2025-09-25,1513.5137939453125,1533.5073711440618,1509.5150785055628,1519.5118671049372,721592
2025-09-26,1595.4874267578125,1595.4874267578125,1505.5163312639509,1521.5111926850818,1481282
2025-09-29,1599.4862060546875,1614.4813892364502,1587.4900595092774,1592.4884539031982,1192617
2025-09-30,1603.48486328125,1607.4835786510287,1569.4957826381312,1599.4861479114713,787999
2025-10-01,1705.4521484375,1815.6367239570561,1672.516683552078,1779.428384653429,1896824
2025-10-02,1653.4688720703125,1708.4512106216227,1631.4759366497883,1693.4560273803563,1033443
2025-10-03,1675.4617919921875,1691.4566539682464,1655.4682145221136,1659.4669300161283,593769
2025-10-06,1689.457275390625,1713.4495680588943,1671.463055889423,1678.4608079176683,678985
2025-10-07,1664.46533203125,1696.455056130349,1659.4669376407658,1694.4556983741554,576549
2025-10-08,1693.4559326171875,1693.4559326171875,1647.470706583899,1664.4652466396797,788070
2025-10-09,1672.4627685546875,1727.445107030783,1668.4640530291533,1707.4515294031119,446521
2025-10-10,1639.4732666015625,1695.4552805830792,1629.4764783905773,1680.4600982666016,638892
2025-10-13,1640.4730224609375,1673.4624251064042,1640.4730224609375,1644.4717379331153,265837
2025-10-14,1619.479736328125,1653.4688172140238,1616.4806997793692,1636.4742767710745,383533
2025-10-15,1629.4765625,1635.4746357361962,1603.484911809816,1619.4797737730062,427000
2025-10-16,1648.470458984375,1659.4669265700804,1615.481056227259,1659.4669265700804,271760
2025-10-17,1657.467529296875,1662.4659235348029,1612.4819811555244,1640.4729888879203,457851
2025-10-20,1644.4716796875,1675.4617234992402,1636.474249026406,1674.4620446666033,342345
2025-10-21,1664.46533203125,1664.46533203125,1633.4752868102478,1648.4704699817005,487396
2025-10-22,1707.451416015625,1715.4488465356044,1664.465226970735,1683.4591244556864,645317
2025-10-23,1709.4508056640625,1717.448236333836,1683.459155987299,1705.452090329176,310590
2025-10-24,1705.4521484375,1727.445083528722,1685.4585710818435,1724.4460469253736,263060
2025-10-27,1682.45947265625,1708.451122263536,1680.460114994151,1701.4533704461899,275732
2025-10-28,1687.4578857421875,1699.4540318493596,1671.4630242659582,1680.4601338463372,190920
2025-10-29,1671.4630126953125,1695.4553047435707,1664.465260847904,1686.4581952254737,427373
2025-10-30,1658.4671630859375,1675.4617030331715,1645.4713384204058,1672.4626665718947,419825
2025-10-31,1612.48193359375,1666.464589771098,1612.48193359375,1658.4671592263057,559660
2025-11-03,1589.4893798828125,1623.4784609620676,1589.4893798828125,1609.4829569882568,402146
2025-11-04,1567.4964599609375,1596.4871470392968,1551.5015981246015,1589.4893949858997,460171
2025-11-05,1606.48388671875,1619.479711564639,1557.499623838091,1574.4941640211769,431782
2025-11-06,1575.493896484375,1618.480087822464,1575.493896484375,1601.4855470608939,283324
2025-11-07,1556.5,1599.4861913937057,1555.5003211303788,1599.4861913937057,452434
2025-11-10,1553.5009765625,1571.4951963682433,1545.5035455377251,1551.5016188063064,416443
2025-11-11,1557.4996337890625,1578.4928894434722,1539.5054146567113,1576.4935317620998,403823
2025-11-12,1564.4974365234375,1583.491335113818,1545.5035379330573,1583.491335113818,303337
2025-11-13,1543.504150390625,1585.4906622535825,1539.5054349751053,1539.5054349751053,345172
2025-11-14,1519.5118408203125,1543.5041330437912,1511.5144100791529,1533.5073446173417,455594
2025-11-17,1504.5167236328125,1550.5019523950114,1502.517365860543,1550.5019523950114,316341
2025-11-18,1488.5218505859375,1506.516070404975,1477.525382918748,1492.5205661012792,570650
2025-11-19,1491.5208740234375,1499.5183049833486,1480.2255522601265,1490.5211951534486,278773
2025-11-20,1461.530517578125,1506.516067024784,1461.530517578125,1506.516067024784,338287
2025-11-21,1449.5343017578125,1467.5285206761853,1415.5452215786638,1429.5407251818426,969257
2025-11-24,1417.5445556640625,1459.5310657754098,1411.612501618819,1459.5310657754098,709139
2025-11-25,1469.5279541015625,1479.5247429049746,1406.7501461326165,1419.5440100845026,437175
2025-11-26,1560.4986572265625,1560.6236170806005,1471.5272411515055,1488.5217813006736,1087096
2025-11-27,1558.499267578125,1564.4973404488553,1528.5089032244728,1549.5021582720294,330493
2025-11-28,1559.4990234375,1574.4942063551682,1549.5022348257212,1564.4974177433894,351117
2025-12-01,1660.466552734375,1660.466552734375,1570.4625087625143,1571.4951360014675,882729
2025-12-02,1613.481689453125,1680.4601734638804,1608.4832951239641,1667.4643482080621,544211
2025-12-03,1574.494140625,1617.4803298611112,1574.3682045237224,1609.4828993055555,391818
2025-12-04,1589.4893798828125,1625.477818672612,1578.4929124748182,1587.490022172268,262980
2025-12-05,1673.46240234375,1706.4518045404907,1629.476532748096,1649.4701098370297,1030433
2025-12-08,1629.4765625,1680.4601850076688,1629.4765625,1680.4601850076688,347324
2025-12-09,1626.4775390625,1645.4714377977105,1615.4810713736938,1636.4743278705055,349278
2025-12-10,1638.4736328125,1649.470100146812,1611.4823039010066,1611.4823039010066,216367
2025-12-11,1657.467529296875,1658.4672081444608,1633.4752369548214,1633.4752369548214,258203
2025-12-12,1627.4771728515625,1671.4630423880913,1625.4778151453565,1666.4646481225766,435552
2025-12-15,1661.46630859375,1667.4643819099729,1629.4765842405611,1634.4749786707469,274325
2025-12-16,1719.4476318359375,1719.4476318359375,1664.4652947714162,1682.4595141743505,488624
2025-12-17,1732.4434814453125,1735.4425180548542,1709.4508674388253,1724.4460504865344,406470
2025-12-18,1736.442138671875,1741.4405328534292,1710.450488927794,1727.4450291450778,442191
2025-12-19,1727.445068359375,1740.4408935264305,1711.4502066153066,1731.443783795392,621546
2025-12-22,1679.46044921875,1739.4411795479912,1677.4610915411085,1726.4453546433222,309049
2025-12-23,1675.4617919921875,1696.455048335765,1664.4653243836467,1679.4605074862022,207077
2025-12-24,1682.45947265625,1689.3552064678886,1664.4652536973595,1664.4652536973595,70613
2025-12-29,1676.46142578125,1694.4556450204047,1666.464637315053,1682.4594988609683,290835
2025-12-30,1685.45849609375,1693.455926680197,1668.4639560975497,1693.455926680197,144723
2025-12-31,1679.46044921875,1687.4578799293156,1674.4620550246466,1687.4578799293156,78178
2026-01-02,1676.46142578125,1695.4553238670246,1666.464637315053,1686.4582142474471,275954
2026-01-05,1756.435791015625,1756.435791015625,1674.4621229090335,1679.4605173057769,607834
2026-01-06,1741.4405517578125,1755.9358950416747,1711.3702559663511,1742.4402306049753,425430
2026-01-07,1772.4305419921875,1777.4289360756397,1699.453988373784,1719.447564707593,870788
2026-01-08,1656.4678955078125,1757.4364381093324,1587.4900531481028,1743.4399576135336,2644253
2026-01-09,1635.474609375,1673.462405925275,1627.4771785223106,1649.4701133672065,628831
2026-01-12,1624.4781494140625,1665.464982722356,1616.4807185246395,1636.4742957481972,520500
2026-01-13,1627.4771728515625,1647.470749913621,1621.4790997329449,1627.4771728515625,313312
2026-01-14,1630.4761962890625,1645.4713789649277,1603.4848674725054,1626.477480908832,439154
2026-01-15,1672.4627685546875,1697.4547405892763,1629.4765766551945,1638.4736865876466,578012
2026-01-16,1654.468505859375,1683.4591926689955,1639.4733230268125,1674.462082969458,322416
2026-01-19,1668.4639892578125,1672.4627046305095,1626.4774778444944,1646.4710547079792,310889
2026-01-20,1657.467529296875,1676.461427401001,1642.4723465830916,1665.4649600775597,328334
2026-01-21,1649.4700927734375,1675.4617427201704,1624.4781216708097,1653.468808149858,408964
2026-01-22,1659.4669189453125,1679.4604962820029,1641.472699342291,1665.4649921463197,409285
2026-01-23,1662.4659423828125,1674.643060827024,1649.4701172168614,1664.4653001006511,202888
2026-01-26,1664.46533203125,1679.4605152027027,1660.4666165188626,1660.4666165188626,270429
2026-01-27,1632.4755859375,1670.4633827933635,1623.478476155848,1660.4665941470835,463207
2026-01-28,1646.4710693359375,1662.4659309688307,1631.4758865551003,1649.470105892105,540848
2026-01-29,1624.4781494140625,1667.4643404447115,1624.4781494140625,1654.4685152493992,369529
2026-01-30,1606.48388671875,1644.4716824221182,1606.48388671875,1625.477784570434,870982
2026-02-02,1642.4722900390625,1642.4722900390625,1602.4851375122441,1603.4848163254146,409668
2026-02-03,1620.4793701171875,1650.469734770806,1607.4835454339527,1644.4716618400823,474905
2026-02-04,1704.452392578125,1707.4514290460043,1620.4793714775017,1627.4771232358871,1604722
2026-02-05,1674.4620361328125,1704.4524009590718,1668.4639631675605,1703.4527221315298,857772
2026-02-06,1679.46044921875,1684.4588434128534,1649.4700840541295,1674.4620550246466,249934
2026-02-09,1639.4732666015625,1660.4965414967296,1573.4944644090606,1624.4780842850848,1092153
2026-02-10,1636.4742431640625,1657.4674985742306,1628.4768125316175,1639.4732796512294,525530
2026-02-11,1598.4864501953125,1644.4716764048087,1598.4864501953125,1644.4716764048087,714876
2026-02-12,1578.492919921875,1621.4791109013815,1573.4945256219323,1613.4816800214733,563737
2026-02-13,1561.4984130859375,1591.488779534451,1561.4984130859375,1579.4926329550456,537407
2026-02-16,1564.4974365234375,1586.4903717333516,1555.5003266648364,1570.495509762505,377726
2026-02-17,1562.498046875,1582.4916239303423,1555.5002949056302,1561.4983680222329,387367
2026-02-18,1584.490966796875,1601.5634850132917,1569.4957841458006,1587.4900033270899,622616
2026-02-19,1578.492919921875,1623.4784686213584,1562.4980581620587,1603.4848914215881,606056
2026-02-20,1593.488037109375,1611.482255847122,1569.4957454590456,1579.492533646683,475917
2026-02-23,1580.4923095703125,1611.4823548560048,1565.497126367558,1594.4878138928832,361631
2026-02-24,1595.4874267578125,1639.4732956659227,1578.4928864978608,1611.4822881789435,446811
2026-02-25,1595.4874267578125,1606.48389398484,1578.4928864978608,1596.4871055966332,358920
2026-02-26,1588.48974609375,1610.4826815336887,1580.4923150246814,1593.488140511918,327810
2026-02-27,1583.4913330078125,1600.4858738292346,1567.4964710582385,1588.4897273670542,758519
2026-03-02,1570.4954833984375,1570.4954833984375,1553.500942839702,1565.4970891164564,737502
2026-03-03,1604.4844970703125,1617.480321657175,1509.51500970478,1539.505374136001,1099280
2026-03-04,1631.475830078125,1653.4687640620211,1605.4841808244294,1607.4835384593289,698907
2026-03-05,1675.4617919921875,1675.4617919921875,1603.4849130999216,1631.475921558025,584628
2026-03-06,1675.4617919921875,1702.1912428093874,1656.4678933956172,1675.4617919921875,598064
2026-03-09,1661.46630859375,1675.4618129982703,1631.4759420126354,1648.470483075267,572821
2026-03-10,1666.464599609375,1679.4604243213857,1629.4764831213445,1677.461066673384,429009
2026-03-11,1662.4659423828125,1676.4614464076828,1643.4720440633455,1660.4665846649739,234629
2026-03-12,1681.4598388671875,1721.4469931803192,1645.471399985369,1663.4656194262784,550406
2026-03-13,1648.470458984375,1686.4582560986298,1624.4781660701087,1682.4595406129188,456715
2026-03-16,1610.482666015625,1639.4733533616543,1581.491978669596,1630.4762434956453,346137
2026-03-17,1606.48388671875,1616.4806750617415,1584.4909523641686,1611.4822808902459,397886
2026-03-18,1591.48876953125,1628.4768879185967,1584.491017403914,1605.4842737859217,697331
2026-03-19,1559.4990234375,1593.4881047175481,1556.4999868539664,1581.4919583834135,389899
2026-03-20,1542.5045166015625,1578.4929563926553,1530.5083700045316,1570.495525327968,1522698
2026-03-23,1505.516357421875,1555.500300231366,1476.52567059237,1513.5137882713934,531651
2026-03-24,1499.518310546875,1535.50675,1499.518310546875,1533.5073922526042,316397
2026-03-25,1518.51220703125,1534.5070689881295,1500.5179873297604,1514.5134915420301,334686
2026-03-26,1520.511474609375,1543.504087308925,1507.515650040064,1516.5127593572793,205505
2026-03-27,1479.524658203125,1533.507314651077,1477.5253005569045,1521.5111687737542,429323
2026-03-30,1509.5150146484375,1509.5150146484375,1473.5265772131104,1474.5262560307585,282251
2026-03-31,1521.51123046875,1558.4993484236409,1514.5134784232303,1518.512193877813,331696
2026-04-01,1545.5035400390625,1559.4990442826245,1525.5099625482596,1549.5022555372232,292551
2026-04-02,1563.4976806640625,1566.4967171359247,1519.5118124100863,1549.5021771287065,342701
2026-04-07,1546.0032958984375,1587.4899669490585,1535.0068288729717,1564.49735407763,327590
2026-04-08,1590.489013671875,1626.977290855422,1568.496079479052,1589.9891742584018,339663
2026-04-09,1607.9833984375,1607.9833984375,1566.4967269826313,1596.9869313048844,375018
2026-04-10,1612.9818115234375,1614.481329786397,1588.9895193160855,1599.9859865777885,433262
2026-04-13,1603.9847412109375,1625.9776762727267,1595.4874708461555,1620.9792819405018,283588
2026-04-14,1645.471435546875,1648.4704721851742,1604.9844409298346,1610.4826747667166,332106
2026-04-15,1621.9788818359375,1657.9673192757487,1619.479684791506,1645.471334053592,292406
2026-04-16,1627.4771728515625,1653.96866245879,1621.4790997329449,1623.4784574391508,192977
2026-04-17,1642.4722900390625,1653.9685963905229,1594.987546413466,1629.4764654678465,456001
2026-04-20,1628.476806640625,1649.4700619748503,1621.4790548625497,1641.4726313713359,241227
2026-04-21,1621.4791259765625,1649.4701343164784,1621.4791259765625,1649.4701343164784,716111
2026-04-22,1618.9798583984375,1633.475201372675,1599.9859607080575,1619.4796978113422,287508
2026-04-23,1607.9833984375,1612.9817925886891,1591.4886977385763,1603.984683116549,174566
2026-04-24,1631.9757080078125,1631.9757080078125,1590.489036104398,1603.9847004585208,262408
2026-04-27,1635.474609375,1660.4665807896547,1622.9786236676728,1632.4755728052414,323843
2026-04-28,1594.48779296875,1648.4704517902626,1576.9934127951117,1624.4781589807014,474723
2026-04-29,1556.5,1594.987636480411,1556.0001605651894,1580.992132305716,232737
2026-04-30,1517.0,1523.5,1490.0,1508.5,316821
2026-05-01,1516.5,1550.0,1510.0,1531.0,198584
2026-05-05,1472.5,1526.0,1446.166015625,1516.5,447087
2026-05-06,1512.0,1546.5,1470.0,1483.5,454542
2026-05-07,1500.0,1519.0,1467.0,1512.0,535187
2026-05-08,1489.0,1511.5,1478.5,1483.5,255183
2026-05-11,1522.0,1522.7099609375,1466.0,1470.0,490532
2026-05-12,1644.0,1644.0,1563.7960205078125,1581.0,1318211
2026-05-13,1651.0,1657.39599609375,1620.0,1640.0,831465
2026-05-14,1707.0,1707.0,1645.0,1662.0,870919
2026-05-15,1697.0,1700.0,1653.0,1697.0,343403
2026-05-18,1731.0,1731.0,1672.0,1697.0,317400
2026-05-19,1690.0,1745.0,1681.0,1728.0,481645
2026-05-20,1694.0,1842.0,1667.6619873046875,1692.0,235057
2026-05-21,1728.0,1728.0,1671.0,1671.0,197219
2026-05-22,1726.0,1746.0,1710.0,1727.0,239320
2026-05-26,1733.0,1744.0,1715.0,1726.0,273275
2026-05-27,1745.0,1754.0,1731.0,1738.0,249879
2026-05-28,1729.0,1742.0,1702.0,1740.0,199513
2026-05-29,1716.0,1756.8809814453125,1716.0,1735.0,744617
2026-06-01,1676.0,1730.0,1673.0,1727.0,228839
2026-06-02,1644.0,1701.0,1644.0,1680.0,299133
2026-06-03,1669.0,1677.0,1629.0,1644.0,202292
2026-06-04,1682.0,1697.0,1653.0,1660.0,191939
2026-06-05,1692.0,1729.0,1672.0,1720.0,560052
2026-06-08,1670.0,1700.0,1663.0660400390625,1682.0,184871
2026-06-09,1667.0,1770.0,1657.0,1670.0,165691
2026-06-10,1706.0,1708.0,1661.0,1703.0,146327
2026-06-11,1715.0,1732.0,1662.0,1662.0,225168
2026-06-12,1716.0,1733.0,1696.0,1721.0,153356
2026-06-15,1691.0,1738.0,1579.0,1734.0,169496
2026-06-16,1652.0,1694.0,1638.0,1692.0,298169
2026-06-17,1641.0,1664.0,1623.0,1658.0,143560
2026-06-18,1633.0,1670.0,1596.0,1670.0,412203
2026-06-19,1595.0,1653.0,1594.0,1639.0,425512
2026-06-22,1618.0,1622.0,1569.717041015625,1600.0,356759
2026-06-23,1600.0,1609.0,1586.0,1603.0,132847
2026-06-24,1664.0,1664.0,1576.0,1600.0,563733
2026-06-25,1661.0,1694.0,1651.0,1665.0,532980
2026-06-26,1648.0,1667.0,1618.0,1629.0,294312
2026-06-29,1647.0,1671.0,1629.4560546875,1657.0,410075
2026-06-30,1600.0,1651.0,1598.0,1647.0,455669
2026-07-01,1552.0,1603.0,1507.0,1579.0,1096524
2026-07-02,1590.0,1591.0,1548.0,1553.0,452653
2026-07-03,1592.0,1607.0,1569.0,1591.0,144302
2026-07-06,1520.0,1604.0,1520.0,1598.0,454843
2026-07-07,1532.0,1560.0,1513.0,1528.0,255184
2026-07-08,1510.0,1535.0,1504.0,1532.0,255603
2026-07-09,1541.0,1541.0,1497.0,1513.0,346082
2026-07-10,1560.0,1560.0,1526.0,1537.0,359992
2026-07-13,1567.0,1572.0,1533.0,1563.0,221063
2026-07-14,1558.0,1565.0,1545.0,1565.0,143311
2026-07-15,1571.0,1579.0,1540.0,1550.0,169350
2026-07-16,1573.0,1577.0,1547.0,1566.0,245067
2026-07-17,1593.0,1595.0,1552.0,1572.0,185664
2026-07-20,1580.0,1617.9150390625,1571.0,1605.0,234715
2026-07-21,1590.0,1609.0,1533.0,1568.0,823439
2026-07-22,1623.0,1623.0,1559.0,1618.0,267119
2026-07-23,1560.0,1617.0,1558.0,1600.0,280257
2026-07-24,1582.0,1602.0,1550.0,1550.0,367923
2026-07-27,1635.0,1637.0,1575.0,1591.0,549580
2026-07-28,1690.0,1712.0,1634.0,1639.0,681076
2026-07-29,2002.0,2002.0,1748.0,1822.0,2865480
