Price,Close,High,Low,Open,Volume
Ticker,JDW.L,JDW.L,JDW.L,JDW.L,JDW.L
2021-07-29,1164.51025390625,1187.500585099249,1134.6278017303976,1187.500585099249,183168
2021-07-30,1134.52294921875,1164.5103399469988,1115.530935090859,1161.5116008741738,167052
2021-08-02,1153.5147705078125,1168.403527038401,1135.5223390787478,1147.517293364791,106508
2021-08-03,1141.5198974609375,1162.511068955403,1132.5236811061666,1154.5144321956066,109795
2021-08-04,1118.5296630859375,1164.510328413867,1112.5321849996858,1164.510328413867,325278
2021-08-05,1154.5145263671875,1154.5145263671875,1106.5347018947848,1125.5267157484443,367926
2021-08-06,1141.5198974609375,1161.5114893604284,1132.5236811061666,1150.5161138157084,98842
2021-08-09,1146.517822265625,1146.517822265625,1122.6657928907568,1125.5266502799423,117909
2021-08-10,1134.52294921875,1165.5099196379406,1130.5246304549835,1164.5103399469988,186279
2021-08-11,1132.523681640625,1149.5165347632117,1121.1365031023154,1129.524942854286,182116
2021-08-12,1124.527099609375,1149.5976113274892,1118.5296217447917,1131.5241571180557,175612
2021-08-13,1142.51953125,1142.51953125,1126.5262569717847,1127.5258366141732,83913
2021-08-16,1125.526611328125,1179.503908851854,1117.944839231286,1179.503908851854,121181
2021-08-17,1115.53076171875,1123.5273980034722,1102.3092724415992,1118.5295003255208,127809
2021-08-18,1155.513916015625,1161.5113930883706,1108.5336789457856,1129.5248487003946,267743
2021-08-19,1115.53076171875,1147.517306857639,1111.532443576389,1129.524875217014,116751
2021-08-20,1117.5299072265625,1117.5299072265625,1086.5429419993502,1099.5374758043101,466941
2021-08-23,1097.538330078125,1133.7010970413685,1096.5387505425347,1119.529079861111,95699
2021-08-24,1124.527099609375,1131.5241571180557,1093.5401306423612,1125.5266792534721,134242
2021-08-25,1130.5245361328125,1153.5148671063357,1121.528319664912,1127.525797310179,224180
2021-08-26,1114.5313720703125,1130.524647364595,1109.5334735408492,1127.525908246917,88783
2021-08-27,1111.5325927734375,1136.5220845174447,1104.5355350851155,1117.5300707919992,167293
2021-08-31,1112.5321044921875,1125.4217030695186,1100.5371491876895,1115.530843318312,513526
2021-09-01,1117.5299072265625,1142.519395313024,1115.5307481796456,1124.5269638907719,525855
2021-09-02,1119.5291748046875,1149.5165634155273,1101.5367416381835,1149.5165634155273,143349
2021-09-03,1096.5389404296875,1135.5225490684822,1084.543983925443,1135.5225490684822,477490
2021-09-06,1098.5380859375,1101.5368250255915,1079.5460717129208,1100.5372453295608,448128
2021-09-07,1081.5452880859375,1098.5381438137204,1070.9946701501165,1098.5381438137204,1051056
2021-09-08,1055.5562744140625,1083.5445089629202,1048.559215776848,1076.5474503257058,135427
2021-09-09,1059.5545654296875,1063.5528845445165,1033.565491183299,1057.555405872273,498819
2021-09-10,1055.5562744140625,1068.550811883175,1049.4078580554094,1064.5524926619096,153850
2021-09-13,1059.5545654296875,1074.0334638819802,1044.5608687490787,1055.5562463148585,468892
2021-09-14,1045.5604248046875,1080.5457162656473,1032.565887976331,1064.5524401692085,177471
2021-09-15,1004.5775756835938,1069.6532387469242,1004.5775756835938,1048.5590814846664,461179
2021-09-16,1040.5625,1040.5625,1003.5780499519692,1003.5780499519692,475155
2021-09-17,1054.5565185546875,1086.5430669847822,1024.0773928361764,1050.5582000009256,370966
2021-09-20,1073.5487060546875,1088.5424030666245,999.5798007957984,999.5798007957984,183350
2021-09-21,1074.548095703125,1090.541369685683,1064.1604964644687,1084.5438919422238,191532
2021-09-22,1059.5545654296875,1090.5415385696124,1033.565491183299,1033.565491183299,192449
2021-09-23,1074.548095703125,1084.5438919422238,1037.9835169873404,1060.5539809683867,356339
2021-09-24,1094.5396728515625,1096.5388320713828,1051.5577496254282,1086.5430359722816,201931
2021-09-27,1079.5460205078125,1111.5325692635995,1077.5468612105758,1094.5397152370876,238989
2021-09-28,1059.5545654296875,1103.7630310624838,1033.565491183299,1096.5390172418558,708675
2021-09-29,1043.5611572265625,1069.100466155943,1016.5725066086342,1017.57208626115,230062
2021-09-30,1042.5616455078125,1055.156325546387,1035.56458748427,1043.5612252254614,436213
2021-10-01,1068.55078125,1085.5436374532273,979.0883912388915,1023.5696913002806,1190668
2021-10-04,1018.5717163085938,1106.052877025037,995.5813831632576,1103.535990976141,377675
2021-10-05,1031.5662841796875,1035.5646031106164,996.0812036676924,1035.5646031106164,549122
2021-10-06,975.0900268554688,1020.5709045816848,962.6452470119987,1002.5784694372477,1148532
2021-10-07,979.0883178710938,1004.5776002659002,957.5973542833158,996.0811728009647,440149
2021-10-08,971.0916137695312,989.5838369859351,966.5935054195952,974.5901424861482,345713
2021-10-11,960.0963134765625,973.0908497339236,945.0296504283125,966.593581605243,570328
2021-10-12,945.1025390625,957.5972844229243,929.6090548155737,929.6090548155737,398869
2021-10-13,942.6035766601562,959.5434738657855,909.6174493751242,909.6174493751242,1007848
2021-10-14,964.0946044921875,975.0899810079097,933.1076343115159,975.0899810079097,553362
2021-10-15,964.5943603515625,970.0920484157424,948.1012961590228,948.1012961590228,1099209
2021-10-18,946.6018676757812,965.7838023661064,941.6039697471867,961.095771668705,346569
2021-10-19,958.0971069335938,972.0912222148355,943.6032018208789,961.5956357539042,315062
2021-10-20,957.5972900390625,961.8705173811888,941.6040158839215,959.5964493084551,394113
2021-10-21,963.5947875976562,967.5931062183934,946.6019334595233,949.6006724250761,381841
2021-10-22,952.5994262695312,977.0891282040575,947.6015279155463,974.0903891916665,808637
2021-10-25,947.6014404296875,968.5926115784464,942.6035425371259,960.0961851610916,262920
2021-10-26,986.5851440429688,991.5830424423758,910.6170883719802,910.6170883719802,290912
2021-10-27,1038.563232421875,1054.5565064533957,951.5998048754813,951.5998048754813,700727
2021-10-28,1034.56494140625,1051.5577955163044,995.3814067858717,1030.5666227921195,415120
2021-10-29,1022.5700073242188,1043.5611804950972,1019.5712682998076,1022.5700073242188,367907
2021-11-01,1032.56591796875,1049.5587743147992,1016.5726414077625,1049.5587743147992,349499
2021-11-02,995.0816040039062,1038.1495550510529,994.5818141475507,1028.5675243797284,207181
2021-11-03,972.5910034179688,1004.5775523484672,954.5985696445633,954.5985696445633,194950
2021-11-04,995.5813598632812,998.9799551742459,968.0929187023976,989.5838817918158,340201
2021-11-05,1040.5625,1042.5616594620558,985.1608056096819,1000.5793107588856,335987
2021-11-08,1030.5667724609375,1042.5617300453519,1015.5730754804194,1034.5650916557422,351450
2021-11-09,1028.5675048828125,1043.511172496977,1017.3722001107589,1021.5704470264668,199309
2021-11-10,954.0987548828125,1009.5514475012822,855.7701117616632,1002.578366838618,1658057
2021-11-11,958.0971069335938,973.4526492276918,953.5989984503374,958.5968967650666,652569
2021-11-12,941.60400390625,968.5926536997413,941.60400390625,959.0966472909203,456998
2021-11-15,934.107177734375,963.0949874232962,926.6103304010334,944.6027640010534,225412
2021-11-16,927.1101684570312,974.0904141901639,923.1118496712328,943.6032334484502,455606
2021-11-17,924.6112060546875,935.5206201706786,907.118561615815,920.1130974846917,1723286
2021-11-18,934.107177734375,996.0811156899997,916.6145339565777,970.0920449344152,213278
2021-11-19,919.61328125,972.091213060462,895.5784055634686,935.6065557065217,885400
2021-11-22,907.618408203125,933.6074815657695,889.6259727982172,889.6259727982172,451159
2021-11-23,916.11474609375,926.1105425595847,892.1248345757467,904.1197903347484,159789
2021-11-24,913.1160888671875,923.1118862275289,889.1261752023681,919.6133571514093,197111
2021-11-25,926.6103515625,926.6103515625,904.2087609015623,924.6111922279531,97971
2021-11-26,891.6251220703125,914.1156660687228,860.6381503391693,902.1207092695706,498152
2021-11-29,886.6271362304688,918.6136845499445,880.1298686030752,915.1151558275019,397628
2021-11-30,857.1395874023438,882.6288695933173,851.1920760225494,859.6385366367529,547903
2021-12-01,872.1332397460938,884.1281954789913,855.1403857911556,863.1370229464206,348908
2021-12-02,852.1416625976562,865.1361982149813,848.6431337776073,859.6385100691899,380368
2021-12-03,847.143798828125,864.561462962012,840.1467409027009,852.141697346285,245880
2021-12-06,899.1219482421875,905.6192163506636,848.6431729378735,860.1383395913311,246401
2021-12-07,905.6192626953125,916.5756549820813,897.1228347340431,913.1161108964327,173581
2021-12-08,890.62548828125,907.6183427153479,863.1370472849151,895.62338664422,314583
2021-12-09,879.1302490234375,903.1201591730254,867.1352939486436,879.6300388182206,153654
2021-12-10,866.6355590820312,881.629253875838,862.1374506438892,869.6342980407926,170270
2021-12-13,819.6553955078125,873.1819027994736,811.6587575028582,859.6385855325838,798096
2021-12-14,821.654541015625,834.9519287363021,800.4634384614961,809.6595842124772,551080
2021-12-15,810.6591186523438,823.5357230960376,800.6633218748796,821.1547052686811,476636
2021-12-16,817.6561889648438,840.1467320598425,814.157660038955,823.65366712351,331671
2021-12-17,851.14208984375,859.1387272116302,808.1601639913939,811.158903004349,426388
2021-12-20,844.6448364257812,850.1425247102094,812.1584965632511,839.646937985392,275614
2021-12-21,871.1336669921875,874.6321957752887,845.1445960320075,858.6389213382548,549799
2021-12-22,894.1240234375,899.6217116755171,864.6364228881358,871.1336908057923,200383
2021-12-23,917.6141357421875,931.1084612678079,892.1248541937935,929.109301930679,252199
2021-12-24,929.1093139648438,931.6082631686223,908.6179304938602,931.6082631686223,63032
2021-12-29,932.6077880859375,942.6985150936907,923.6115714806069,937.60568620001,291832
2021-12-30,943.6032104492188,943.6032104492188,922.612037335412,922.612037335412,111754
2021-12-31,960.5960083007812,960.5960083007812,935.6065179703759,943.6031548761056,129790
2022-01-04,964.0946044921875,989.2680402223606,957.0975467094552,987.5847270485032,443330
2022-01-05,972.5910034179688,977.0891118613201,950.600251028251,958.5968882608756,230515
2022-01-06,970.092041015625,988.7142145971795,938.605282342784,942.6036009044146,259640
2022-01-07,960.5960083007812,981.1273515928231,947.1016835223624,970.0920146263353,260103
2022-01-10,968.5926513671875,986.0262985249099,954.0987468833648,971.5913902259094,298767
2022-01-11,958.0971069335938,975.589751035146,953.0992086188645,968.5926933945251,211293
2022-01-12,917.1143188476562,969.092460079349,917.1143188476562,959.0966636886388,315745
2022-01-13,926.6103515625,943.6032059061489,910.6170768861247,939.6048872370551,335995
2022-01-14,925.1109619140625,941.6040260648805,920.1130636865419,941.6040260648805,185966
2022-01-17,920.6128540039062,935.106758871503,913.6757688200006,931.6082301103589,205073
2022-01-18,903.1202392578125,921.6124633045966,899.4997523899114,902.6204494187102,194180
2022-01-19,919.113525390625,949.1009161048379,872.633069783595,872.633069783595,621553
2022-01-20,931.1084594726562,944.6627573118782,917.6141339730525,929.6090899727003,349683
2022-01-21,902.1206665039062,923.6116297502597,888.1265509016296,892.6246594880756,255082
2022-01-24,870.6339111328125,946.1021778268738,857.6393751457556,946.1021778268738,476395
2022-01-25,887.126953125,901.97068675377,867.1353598151409,881.1294751320422,228228
2022-01-26,912.116455078125,922.0162838998397,895.12360057256,896.1231802493579,437434
2022-01-27,904.119873046875,910.617141344061,885.1278580243315,895.1236554046176,183762
2022-01-28,883.62841796875,900.1214823312889,877.1311501895681,894.6237942104426,239599
2022-01-31,891.6251220703125,899.6217599364139,870.1341578051648,897.6226004698885,223643
2022-02-01,899.6217651367188,914.6154612223307,892.6247069634333,896.6230259195964,689136
2022-02-02,889.1260375976562,917.6140556657093,889.1260375976562,904.6195211083517,143230
2022-02-03,879.1302490234375,906.1188979417238,879.1302490234375,879.6300388182206,188204
2022-02-04,874.6322021484375,886.1273682338169,865.1361953822544,882.1290495954241,219118
2022-02-07,877.6309814453125,888.1265683532575,864.7833561580246,877.6309814453125,121876
2022-02-08,885.1278076171875,888.6263365010499,866.1357936762203,871.6334819222897,165311
2022-02-09,911.1168823242188,913.1160416930047,892.6246581629482,899.6217159536992,291464
2022-02-10,925.1109619140625,928.9203340750507,906.1189486494842,928.1097008505749,289701
2022-02-11,909.1177368164062,949.6007146515514,899.6217296698907,949.6007146515514,174464
2022-02-14,892.6246337890625,909.7174215216486,870.633881332893,900.1214812173021,266329
2022-02-15,910.6171264648438,911.6167061865395,879.130365231427,885.1278435616017,251691
2022-02-16,908.1181640625,928.1097582080696,896.6229974287975,921.1127002571202,244995
2022-02-17,889.1260375976562,931.1083800137344,886.1272988536506,931.1083800137344,277247
2022-02-18,875.6317749023438,889.0261666391249,823.6536330131636,849.6427039577536,243872
2022-02-21,869.6343383789062,898.1223598085601,863.6368601831897,886.1274034171269,254457
2022-02-22,866.6355590820312,876.0565851089065,809.6595188655655,809.6595188655655,255251
2022-02-23,844.6448364257812,876.0066491392237,844.6448364257812,849.6427348661705,338121
2022-02-24,833.1497192382812,844.6998558953029,800.6633774563447,819.6553926519384,440914
2022-02-25,867.6351318359375,870.4379692669478,810.1593022500315,810.1593022500315,370964
2022-02-28,875.6317749023438,899.6216865435039,853.6410225646136,899.6216865435039,234670
2022-03-01,834.6490478515625,919.1135323347446,831.7292550544361,919.1135323347446,252587
2022-03-02,838.1475830078125,863.53693192968,810.1593512556137,810.1593512556137,246188
2022-03-03,815.656982421875,842.1458427578794,811.6436555437816,820.1550907808191,402068
2022-03-04,775.673828125,846.1441952420264,771.1757195856153,846.1441952420264,373566
2022-03-07,758.1812133789062,793.6662932404107,712.2005465161117,763.6789018081533,344868
2022-03-08,732.69189453125,772.6750811359567,717.1984097219262,732.69189453125,448631
2022-03-09,777.6729736328125,794.6658278124497,733.6914686972807,736.6902076701579,341442
2022-03-10,759.6805419921875,809.6595250179893,754.6826436896073,809.6595250179893,160916
2022-03-11,769.1765747070312,792.1669076742329,753.6830894465257,763.1790965416743,165789
2022-03-14,767.6771850585938,792.9805706435145,757.1815985441208,767.1773952245712,226235
2022-03-15,771.675537109375,796.3651681799307,747.6856240386172,759.1807907183553,707473
2022-03-16,811.6586303710938,818.1558977324388,759.6804914803341,759.6804914803341,312140
2022-03-17,826.152587890625,832.6498556719789,779.6721337624773,781.671293079817,242933
2022-03-18,841.6461181640625,848.143386297158,812.1585166369368,833.6494804617911,671682
2022-03-21,818.1559448242188,853.1412326297749,806.8107401825029,845.6443852428699,435728
2022-03-22,828.1517333984375,832.1500519664445,801.6628728853916,802.1626627063924,694103
2022-03-23,807.660400390625,831.2334963463911,793.1664946905457,793.1664946905457,472990
2022-03-24,790.6675415039062,805.1614471319804,780.6717445190275,784.670063312979,270662
2022-03-25,793.1664428710938,808.6599272624006,778.1727482988614,797.6645512427635,338410
2022-03-28,798.6641845703125,807.1606120657414,778.672590463421,801.1631338336739,174909
2022-03-29,819.1555786132812,819.1555786132812,782.1711290602716,804.1618828485476,428454
2022-03-30,790.6675415039062,832.6498888403968,782.6709039160032,832.6498888403968,288246
2022-03-31,781.1714477539062,804.161778270016,778.1727089909353,794.1659823934466,227272
2022-04-01,779.6721801757812,791.5921561131063,774.1744917258238,781.6713396121294,266138
2022-04-04,778.1727905273438,817.1563985306404,769.1765732958138,810.6591305300909,398409
2022-04-05,777.1732177734375,787.6688046372589,761.1799425523765,774.6742685201467,328469
2022-04-06,769.6763305664062,788.1685540930017,763.1790628408456,788.1685540930017,262785
2022-04-07,779.6721801757812,789.6679773575221,763.678904684996,789.6679773575221,300677
2022-04-08,775.1740112304688,796.1651836815839,768.1769537467636,791.1672854789375,369824
2022-04-11,766.6776123046875,774.1744598826343,750.6843374717345,767.1774021432173,217761
2022-04-12,748.6851806640625,765.6780352318717,747.1858111433735,758.1811876284264,186179
2022-04-13,728.1937866210938,747.1858002735314,724.9981089538103,730.6927357858882,294569
2022-04-14,736.690185546875,745.1866123815405,721.1967013189557,723.1958605741711,288598
2022-04-19,733.191650390625,740.188707722233,720.1971153462104,720.6969051556109,255263
2022-04-20,738.1895141601562,743.1874120217688,726.6943490784477,733.6914060847051,202646
2022-04-21,746.6860961914062,756.6818939985201,736.1905084939367,738.1896680553594,223071
2022-04-22,734.6910400390625,747.6855754411139,734.6910400390625,739.6889382706207,222159
2022-04-25,718.197998046875,728.6935846571633,707.7024114365867,728.1937948185782,213168
2022-04-26,721.6964721679688,739.1891151914306,714.1996251579136,739.1891151914306,317369
2022-04-27,721.6964721679688,746.1861724008153,708.7019373505399,720.1971027659578,349519
2022-04-28,729.693115234375,734.6910132839255,715.8739149254683,717.6981599154537,262866
2022-04-29,735.1907958984375,742.6126622275318,727.6939488974338,735.1907958984375,160104
2022-05-03,740.6885375976562,745.1866461255772,714.6994661030017,733.691479887557,236033
2022-05-04,729.693115234375,737.1899623087007,709.701523036173,724.6952171848245,376184
2022-05-05,717.6981811523438,747.9854320269285,711.700703315416,741.6880925000544,236697
2022-05-06,718.197998046875,723.9955479725626,706.7028317594163,713.2000996610234,554516
2022-05-09,704.7036743164062,723.89561637203,699.2059860770584,721.1967390344498,214439
2022-05-10,699.705810546875,729.6932024274554,697.7066510881697,729.6932024274554,279041
2022-05-11,720.6968994140625,721.1966892194814,698.2063581702117,710.2013135002655,203834
2022-05-12,704.7036743164062,715.1992609551612,694.2080876776512,711.7007320755762,225191
2022-05-13,730.1929321289062,730.1929321289062,704.2038613070697,714.1996577770069,171732
2022-05-16,729.693115234375,744.6868093830266,719.9982179778079,744.6868093830266,153946
2022-05-17,736.1903686523438,748.6851135378214,724.1954135622851,732.1920502889909,109037
2022-05-18,706.2030639648438,749.1849914248413,706.2030639648438,749.1849914248413,189618
2022-05-19,693.708251953125,708.502018034952,682.3150332658323,705.7032073183087,289339
2022-05-20,708.2022094726562,712.2005282276183,688.2106156978459,696.20725320777,191450
2022-05-23,713.2001342773438,719.6974024943062,701.779948113276,708.7020255117543,159914
2022-05-24,707.20263671875,734.6910784286661,698.7062092811395,734.6910784286661,727513
2022-05-25,705.7032470703125,738.1895863476286,690.2097621842079,703.2042978951343,149637
2022-05-26,740.1887817382812,740.1887817382812,704.703701722469,706.2030713006019,225275
2022-05-27,746.1862182617188,756.1820148894711,732.5619425773322,749.6847470814321,210251
2022-05-30,755.6822509765625,770.6759464324467,732.1921280956773,763.1790987045046,197109
2022-05-31,746.1862182617188,764.6784420230607,743.9891441152428,764.6784420230607,386366
2022-06-01,738.6893310546875,756.1819742122749,736.6901718366776,738.189541250185,330028
2022-06-06,742.687744140625,757.1816503183358,733.1917366448836,741.1883745360343,1901082
2022-06-07,749.6847534179688,753.1832822672526,739.6889567057292,748.1853839111328,446782
2022-06-08,758.6809692382812,767.6771862648221,746.1862233680856,764.6784472559751,228485
2022-06-09,763.1790771484375,770.6759246646304,753.1832804601803,770.6759246646304,217270
2022-06-10,740.6885375976562,765.1782395830039,740.6885375976562,754.6826530178549,281724
2022-06-13,729.693115234375,750.1844972375321,717.6981599154537,742.1878603582513,485992
2022-06-14,719.1975708007812,734.6910556477752,712.2005131279453,734.6910556477752,440179
2022-06-15,722.696044921875,734.6910000243128,718.1979367584609,718.1979367584609,911545
2022-06-16,690.2097778320312,724.6952772313144,690.2097778320312,717.6982193821846,1604503
2022-06-17,700.20556640625,708.7019936931209,675.2160743860412,681.2135524708913,598844
2022-06-20,699.705810546875,706.2030787876674,682.2131652832031,693.7083321707589,245954
2022-06-21,687.7108154296875,731.6923210676326,685.6017169606937,731.6923210676326,177310
2022-06-22,681.2135620117188,685.7116706383551,662.7213376577689,681.2135620117188,233528
2022-06-23,661.7216796875,699.7057035970544,661.7216796875,699.7057035970544,114058
2022-06-24,681.71337890625,687.7108573130499,659.2228348807506,669.7184220926504,245866
2022-06-27,685.711669921875,695.4575719360707,677.7150323717657,682.712930840584,131502
2022-06-28,683.2127075195312,691.4292231593458,659.7225851688232,659.7225851688232,802080
2022-06-29,636.7322387695312,675.2160553984589,636.7322387695312,663.7208893924155,357908
2022-06-30,623.7376708984375,630.0819874943521,619.7393524952424,629.2353587028308,729472
2022-07-01,634.7330932617188,648.2274188664954,619.7393981453001,619.7393981453001,198649
2022-07-04,619.7393798828125,643.7292913621471,619.7393798828125,632.234125444966,271205
2022-07-05,605.2455444335938,626.2367193850479,598.2484861164423,621.7386104668791,640437
2022-07-06,615.7410888671875,632.2341537475586,603.2463427456943,617.2404584017667,216314
2022-07-07,611.2429809570312,630.2349950832513,585.7536988402621,585.7536988402621,151893
2022-07-08,616.2408447265625,621.2387428995273,601.247150207668,606.2450483806329,256614
2022-07-11,623.2379760742188,646.2283103961225,600.5495167900633,646.2283103961225,256455
2022-07-12,629.7351684570312,646.2282323928107,615.7410536024306,646.2282323928107,709377
2022-07-13,577.2572631835938,602.2467550963034,559.764618844697,597.2488567137615,1040765
2022-07-14,539.7730102539062,587.9527615192105,539.7730102539062,584.2543046174226,614130
2022-07-15,543.2716064453125,548.7692951949891,515.2833728105954,526.7785401962828,399939
2022-07-18,560.264404296875,574.7583094927799,546.7700787696532,554.2669262847764,352177
2022-07-19,555.7662963867188,579.7562084609656,547.2698691937563,579.7562084609656,241556
2022-07-20,568.2610473632812,579.756213668783,540.2728163585814,540.2728163585814,275623
2022-07-21,564.7625122070312,594.2501124019117,552.2677663617429,594.2501124019117,206053
2022-07-22,565.7620849609375,576.2576713427217,550.2686003021132,550.2686003021132,141402
2022-07-25,559.7645874023438,594.7498741149902,558.7650077819824,594.7498741149902,161070
2022-07-26,541.2723999023438,559.264834248128,534.7751319441438,534.7751319441438,218685
2022-07-27,549.7687377929688,562.763271595348,537.2739937522194,541.2723118452592,634804
2022-07-28,551.2681884765625,555.6413495365533,533.2757544011715,533.2757544011715,630276
2022-07-29,556.2660522460938,566.7616381375295,544.2710969415957,544.2710969415957,252500
2022-08-01,559.7645874023438,595.7494537353515,555.2664791107178,595.7494537353515,280286
2022-08-02,557.765380859375,562.7632785373264,545.7704264322916,554.7666422526041,543646
2022-08-03,569.7603759765625,571.7595351905154,555.2664716754043,571.7595351905154,672618
2022-08-04,576.2576904296875,582.2551685607857,566.2618935445238,582.2551685607857,151233
2022-08-05,572.7590942382812,580.2559410215048,569.2605657394436,569.7603555249918,147930
2022-08-08,580.7557373046875,583.2546862603875,572.2593108553074,579.7561577224075,146323
2022-08-09,559.7645874023438,594.7498741149902,557.2656383514404,594.7498741149902,248615
2022-08-10,583.2546997070312,584.2542793123561,545.2706747046882,555.7662605605988,244997
2022-08-11,580.2559204101562,597.248772515191,575.7578125,594.7498236762153,176800
2022-08-12,592.7507934570312,592.7507934570312,575.2581477816551,579.756256669609,103332
2022-08-15,584.2542724609375,619.739348033843,580.2559540865257,619.739348033843,130980
2022-08-16,580.7557373046875,590.7515331274876,562.7633048236472,562.7633048236472,146497
2022-08-17,548.2694702148438,603.3963155527357,547.6896969011442,563.2631658451494,299420
2022-08-18,550.7683715820312,557.6345025506919,545.2706836624284,550.7683715820312,163532
2022-08-19,533.7755737304688,569.260654006558,533.7755737304688,565.2623351022099,237434
2022-08-22,522.2803955078125,537.0991768262746,511.7848086124402,533.775562107506,239862
2022-08-23,511.7847900390625,530.2770138978958,509.2858408689499,511.7847900390625,362530
2022-08-24,505.2875061035156,516.3128987754576,499.58988997522596,509.78561446645494,438949
2022-08-25,499.3900146484375,509.90457525237713,499.19008651036916,499.7898404198232,835698
2022-08-26,491.7931823730469,505.78729731862137,491.7931823730469,504.78771767965173,637952
2022-08-30,490.59368896484375,499.91679488651926,485.6168083968746,497.7906747779921,471626
2022-08-31,481.7973937988281,493.39252389991594,477.79907517809096,490.39378493436305,577661
2022-09-01,471.6016845703125,487.9948158564032,468.22313084905113,487.9948158564032,290476
2022-09-02,483.7965393066406,497.9905822072063,466.453826683025,477.7990615466409,156985
2022-09-05,488.3946228027344,489.5941000791765,469.0027837051281,469.0027837051281,295766
2022-09-06,510.7851867675781,529.2774097718838,486.79527584307345,521.7805626079761,280150
2022-09-07,504.7877502441406,510.2854386131362,495.39170713262575,495.7915329130569,435549
2022-09-08,513.2841796875,521.7806071993671,494.7919551028481,498.1905200066446,342088
2022-09-09,520.7810668945312,524.2795961347057,513.7840084141825,515.7831679799964,197845
2022-09-12,538.273681640625,544.2711599875958,528.5777461111213,530.1771102760164,380280
2022-09-13,522.7802124023438,550.2686556930979,522.7802124023438,549.7688658150843,281081
2022-09-14,509.2858581542969,519.7814450249939,496.85608700066587,500.78943068754216,212766
2022-09-15,508.7860412597656,518.2820479237495,500.7894040690424,505.7873023132444,361342
2022-09-16,514.7835693359375,535.7747440078883,502.788612380537,509.7856706045206,352820
2022-09-20,496.79107666015625,522.780147068937,490.59367074539335,514.7835100200814,731021
2022-09-21,497.3908386230469,501.2891931467677,486.3954625021806,490.3937810915865,268860
2022-09-22,487.1951599121094,497.1909573272317,483.7965948919184,495.99147994026873,272779
2022-09-23,466.6037902832031,487.9948201993891,466.6037902832031,479.79825448339716,570322
2022-09-26,464.2048034667969,469.8024558502178,456.00826828460134,462.40557222076046,323148
2022-09-27,448.41143798828125,472.6012472638383,448.41143798828125,469.60250830783735,281286
2022-09-28,429.01959228515625,446.1643597628031,401.1513071324457,443.8133587068169,1265733
2022-09-29,405.4295349121094,439.61514255931166,401.78107508564176,439.61514255931166,798904
2022-09-30,404.4299621582031,423.30203221533753,393.0347594132498,393.0347594132498,494913
2022-10-03,389.6361389160156,413.8159733100703,388.236733494223,404.42993617357376,753212
2022-10-04,419.42364501953125,425.82094894975097,393.0347472419054,399.83187694812295,422932
2022-10-05,426.8205261230469,439.8150620471677,406.1592005816042,438.21572844786414,4570018
2022-10-06,437.4160461425781,437.4160461425781,416.22494607760143,416.82469994826096,559975
2022-10-07,504.7877502441406,519.7814457959468,437.8159101127398,440.2148953000784,1667840
2022-10-10,483.7965393066406,512.7843484799723,480.7978004266408,508.28624015997264,5592386
2022-10-11,471.001953125,490.5936902706323,462.8053876218064,478.5987342199591,517664
2022-10-12,448.8113098144531,487.7949202437709,448.61138166163227,487.7949202437709,3662429
2022-10-13,461.8057861328125,474.8003212404458,435.01706442051443,437.2161212897259,4475746
2022-10-14,458.2073059082031,473.8007545644384,458.2073059082031,469.8024359605191,1375506
2022-10-17,464.6046447753906,467.203558165801,444.8129783883278,444.8129783883278,390073
2022-10-18,452.2098388671875,479.798243998024,451.6100849612398,479.798243998024,347703
2022-10-19,431.6184997558594,456.0082686982648,423.82179034296024,448.21152878061423,705818
2022-10-20,446.012451171875,456.2081452793651,411.82681500589354,424.8213504308368,694952
2022-10-21,424.22161865234375,457.60757453716167,420.0234022144694,440.81464777616094,412599
2022-10-24,426.42071533203125,436.01668676026344,415.625236035988,420.8230627901665,1939161
2022-10-25,436.81634521484375,441.01459231354653,410.22751810081576,410.22751810081576,467653
2022-10-26,453.4093322753906,456.2081430745675,421.6226813174543,434.0174932974514,534393
2022-10-27,452.00994873046875,464.40473080500334,446.41229635671885,446.8121221323972,456416
2022-10-28,444.8129577636719,458.0313984807037,439.6151312238589,442.41397263173934,1003942
2022-10-31,450.8104553222656,458.8070931106872,429.81928112765905,429.81928112765905,617778
2022-11-01,461.6058654785156,472.6012415168105,455.0086642593385,459.60670619882563,462432
2022-11-02,463.00531005859375,479.59830798730883,456.0082524484969,479.59830798730883,297493
2022-11-03,456.2081604003906,485.39589929343725,452.8095955852484,462.0057408542223,557438
2022-11-04,471.6016845703125,475.79993146157983,456.60798925114506,457.0078455301238,364424
2022-11-07,482.39715576171875,484.79614087333766,464.8045474352619,464.8045474352619,1677012
2022-11-08,487.99481201171875,503.78815875491284,474.8823142987837,503.78815875491284,178630
2022-11-09,457.2077331542969,491.7931957008778,440.6147045967724,468.2031094809425,859036
2022-11-10,486.7952880859375,487.59493960163246,447.4118560953353,455.6083908978337,540254
2022-11-11,503.78814697265625,508.78604525611513,483.85652617784217,488.7944521222796,610989
2022-11-14,505.2875061035156,509.28582464835057,479.59829725105124,509.28582464835057,342938
2022-11-15,488.3946228027344,509.7856211991609,483.39672455568376,509.7856211991609,509855
2022-11-16,468.203125,491.1934580813874,464.27377744651915,478.99860405411107,852374
2022-11-17,467.80328369140625,494.23217250101874,453.8091683673044,480.79781934950086,614379
2022-11-18,461.8057861328125,477.9989882380706,459.4068011369685,477.9989882380706,474230
2022-11-21,449.0111999511719,468.2830947679497,441.2144602225772,456.00825764094236,429281
2022-11-22,446.4122619628906,454.608796499423,441.4143638900968,449.8108265514406,409441
2022-11-23,449.4110107421875,453.00950353510467,438.6155323634361,443.61343054672386,431031
2022-11-24,462.0057373046875,467.4034614407669,448.21151950720605,467.4034614407669,512377
2022-11-25,462.8053894042969,470.00237526432016,448.0116224200555,470.00237526432016,225018
2022-11-28,457.0078430175781,467.4034656140974,452.2098422389723,452.60966801100176,657137
2022-11-29,456.4080505371094,463.60500533969247,450.4105729492492,460.0065431907752,206205
2022-11-30,443.213623046875,469.8024485779834,438.21572465774756,469.8024485779834,466613
2022-12-01,445.61260986328125,456.60798636107626,444.8129583198875,444.8129583198875,328320
2022-12-02,447.411865234375,454.7567685772612,440.0149817964794,440.0149817964794,686338
2022-12-05,447.8116760253906,454.6088053345905,439.8150389535087,445.61258862872324,226147
2022-12-06,436.4164733886719,453.60922475450934,432.81798061288043,448.0116032196666,205749
2022-12-07,437.8158874511719,445.70856447650556,429.4194244777159,429.4194244777159,347645
2022-12-08,439.8150634765625,444.21320801037785,432.923948649698,435.8167447176846,189411
2022-12-09,433.4177551269531,447.2119425019874,429.2195082712031,440.81463865421426,264132
2022-12-12,427.4202575683594,435.21696651109426,419.8234462495603,428.0200114496658,562712
2022-12-13,436.81634521484375,442.4139978448632,421.8226491548377,424.82138836683885,531332
2022-12-14,425.2211608886719,435.03304387857975,420.823016696358,431.21863856130403,320819
2022-12-15,420.02337646484375,426.62057767773945,413.8259705018057,413.8259705018057,197037
2022-12-16,414.6256103515625,424.6214064594087,405.02967049182917,417.2245234405523,1081319
2022-12-19,425.2211608886719,429.8192332053063,396.83310600582934,409.82764096319903,289824
2022-12-20,424.22161865234375,436.61640083353495,407.22876374940785,436.61640083353495,260168
2022-12-21,441.41436767578125,446.812091539741,426.2207452022841,435.0170641886901,726190
2022-12-22,429.41943359375,456.0862291377114,428.41985392081517,442.4139693419027,298606
2022-12-23,434.4173278808594,436.81631297243524,413.0263291817863,413.0263291817863,74604
2022-12-28,436.2165832519531,441.4144099924312,430.2191049382102,434.61724960067124,234909
2022-12-29,441.41436767578125,446.812091539741,424.0216883342445,446.812091539741,179858
2022-12-30,444.0133361816406,452.31084254346035,434.81719029983486,447.0120754250878,150376
2023-01-03,452.4097595214844,459.20688899713537,442.01413717441505,456.60797578418044,2231888
2023-01-04,466.4039001464844,470.6021166378707,447.21195745664045,452.60968180542403,1562318
2023-01-05,473.0010986328125,480.7978076358177,465.80411301100014,470.8020112192727,380442
2023-01-06,476.79949951171875,481.5974696948422,453.102463695906,466.0040513473159,266581
2023-01-09,481.7973937988281,487.39504596881017,473.4009307962301,480.79781414364385,1423657
2023-01-10,485.3959045410156,489.993977225212,476.99944122908175,476.99944122908175,908409
2023-01-11,482.9969177246094,492.5928583311933,482.9969177246094,487.5949598882845,311710
2023-01-12,496.5911865234375,498.5903459385959,469.80246256221614,469.80246256221614,538787
2023-01-13,489.99395751953125,499.5898977731144,474.40050885033344,474.40050885033344,393054
2023-01-16,492.19305419921875,495.7915473372948,485.9476941845461,493.1926339317536,536023
2023-01-17,471.40179443359375,514.7835474794558,466.20396777170635,514.7835474794558,1845394
2023-01-18,473.2010498046875,492.79281909902744,461.80584670131987,478.39887673136553,344745
2023-01-19,460.80621337890625,495.9914288583278,459.0069822313874,495.3916749742383,229836
2023-01-20,481.59747314453125,483.3967348546535,458.6071407182799,465.40430078193504,223055
2023-01-23,475.9998474121094,484.3963104748841,467.80328197895403,468.20310774294325,264106
2023-01-24,478.79864501953125,483.20078543344187,475.5999779866032,481.59745579478107,1071603
2023-01-25,449.21112060546875,489.5521607018472,445.41272986681696,472.00155655163644,1916580
2023-01-26,446.8121032714844,460.0065668451598,441.61427689282436,450.4105961101913,603655
2023-01-27,467.80328369140625,471.4517433713827,444.01329984233325,449.6109215681736,870087
2023-01-30,462.4055480957031,470.12230414555046,458.6071271564934,468.80285169809605,214250
2023-01-31,454.00909423828125,458.6071362751841,440.6147023767806,440.6147023767806,1614692
2023-02-01,478.1989440917969,480.3550505366101,454.8087841507109,454.8087841507109,2793346
2023-02-02,500.7893981933594,504.2879269232531,477.59913841044965,481.797385088222,6479765
2023-02-03,509.2858581542969,511.2850175582392,499.0681695711047,500.78943068754216,1148145
2023-02-06,501.2891845703125,510.78519105768635,495.7914966039382,509.2858216123115,394153
2023-02-07,491.59326171875,504.78772535568993,487.79487123480527,503.7881457015202,2865934
2023-02-08,501.2891845703125,502.78855401568734,491.59324995498895,499.7898151249377,5684742
2023-02-09,501.2891845703125,511.2849808728113,497.3908301132879,501.7889743854374,424195
2023-02-10,496.19134521484375,509.7856349134869,485.3958969126938,509.7856349134869,4588798
2023-02-13,510.7851867675781,511.7847663894325,493.792333196054,493.792333196054,4031236
2023-02-14,512.784423828125,526.2787507709704,507.2867350736324,515.2833732619853,1678064
2023-02-15,502.78857421875,520.7810082862202,502.78857421875,511.7847912524851,2281292
2023-02-16,519.781494140625,521.7806537334735,504.2880072960487,521.7806537334735,509138
2023-02-17,519.2816162109375,524.7793041592728,511.43793000845926,524.7793041592728,345998
2023-02-20,537.77392578125,537.77392578125,512.7844310888128,519.2816997088464,1078903
2023-02-21,539.7730102539062,545.2706983213071,527.4082148812573,545.2706983213071,904785
2023-02-22,533.2757568359375,559.7646182345361,524.2795397571682,559.7646182345361,496278
2023-02-23,527.7781372070312,546.7701535080419,523.2800280831077,546.7701535080419,298718
2023-02-24,524.2796020507812,536.4045098350233,516.2829636972898,529.7772909188066,349748
2023-02-27,542.27197265625,545.2707116755472,521.2807995211693,529.7772267425115,378585
2023-02-28,562.2635498046875,562.2635498046875,533.5986023986075,539.2732179904514,1278573
2023-03-01,558.7649536132812,563.7628512305736,544.2710505231336,561.7636921836566,1060817
2023-03-02,560.76416015625,569.7603766293449,551.7679436831551,558.7650009400068,524559
2023-03-03,563.7628784179688,570.7599354196102,553.7670827013382,554.7666622730012,786044
2023-03-06,590.2518310546875,590.2518310546875,562.2635985914678,566.261917514785,828655
2023-03-07,593.7503051757812,607.8474041475893,581.2605624754445,585.7536680690367,3922090
2023-03-08,581.2555541992188,610.7431532514577,572.7651062845441,610.7431532514577,577791
2023-03-09,588.252685546875,592.2510045650356,563.4191319819923,578.2568880014736,407362
2023-03-10,579.2564086914062,584.1373517424498,568.4309439709067,577.2572493861727,423927
2023-03-13,569.7603759765625,599.7477641858553,551.7679430509869,599.7477641858553,1453637
2023-03-14,594.7498779296875,600.747355690323,555.2664826721705,568.7608076336003,557072
2023-03-15,576.7573852539062,595.7493962068079,570.2601183489662,590.2517088257048,954795
2023-03-16,583.2546997070312,589.2521773389801,571.4736437410014,585.2538589176809,472734
2023-03-17,588.75244140625,600.7473977676676,581.2355825633873,599.7478180708829,1581477
2023-03-20,579.7561645507812,603.746074808055,568.2609992191709,603.746074808055,1519032
2023-03-21,599.747802734375,600.2565609666954,579.2564194742838,589.7520060221354,658200
2023-03-22,591.7511596679688,604.7456952687857,589.2522105139655,604.7456952687857,537740
2023-03-23,580.7557373046875,594.2500616654677,572.2643136339784,594.2500616654677,709719
2023-03-24,659.7225341796875,661.786668488372,590.2517521713719,601.7469175396544,2381828
2023-03-27,677.2152709960938,690.7095974292263,649.2270383940412,660.7222053555985,1477069
2023-03-28,678.714599609375,684.2122878241785,658.7230061009988,677.2152300962467,804523
2023-03-29,699.705810546875,700.7053902762277,674.2165274483817,674.7163173130581,973657
2023-03-30,721.6964721679688,723.6956313706501,697.7065617357924,700.7053005398145,1798182
2023-03-31,714.699462890625,736.690215594952,704.2038763726508,736.690215594952,1531817
2023-04-03,717.1984252929688,725.1950627875245,695.7074620263502,716.1988456061492,2272437
2023-04-04,695.7074584960938,723.1559385202943,679.7141835881375,717.1984216536598,2065202
2023-04-05,696.70703125,704.9935247658657,689.6999679891074,700.7053499372311,527212
2023-04-06,710.2013549804688,717.6982024996151,689.7099717614686,689.7099717614686,466693
2023-04-11,695.2077026367188,714.6995073835426,693.7083330408092,714.6995073835426,361845
2023-04-12,697.7066040039062,709.7015599466669,680.7137497516621,680.7137497516621,766954
2023-04-13,696.70703125,702.2047194449426,684.712075188307,693.7082922345768,277030
2023-04-14,691.7091674804688,730.6927766303796,691.0424556152497,730.6927766303796,223069
2023-04-17,691.7091674804688,711.6068072793844,684.7121094279207,702.7045444201872,304564
2023-04-18,694.7078247070312,697.7065635187163,686.2113980739236,694.7078247070312,745267
2023-04-19,697.7066040039062,701.2051328205448,686.2114378920941,686.7112277230424,248887
2023-04-20,684.7120361328125,707.2025774656421,682.2130870958314,707.2025774656421,295956
2023-04-21,691.2093505859375,697.706618523477,675.8438024300535,680.2139740762552,262990
2023-04-24,679.2144775390625,697.1979456322543,676.7155280264096,690.7096452972659,345816
2023-04-25,680.2139892578125,691.2093660128984,670.7179820602383,691.2093660128984,385634
2023-04-26,688.7103881835938,694.7078661648733,674.2164830621683,680.7137508752212,241110
2023-04-27,709.2017822265625,712.7003111029444,687.2110292893047,699.705775276383,401131
2023-04-28,712.7002563476562,715.1992053530828,697.2067725140116,697.2067725140116,412504
2023-05-02,724.1954956054688,727.6940245697464,700.4854943092689,710.7011696003979,530596
2023-05-03,726.6943969726562,728.6935562490597,718.7097787384246,724.195447877152,290606
2023-05-04,728.1937866210938,736.6902137813948,719.6973594607928,729.6931561199705,1430250
2023-05-05,754.182861328125,755.6822308337476,718.6977830283921,718.6977830283921,1167425
2023-05-09,744.1870727539062,759.1807679739312,742.8676202534037,756.6818187705937,1540139
2023-05-10,783.170654296875,815.6569928605617,745.1866276685646,767.1773799270601,1107690
2023-05-11,778.6725463867188,792.1668716450253,762.6792720065038,791.1672919962617,611076
2023-05-12,757.681396484375,798.1643734733159,756.1820269662661,798.1643734733159,795232
2023-05-15,768.177001953125,777.1732192824394,737.3429819771084,758.6809947721821,436509
2023-05-16,765.17822265625,776.1735988146024,753.1832668471383,770.6759107354262,353399
2023-05-17,755.6822509765625,775.7418095040771,739.6889758236193,755.1824611280331,1005623
2023-05-18,763.6788940429688,769.4764441256875,741.6881405495849,741.6881405495849,923506
2023-05-19,736.1903686523438,771.4695370763752,736.1903686523438,768.1769155591666,288844
2023-05-22,740.6885375976562,746.1862257984486,733.691479887557,738.6893782519136,974219
2023-05-23,719.6973876953125,760.68015560574,718.198018137614,734.191293419732,355593
2023-05-24,712.2005615234375,748.685221868147,700.7053945655153,748.685221868147,515274
2023-05-25,712.2005615234375,720.6969892749452,700.2056046977797,700.2056046977797,221217
2023-05-26,712.2005615234375,719.6974095394737,702.7045540364584,702.7045540364584,321477
2023-05-30,710.2013549804688,736.690216214786,704.2038769651516,724.6952601841517,253332
2023-05-31,733.191650390625,754.6826121948492,726.6943828684177,737.6897586752301,972421
2023-06-01,731.1925048828125,774.6742191171288,711.2009121314028,734.6910336143092,229090
2023-06-02,727.6939697265625,741.6880845289965,712.2004854810107,721.1967021397182,476674
2023-06-05,733.6914672851562,733.6914672851562,719.1975622774794,720.6969317610321,264881
2023-06-06,745.6864624023438,750.6843609439144,720.6969696944903,727.6940276526893,301692
2023-06-07,728.1937866210938,755.1824376008735,728.1937866210938,750.1845392712846,229346
2023-06-08,738.1895141601562,738.1895141601562,714.6993942105779,714.6993942105779,765564
2023-06-09,725.69482421875,737.6897799909608,711.7007091511708,720.6969259803288,505952
2023-06-12,726.1946411132812,742.1879160724176,724.1954817433892,742.1879160724176,666132
2023-06-13,723.1959228515625,729.1934011336764,702.204748864164,724.6952924220909,259606
2023-06-14,717.6981811523438,749.684729615958,713.699862594392,749.684729615958,268063
2023-06-15,696.207275390625,719.6973988244795,684.2123187435503,719.6973988244795,476187
2023-06-16,682.213134765625,728.1938002589858,676.2156566577953,696.2072503505609,1064924
2023-06-19,682.213134765625,692.414838682055,675.2160769731571,681.7133449233058,1498071
2023-06-20,680.7137451171875,706.2030263220162,677.2152163243679,686.7112230477354,291941
2023-06-21,677.7150268554688,694.2080916683232,665.7200706279384,694.2080916683232,253325
2023-06-22,672.2173461914062,678.2148243730396,651.725962404159,671.2177664944674,771579
2023-06-23,658.7229614257812,675.7158147554296,656.7238022105286,658.223171621968,188545
2023-06-26,649.2269897460938,684.7120677075816,642.7297219503283,684.7120677075816,378514
2023-06-27,653.72509765625,657.223626466337,639.7309824159022,652.2257281662128,502407
2023-06-28,668.7188110351562,672.7171297857402,648.7272172822368,655.7242750957586,505428
2023-06-29,673.7167358398438,675.7158952933744,660.7221993918943,675.7158952933744,260817
2023-06-30,672.2173461914062,681.2135634638563,660.8870883631828,668.7188172521201,319631
2023-07-03,683.2127075195312,684.7120770312786,671.2267198222904,684.7120770312786,164950
2023-07-04,681.71337890625,682.2131687734834,669.7184220926504,669.7184220926504,141040
2023-07-05,667.71923828125,685.7116728457148,665.2202890361855,685.7116728457148,181476
2023-07-06,650.726318359375,666.7195919288835,635.7326243879608,666.2198021298362,204149
2023-07-07,653.2252807617188,654.724650189634,642.2299049570073,650.2265419058883,178450
2023-07-10,655.7242431640625,661.7217209978801,634.2332809262159,636.2324402041552,144843
2023-07-11,662.2214965820312,685.7116175928655,655.7242290683962,685.7116175928655,251836
2023-07-12,730.6926879882812,739.6889043930616,654.524710225907,671.7174915569425,1302695
2023-07-13,707.702392578125,731.1925143656757,702.7044943254546,731.1925143656757,442760
2023-07-14,710.2013549804688,728.1937890264201,700.2055582882736,728.1937890264201,275843
2023-07-17,703.204345703125,722.6961505946829,689.7100192397388,690.7095989777674,200611
2023-07-18,717.1984252929688,731.1925409084413,699.0560295733944,713.6998963891006,1345139
2023-07-19,727.1942138671875,752.6834955903672,721.696525652384,730.6927427311533,313119
2023-07-20,706.7028198242188,730.442836756079,699.7057622021969,720.6969350682627,383188
2023-07-21,710.2013549804688,732.1921077032981,693.7082904383467,732.1921077032981,704684
2023-07-24,692.2089233398438,711.7007269573555,692.2089233398438,706.702828593891,203573
2023-07-25,686.7112426757812,700.0556070488678,681.7133442574714,692.2089309359221,200590
2023-07-26,692.2089233398438,697.2068217033083,655.2244754502059,655.2244754502059,321492
2023-07-27,702.7044677734375,713.0041522098703,686.3113377203007,692.7086716457926,496186
2023-07-28,692.708740234375,702.7045373517541,687.7108416756854,700.7053779282783,226102
2023-07-31,675.7158203125,729.1933297603088,675.7158203125,729.1933297603088,231217
2023-08-01,666.2199096679688,683.2127655784795,648.2274739980161,668.7188590665733,306796
2023-08-02,649.7267456054688,662.7212805175781,647.2277965839093,662.7212805175781,460594
2023-08-03,644.7288818359375,675.715851350533,623.7377089389535,643.2295123432958,307253
2023-08-04,646.72802734375,655.580322698012,636.7322309396735,648.7271866245653,362070
2023-08-07,644.2290649414062,659.7225490478326,634.5830972068318,659.7225490478326,325049
2023-08-08,635.2328491210938,649.2269638145561,608.7439891656115,633.7334796896514,388037
2023-08-09,638.2316284179688,659.7225916301635,618.2400347322063,659.7225916301635,448956
2023-08-10,658.7229614257812,661.2219104448473,624.2374649626713,640.7305284885065,514959
2023-08-11,659.2227783203125,664.7204663881847,649.2269818332721,655.2244597254963,148333
2023-08-14,679.7141723632812,689.7099690156824,652.725521401798,658.2232095606187,239519
2023-08-15,684.2123413085938,687.7108704460372,647.2278904270481,647.2278904270481,188471
2023-08-16,672.7171630859375,696.6960950659873,651.2261987377241,665.220315057491,181757
2023-08-17,644.2290649414062,698.7061542188409,643.7292751315215,698.7061542188409,236914
2023-08-18,635.732666015625,644.7288829875442,622.2383405577461,638.2316151744915,912106
2023-08-21,642.22998046875,648.2274588855788,621.7385958779183,624.7373350863327,253696
2023-08-22,652.7254638671875,657.2235719642814,638.7313497873397,640.2307191530376,1232405
2023-08-23,685.711669921875,686.7812275153425,649.726800946383,654.7246994152014,1005065
2023-08-24,675.2161254882812,698.7062497650757,675.2161254882812,685.2119230528747,181235
2023-08-25,680.7137451171875,699.7057585639226,667.2194197734548,699.7057585639226,118868
2023-08-29,697.7066040039062,706.7028209609767,688.7103870468359,699.7057633276997,1107887
2023-08-30,707.20263671875,713.6999047592756,689.709991994258,697.7066295825972,953656
2023-08-31,722.696044921875,722.696044921875,701.205083696674,708.7019306356976,490635
2023-09-01,718.197998046875,733.691483043015,707.7024114365867,724.195476109897,448987
2023-09-04,701.2051391601562,742.1879056684476,696.7070306409535,718.6977834015001,310842
2023-09-05,686.2114868164062,706.702871346248,674.7163198850317,674.7163198850317,209709
2023-09-06,676.2156982421875,686.2114957032694,670.7180096385925,680.2140172266203,250332
2023-09-07,679.7141723632812,690.7095486809226,669.71837571088,672.7171147066003,783419
2023-09-08,687.2110595703125,701.2051756924716,681.2135812322443,690.7095886008523,208023
2023-09-11,681.2135620117188,696.2072574338403,681.2135620117188,684.7120909435471,137475
2023-09-12,699.2059936523438,704.2038921058987,676.7154506113463,686.7112475184563,383310
2023-09-13,694.7078247070312,704.692639036466,655.2244303531784,694.7078247070312,217692
2023-09-14,719.6973876953125,720.1971775478787,660.222395239936,679.7141994900173,257062
2023-09-15,708.2022094726562,728.6935930918369,702.7045211845834,718.1980063600614,397469
2023-09-18,705.7032470703125,728.6935794819516,699.2739437993499,728.6935794819516,205541
2023-09-19,700.20556640625,724.6952685860546,679.7141829496787,679.7141829496787,181224
2023-09-20,712.2005615234375,721.6965690104167,673.7167417077851,704.2039236396656,190973
2023-09-21,723.1959228515625,731.1925605610476,686.1115398776268,690.2097922999362,205895
2023-09-22,707.702392578125,734.191253317278,702.7044943254546,717.6981890834658,456771
2023-09-25,688.7103881835938,733.1766748741832,684.2142930111655,707.2026119592056,280193
2023-09-26,677.2152709960938,690.2098075613325,674.7163216566248,681.7133798071379,185898
2023-09-27,677.2152709960938,683.7125392787132,656.424024693613,669.218633109793,245085
2023-09-28,686.2114868164062,703.2043422801775,672.7171604187056,686.7112766829878,166767
2023-09-29,691.2093505859375,704.1318952485175,680.7137639176044,691.2093505859375,296918
2023-10-02,672.7171630859375,701.7049754625975,664.2207353203647,689.710018617083,378191
2023-10-03,661.7216796875,686.7111691016805,651.2260941335442,675.2160039711574,295438
2023-10-04,677.2152709960938,695.7074961081643,649.726828261935,649.726828261935,411618
2023-10-05,696.207275390625,700.705384133278,674.7163113979495,674.7163113979495,454089
2023-10-06,651.7258911132812,709.201717400112,631.73429936134,695.2076031737532,1208802
2023-10-09,635.2328491210938,677.7149830119616,627.7360019638818,647.227804572633,539942
2023-10-10,658.7229614257812,660.2223308372209,635.2328406465615,635.2328406465615,1073456
2023-10-11,656.2240600585938,672.2173349419716,637.7318359746882,653.2253210179605,184043
2023-10-12,655.2244873046875,673.7167115840723,652.7255380777436,659.7225959131865,248969
2023-10-13,640.2307739257812,664.7204756606473,636.7322451065147,653.7250993715237,214848
2023-10-16,647.2278442382812,654.2249020138303,610.7431858372044,638.7314169394003,310512
2023-10-17,654.7246704101562,663.7208872554867,636.232446894755,644.2290840906041,728477
2023-10-18,649.7267456054688,659.2227518873948,615.7410389122596,646.7280067795973,182688
2023-10-19,633.7334594726562,649.7267328978337,586.7532187861975,641.730096185245,153634
2023-10-20,627.7360229492188,649.726775345529,590.7515757372425,649.726775345529,190416
2023-10-23,629.7351684570312,648.2273916577536,586.7532442607577,600.2475692991227,546029
2023-10-24,619.7393798828125,648.7271895870086,619.2395900603263,634.7330745573967,261144
2023-10-25,620.7389526367188,624.2374813552832,597.7486210575811,614.7414748334654,448628
2023-10-26,612.7423095703125,619.7393669389784,591.7511374643149,591.7511374643149,589113
2023-10-27,612.7423095703125,648.2273862256895,600.2475642691235,605.7452522016466,159836
2023-10-30,621.738525390625,639.7309586012861,586.7532385921171,639.7309586012861,205361
2023-10-31,631.7343139648438,643.2294794879382,606.744823697247,609.2437727240067,924046
2023-11-01,642.22998046875,647.7276690175097,613.4920630547787,621.7385958779183,171453
2023-11-02,666.2199096679688,675.216127502945,638.7314662833188,638.7314662833188,195469
2023-11-03,680.2139892578125,696.7070543904414,665.7200835351994,696.7070543904414,254506
2023-11-06,680.7137451171875,684.2122739100072,656.3989578051911,662.7213113255439,333442
2023-11-07,675.7158203125,691.7090941660502,646.2282216450167,668.2189731936483,231977
2023-11-08,676.7154541015625,700.2055769544232,650.2265921611025,699.7057871064901,146015
2023-11-09,677.2152709960938,679.7142203355628,650.2266181298288,679.7142203355628,148535
2023-11-10,660.222412109375,677.2152675308123,649.7268249373108,661.7217817053842,327318
2023-11-13,671.7175903320312,704.2039321263632,644.7289371490479,661.7217928568523,171033
2023-11-14,709.2017822265625,709.2017822265625,652.2257405254855,682.7129207339566,290624
2023-11-15,739.6889038085938,742.1878528079471,699.70571981894,709.2017260164828,891101
2023-11-16,696.207275390625,745.686471559808,695.7074855303302,745.686471559808,230473
2023-11-17,706.2030639648438,719.1976001736803,697.7066364436814,719.1976001736803,154383
2023-11-20,710.701171875,718.6978095332279,695.147714070127,708.702012460443,169759
2023-11-21,698.7061767578125,714.19966136403,697.7065971057984,713.2000817120161,105048
2023-11-22,711.200927734375,716.698615861626,691.2093345443715,699.2059718203728,187469
2023-11-23,711.70068359375,719.6973204880618,696.7069894169153,709.701524370172,123932
2023-11-24,711.70068359375,718.1979510703783,695.2006039069861,711.2008937878555,159857
2023-11-27,709.2017822265625,733.6914843612359,700.2055651158661,712.2005212634613,709609
2023-11-28,711.70068359375,728.193747188268,698.2063588345989,724.6952185470067,90263
2023-11-29,713.6998901367188,724.6952665954077,691.2093473803095,724.6952665954077,141310
2023-11-30,685.711669921875,725.6948576724217,677.2152425248838,724.6952779786579,423887
2023-12-01,700.20556640625,700.7053562466541,678.7146032688704,689.2101899173581,85192
2023-12-04,724.6952514648438,726.1946209506331,698.7061803778287,700.205549863618,349735
2023-12-05,720.6968994140625,734.6910139657919,689.2101416726714,729.6931159116028,1996284
2023-12-06,725.1950073242188,738.6893320642283,716.6985806360645,729.6931155708886,147109
2023-12-07,732.69189453125,739.1891623545149,699.705765582367,734.6910538614853,1453291
2023-12-08,746.6860961914062,748.685255752829,719.6974421121988,726.6945005771785,192909
2023-12-11,752.6835327148438,766.6776488609365,729.6931990462629,748.1854239535996,250300
2023-12-12,741.6881103515625,770.6759205944134,735.6906323702831,764.1786527813606,2728672
2023-12-13,737.18994140625,764.1785901085805,737.18994140625,764.1785901085805,1016195
2023-12-14,764.678466796875,776.1736332912071,742.6877135033701,763.6788871017158,416782
2023-12-15,782.6708984375,799.663753192848,764.6784639906609,770.1761522938618,672097
2023-12-18,791.1672973632812,796.1651956410026,764.6784364913584,769.6763347690796,387870
2023-12-19,801.1630859375,809.6595129249844,765.1782186963895,799.6637164691203,201184
2023-12-20,809.6595458984375,826.3215460342666,794.665850604022,799.6637490354939,519296
2023-12-21,817.6561889648438,834.6490437477316,793.6662763301783,809.6595514199553,147890
2023-12-22,812.6582641601562,817.1563726333674,776.6733963744666,807.6603658565882,146304
2023-12-27,819.6553955078125,819.6553955078125,776.1736763558737,776.6734662311833,217667
2023-12-28,808.1600952148438,833.4194908740348,797.664509562703,829.6510563120845,140342
2023-12-29,810.1593017578125,817.6561490905499,790.167708870513,790.6674986926955,308914
2024-01-02,804.1618041992188,831.6502437461156,793.6662181904036,810.1592819185416,215379
2024-01-03,807.660400390625,832.6498929769685,797.6646033560876,831.6503132735148,154864
2024-01-04,815.1572265625,818.655755431867,791.6671041538933,791.6671041538933,234639
2024-01-05,807.1605224609375,816.6565286075368,797.6645163143382,804.1617836778009,151175
2024-01-08,814.6574096679688,839.1471109401961,800.6632946552675,819.6553078867906,283016
2024-01-09,810.6591186523438,817.1563865576954,789.667945419669,789.667945419669,290921
2024-01-10,812.6582641601562,829.6511183922873,793.166460776241,829.6511183922873,116548
2024-01-11,812.158447265625,837.1479379507211,798.9140172025241,828.6515111177885,708846
2024-01-12,827.6520385742188,833.6495171146116,817.1564511285312,819.6554005203616,656857
2024-01-15,827.6520385742188,839.1431791492005,809.6596029530401,828.6516183309509,1262043
2024-01-16,832.64990234375,838.1475907745911,812.6583080497825,829.6511631996549,173427
2024-01-17,830.1509399414062,839.14715723156,807.160606866569,839.14715723156,200296
2024-01-18,837.6478271484375,839.6469866404386,828.6516094344329,839.6469866404386,390672
2024-01-19,832.1500854492188,844.640804849847,827.5799856667583,832.1500854492188,246388
2024-01-22,847.143798828125,853.4841504589998,832.1501032736448,832.1501032736448,432156
2024-01-23,840.6465454101562,857.1396108076207,834.1492772232763,846.6440237365069,194078
2024-01-24,829.651123046875,849.6427163733057,814.657428052052,814.657428052052,145982
2024-01-25,834.1492309570312,835.1488106226478,814.657427477508,814.657427477508,795633
2024-01-26,829.651123046875,845.6443977080196,820.6549060499812,839.6469197100904,752426
2024-01-29,830.6506958007812,839.6469127228114,817.1563704177361,839.1471228938098,346273
2024-01-30,834.6490478515625,839.6469463416917,821.1547219282139,831.1505189084721,139464
2024-01-31,839.6469116210938,841.6460709344773,827.6519557407925,840.1467014494397,407598
2024-02-01,835.648681640625,848.1434286747252,827.1522536574367,847.6436387933612,309475
2024-02-02,838.6473388671875,862.1374609927881,836.1483897048896,848.6431355163793,668274
2024-02-05,811.6586303710938,847.6434957570043,811.6586303710938,844.6447569748451,185699
2024-02-06,823.1538696289062,849.6427312502371,808.1601743715491,849.6427312502371,452793
2024-02-07,829.651123046875,849.142926540145,811.1588992199266,821.6544857163027,606944
2024-02-08,829.651123046875,848.1433468738235,826.6523840479105,828.1517535473927,266541
2024-02-09,806.1610107421875,830.1399413168024,804.6616412243782,818.6557567239325,127014
2024-02-12,808.1600952148438,821.15462983178,798.155330959719,812.1584135585165,187791
2024-02-13,788.6683959960938,808.1602004598755,778.1527978597711,781.6713379834541,185927
2024-02-14,796.1652221679688,796.1652221679688,768.1769908802058,768.1769908802058,159647
2024-02-15,789.1680908203125,819.6552684897482,785.1697724374357,799.6636765753641,124949
2024-02-16,790.6675415039062,806.1610268304682,780.1719546697835,780.1719546697835,115176
2024-02-19,796.1652221679688,796.1652221679688,782.1711065240873,793.666272945847,187071
2024-02-20,800.663330078125,812.1584964899832,781.1715261623654,793.1664824182175,163762
2024-02-21,816.15673828125,816.15673828125,790.6674586411131,790.6674586411131,211544
2024-02-22,820.6549072265625,825.1530157314584,791.6670968616778,791.6670968616778,136854
2024-02-23,803.6620483398438,830.1509093858709,779.3043101684084,801.1630991845582,577581
2024-02-26,790.6675415039062,809.1597659259319,790.6675415039062,804.1618674334925,166413
2024-02-27,796.1652221679688,800.6633307677878,783.6704760573604,793.1664831014227,256954
2024-02-28,773.1748657226562,827.1521672727836,766.6775979434743,788.1685605976916,176800
2024-02-29,757.681396484375,789.667946204032,751.1841285725696,762.1795050387018,332581
2024-03-01,767.1773681640625,779.6721135739007,757.6813616525855,779.6721135739007,172749
2024-03-04,769.6763305664062,774.6742288168374,751.6838968648539,751.6838968648539,149500
2024-03-05,762.6793212890625,774.6632961385919,759.6805821490007,769.1765894258632,135782
2024-03-06,771.675537109375,779.1723849439868,758.1812110070738,779.1723849439868,228023
2024-03-07,777.1732177734375,787.6688046372589,759.680573000402,771.1757395655396,224113
2024-03-08,773.6746826171875,778.6725810837069,762.6793059908451,768.6767841506683,124830
2024-03-11,783.67041015625,788.6683081802056,767.1773466771963,788.6683081802056,183639
2024-03-12,790.6675415039062,792.1669110516381,772.1753170818806,788.6683821069305,295197
2024-03-13,807.1605224609375,809.1596816496952,790.1676693564967,792.1668285452545,378290
2024-03-14,798.6641845703125,809.1597714764305,784.6700686954885,784.6700686954885,260675
2024-03-15,812.158447265625,812.158447265625,795.1655935997596,809.6594981971155,1457199
2024-03-18,807.660400390625,832.6498929769685,785.6696469146426,809.6595597975324,1019190
2024-03-19,792.6666259765625,814.6573772646891,791.6670463725568,811.158848650669,248574
2024-03-20,779.1723022460938,812.1584292173844,776.1735634305219,778.1727226409032,223997
2024-03-21,796.1652221679688,802.6624901454851,780.1719471463899,788.6683745016037,249157
2024-03-22,745.6864624023438,798.2333378279956,711.7007523196631,797.1648173805216,1504632
2024-03-25,725.69482421875,759.1807424161717,715.7250177888995,747.1857866439609,569382
2024-03-26,740.6885375976562,746.1862257984486,719.1975746309226,725.6948425045863,331786
2024-03-27,723.1959228515625,755.1924792481606,723.1959228515625,749.684785264232,936267
2024-03-28,735.1907958984375,742.1878530993744,719.697312096363,726.6943692972999,290043
2024-04-02,729.693115234375,742.6876501632064,724.7271861616063,734.6910132839255,360292
2024-04-03,727.6939697265625,750.6843011877039,717.1983836247371,729.693128984053,220251
2024-04-04,729.193359375,738.6893661112063,713.6998747001371,725.6948305774503,232843
2024-04-05,733.6914672851562,733.6914672851562,719.1975622774794,723.6956707281378,210063
2024-04-08,746.6860961914062,749.6848355335404,731.6923994807354,733.6915590421582,456750
2024-04-09,741.6881103515625,752.1836968188016,739.6889510244694,743.6872696786556,389884
2024-04-10,742.687744140625,752.6835415045634,737.6898454586558,740.6885846678373,209263
2024-04-11,741.6881103515625,749.1849578281618,722.6960967441775,729.6931543890036,214759
2024-04-12,726.6943969726562,769.6763214153306,726.6943969726562,769.6763214153306,212541
2024-04-15,741.6881103515625,748.8850961309981,724.6952560712707,724.6952560712707,213034
2024-04-16,722.696044921875,743.4792959868166,720.1970959422005,735.6905796161826,1023859
2024-04-17,724.6952514648438,735.6906276939654,718.6977735216864,724.6952514648438,215564
2024-04-18,730.1929321289062,736.6901998343653,717.6981865414848,717.6981865414848,212276
2024-04-19,725.1950073242188,746.1861791420115,725.1950073242188,737.6897524538573,134270
2024-04-22,736.690185546875,740.188714243502,725.6948096431903,727.1941790846018,163149
2024-04-23,741.1883544921875,743.1875139109122,732.6919269626075,739.688984928144,151884
2024-04-24,735.1907958984375,742.1878530993744,729.1933182976345,738.6893244989059,207720
2024-04-25,722.696044921875,740.1886877795968,720.6968857381354,732.6918408405731,200525
2024-04-26,733.191650390625,736.690179056429,725.6948032496166,726.6943828684177,135805
2024-04-29,739.1890869140625,741.688035821818,726.1945525937342,733.1916095354494,178758
2024-04-30,724.1954956054688,748.1854085033725,724.1954956054688,729.693183977905,169452
2024-05-01,723.1959228515625,731.6923504178905,715.6990749989202,724.1955025652481,116388
2024-05-02,725.1950073242188,740.188701479785,723.1958481034766,729.1933257657031,95734
2024-05-03,732.69189453125,742.3778239266203,726.694416540544,739.6889521870737,119363
2024-05-07,727.1942138671875,749.6847565641108,723.6956850032217,739.6889598099227,173070
2024-05-08,758.6809692382812,762.179498081936,743.8122216527483,757.6813895686656,434492
2024-05-09,770.1760864257812,773.174825243792,748.1853350937018,753.6830229267216,334308
2024-05-10,763.1790771484375,777.4130818709956,760.6801279763732,772.175294167869,201237
2024-05-13,757.681396484375,775.1740408623124,739.688962267068,760.1803456812232,183158
2024-05-14,779.6721801757812,782.1711294712164,746.6860494760367,759.6805858122997,419192
2024-05-15,779.6721801757812,786.6692382029998,750.684368348733,779.1723903166942,592558
2024-05-16,801.662841796875,801.662841796875,757.1815494527841,776.673351715925,218593
2024-05-17,806.1610107421875,807.1516220239531,791.6671054033633,797.6645834746009,967737
2024-05-20,804.66162109375,810.6590990149457,764.1786451256794,791.667085597826,205336
2024-05-21,799.1638793945312,812.1584140188326,781.6712366310487,790.6674529094112,439277
2024-05-22,788.6683959960938,800.7233249317756,788.1686061380481,798.1644032989618,188036
2024-05-23,788.1685180664062,798.1643141103682,766.1777667696897,783.6704098466233,173896
2024-05-24,793.666259765625,794.1660496017495,779.6721443541404,779.6721443541404,105927
2024-05-28,768.6767578125,793.6662492888491,733.4456014578922,783.1706628687825,233773
2024-05-29,769.1765747070312,809.1597624760777,751.1841402109603,809.1597624760777,168782
2024-05-30,777.6729736328125,799.6637261005784,763.6788584260523,799.6637261005784,426518
2024-05-31,765.6780395507812,790.6675317032219,762.1795106494396,762.1795106494396,421060
2024-06-03,769.6763305664062,783.0457083863097,765.6780119660613,765.6780119660613,112279
2024-06-04,766.6776123046875,782.1710972991108,754.6826561799727,774.6742497211641,150789
2024-06-05,762.179443359375,778.672506723873,750.6842779841189,778.1727169249488,82997
2024-06-06,762.179443359375,799.1638884797644,759.6804943647542,759.6804943647542,382789
2024-06-07,760.68017578125,786.1694589381775,748.1854291356973,759.6805960496057,155571
2024-06-10,757.1815795898438,799.1639245968054,750.1845220886835,769.67632512763,136835
2024-06-11,739.6889038085938,790.6674633954023,739.6889038085938,754.1828080048432,92234
2024-06-12,745.6864624023438,753.6821239167979,726.1946580902181,726.1946580902181,188789
2024-06-13,737.6898193359375,771.6755291698424,736.6902396349403,771.6755291698424,130619
2024-06-14,725.1950073242188,748.1853383627537,718.6977398568067,741.6880708953416,159942
2024-06-17,744.6868896484375,744.6868896484375,716.698657554268,719.6973967072148,185043
2024-06-18,751.1841430664062,761.6797298956774,722.1963318236574,761.6797298956774,163406
2024-06-19,734.6910400390625,756.6817922579188,716.6986064054528,716.6986064054528,149851
2024-06-20,742.1879272460938,745.1866663460779,710.2013768462621,710.2013768462621,93117
2024-06-21,741.6881103515625,760.1803341271743,720.1971475853111,747.1857985010687,422898
2024-06-24,751.6839599609375,756.1820687638952,731.6723541634038,738.1896335520643,135259
2024-06-25,750.1845703125,765.1782659216772,724.6952877768987,746.6860413370254,64997
2024-06-26,750.1845703125,769.1765847507911,737.1900341178797,741.6881428006329,271455
2024-06-27,735.1907958984375,779.6720881043933,735.1907958984375,779.6720881043933,90973
2024-06-28,731.6922607421875,759.6804892951674,726.6943627862983,759.6804892951674,154604
2024-07-01,729.193359375,759.6805388965045,729.193359375,759.6805388965045,453011
2024-07-02,734.6910400390625,749.6847347337372,709.7015488812713,741.1883077400882,132101
2024-07-03,750.684326171875,750.684326171875,710.2013498603425,750.684326171875,290843
2024-07-04,751.6839599609375,754.6826991629093,710.2014010003272,754.6826991629093,173728
2024-07-05,756.1820068359375,778.1727591827856,747.1857899667723,775.1740202263973,202090
2024-07-08,765.17822265625,771.6754903861855,741.6881008634062,752.6834770217587,215831
2024-07-09,768.177001953125,771.6755309145251,757.1816252172963,758.6809947721821,233410
2024-07-10,752.6835327148438,788.168612942436,735.6906773945883,759.6805907878901,214004
2024-07-11,770.1760864257812,776.1735640618028,711.2008896715682,750.6842841087108,159322
2024-07-12,771.675537109375,788.6683922011617,719.6973921227332,774.174486387579,112491
2024-07-15,761.6797485351562,784.1702922911156,719.6974001906989,733.1917264442744,104508
2024-07-16,756.1820068359375,766.177803357232,740.1887324018661,755.6822170098727,125529
2024-07-17,769.6763305664062,776.6533770009681,716.1988192867923,769.176540741363,229274
2024-07-18,749.6847534179688,772.1752960205077,747.1858042399089,750.6843330891927,244641
2024-07-19,745.6864624023438,754.1828899230138,728.1938175068464,745.1866725481866,166655
2024-07-22,741.1883544921875,763.6788979528405,702.7045356817368,742.1879342015499,385763
2024-07-23,741.1883544921875,749.1849921670864,729.6931878345205,741.1883544921875,82155
2024-07-24,729.693115234375,769.176509825824,703.2042555717572,769.176509825824,219068
2024-07-25,719.6973876953125,753.7430700117412,715.6990688747829,730.6927644517687,372469
2024-07-26,749.1849975585938,755.1824758579287,714.6994973374177,733.6915119519784,1201338
2024-07-29,729.693115234375,753.1832360672624,720.6968987451841,748.6851278226669,215435
2024-07-30,738.6893310546875,764.0486608543843,721.1966878971002,727.6939553556326,168042
2024-07-31,746.1862182617188,778.1727674705265,721.1967266923376,778.1727674705265,146045
2024-08-01,755.6822509765625,790.6675403736256,727.1942296103825,749.6847727942088,240197
2024-08-02,730.6926879882812,776.1735598124492,730.6926879882812,747.6855411973111,201272
2024-08-05,714.699462890625,753.1832801231972,682.2131236683239,729.6931579163024,426295
2024-08-06,721.6964721679688,724.1954211713204,703.2042495431662,720.1971027659578,176036
2024-08-07,728.1937866210938,770.17613258964,679.2143829911231,719.6973594607928,98092
2024-08-08,728.693603515625,730.6927629217035,709.701589157879,712.7003282669967,172631
2024-08-09,747.6856079101562,763.6788829456676,695.7074640447443,720.6969562877308,137063
2024-08-12,734.6910400390625,753.6830533189839,730.19293163066,746.6859957948022,116585
2024-08-13,744.6868896484375,761.679744848469,713.6999184013213,727.1942445895816,190597
2024-08-14,742.687744140625,764.1787084730927,733.9794303690401,764.1787084730927,115854
2024-08-15,761.1798706054688,766.6775584430657,726.1945843662154,740.1886988619168,236310
2024-08-16,760.1803588867188,786.1694309854099,751.1841416217871,771.1757355438573,96239
2024-08-19,759.6805419921875,770.6709154788012,714.1996674387078,759.6805419921875,124316
2024-08-20,749.1849975585938,772.1753310393779,727.6940336526434,727.6940336526434,82320
2024-08-21,763.6788940429688,766.1778433035806,728.1938145422811,741.6881405495849,145606
2024-08-22,766.1777954101562,779.1723307530552,740.1887247243584,779.1723307530552,137737
2024-08-23,764.1786499023438,788.6683515669708,740.188738067607,766.1778092219051,71276
2024-08-27,769.1765747070312,788.6683787444414,740.1887635744725,764.1786762359004,212086
2024-08-28,753.68310546875,774.6742794937417,741.6881488830404,774.6742794937417,167991
2024-08-29,758.6809692382812,779.67214230021,739.6889555155839,779.67214230021,80060
2024-08-30,758.6809692382812,776.673403291363,742.187904689623,751.6839115509716,169583
2024-09-02,744.1870727539062,764.6784562212737,744.1870727539062,752.1837102045862,114597
2024-09-03,732.1920776367188,764.1786257382546,714.6994341436913,748.1853516874867,106636
2024-09-04,725.69482421875,754.1828441777506,720.6969259803288,732.1920919286976,98212
2024-09-05,725.69482421875,740.1887291101714,720.1971361564867,723.1958750995394,132483
2024-09-06,711.70068359375,737.1899636943689,711.2008937878555,722.1962695175342,188048
2024-09-09,718.197998046875,744.6868594918885,710.7011504680976,722.1963167555563,293804
2024-09-10,705.2034912109375,731.6923537440202,705.2034912109375,714.6994985341181,180218
2024-09-11,691.2093505859375,720.69695122554,691.2093505859375,699.7057778888739,484069
2024-09-12,691.7091674804688,704.7037038637724,679.7142108189578,679.7142108189578,112347
2024-09-13,710.701171875,712.2005414359177,679.7142009493671,679.7142009493671,612038
2024-09-16,710.2013549804688,744.1870637339324,697.7066091152248,697.7066091152248,172656
2024-09-17,718.197998046875,744.6868594918885,713.2000996610234,744.6868594918885,199971
2024-09-18,714.699462890625,720.696940900896,708.2021950461648,718.6977815641391,188261
2024-09-19,722.696044921875,743.687216351141,687.7107592064315,714.6994081869165,199636
2024-09-20,709.2017822265625,736.6902233981347,704.2038838317312,719.6973688557082,730550
2024-09-23,720.6968994140625,727.1941668845083,704.2038358352386,723.695638246576,150314
2024-09-24,710.701171875,727.6940268987341,706.7028530458861,722.1963385087025,101215
2024-09-25,710.2013549804688,746.1862230723715,700.2055582882736,709.7015651458589,918227
2024-09-26,731.1925048828125,742.1878808960879,699.7057462993421,709.701542675047,424460
2024-09-27,739.6889038085938,747.1857508066538,724.195420012603,724.195420012603,312437
2024-09-30,741.1883544921875,748.185412457724,714.6994921940851,744.1870936202746,351893
2024-10-01,727.6939697265625,750.1845113733312,719.1975428822276,750.1845113733312,132164
2024-10-02,715.6990356445312,749.6847440410593,703.2042899105136,703.2042899105136,135597
2024-10-03,724.1954956054688,725.6948651615877,709.7015898963186,718.1980173809928,154615
2024-10-04,729.693115234375,748.185338017712,712.2004720609482,729.693115234375,804586
2024-10-07,737.18994140625,740.6884699417373,716.7195472507153,739.6888903601695,734563
2024-10-08,724.6952514648438,734.1912582081761,717.6981938644935,725.1950412934401,156851
2024-10-09,719.6973876953125,737.6898223876954,715.1992790222168,723.1959166632759,1193819
2024-10-10,711.70068359375,749.1849190358365,708.2021549524886,749.1849190358365,169614
2024-10-11,716.1988525390625,724.6952799592747,700.7053672433815,713.6999032978237,136567
2024-10-14,706.2030639648438,718.6978103194942,704.2039045480997,718.6978103194942,104912
2024-10-15,707.20263671875,715.1992743070892,703.2043179245803,704.703687472394,137899
2024-10-16,702.7044677734375,707.2025760308777,700.7053085479085,707.7723437312932,361379
2024-10-17,715.6990356445312,717.1984051326134,699.4858828646303,699.7057611049887,766947
2024-10-18,722.696044921875,728.6935224730938,689.7099183901712,728.6935224730938,164482
2024-10-21,707.702392578125,724.6952466372043,707.202602752858,724.6952466372043,160823
2024-10-22,709.7015991210938,728.693613745461,703.204330960126,728.693613745461,159972
2024-10-23,705.2034912109375,714.6994985341181,698.6462506997319,706.2030709291671,193957
2024-10-24,691.8268432617188,709.8223391847115,680.3297208664734,709.8223391847115,79038
2024-10-25,671.8318481445312,695.8258427211216,670.8320983705066,679.8298463367281,350360
2024-10-28,673.3314819335938,687.8278538534707,671.8318572522272,687.8278538534707,229954
2024-10-29,648.3377075195312,700.8245689609736,647.3399714338855,700.8245689609736,622996
2024-10-30,648.3377075195312,680.6186283951081,635.8408357477592,645.8383331651768,1697102
2024-10-31,613.8463134765625,652.3366767808747,611.8468140841306,649.8373025403349,923474
2024-11-01,607.8478393554688,638.8400811647114,602.3492158086676,612.3467131664878,658992
2024-11-04,604.3487548828125,614.3462528957622,599.8498807769851,600.8496305782801,589212
2024-11-05,597.850341796875,609.8473386222304,595.1030436804812,601.349465870937,1943487
2024-11-06,620.3447265625,624.3437256056104,601.8493559881144,603.3489806292808,1398970
2024-11-07,627.3429565429688,631.3419554691391,613.8463351671439,625.3434570798836,510637
2024-11-08,623.343994140625,634.3812098564056,612.8466213443514,625.3434937208675,2563594
2024-11-11,624.34375,633.9513309316887,618.8451261008807,624.34375,1220471
2024-11-12,605.8483276367188,618.8450739391567,605.3484527789327,611.8468259301517,312188
2024-11-13,612.8465576171875,629.3424274388573,600.8425440972406,629.3424274388573,1771115
2024-11-14,623.343994140625,623.343994140625,590.852125961683,614.846120924594,239112
2024-11-15,625.8433227539062,629.3424467629137,589.8523329469723,589.8523329469723,605812
2024-11-18,619.8448486328125,629.3424713134765,613.3464752197266,624.8435974121094,560381
2024-11-19,613.8463134765625,625.3434349830453,607.0980030271052,619.8448116538578,742103
2024-11-20,603.3489990234375,617.8453709966601,597.8503751715255,611.8468722491198,864464
2024-11-21,614.3462524414062,617.8453767433508,590.3522572280723,601.8493799344615,233699
2024-11-22,615.8458251953125,629.8423212224786,589.8523325734324,597.8503303032417,169526
2024-11-25,627.3429565429688,634.8410795295381,611.8468357040588,634.8410795295381,344993
2024-11-26,626.8430786132812,639.8398250598086,605.8483343535063,605.8483343535063,1368589
2024-11-27,626.3432006835938,669.3324387193392,619.8448274921438,624.8435761009515,448224
2024-11-28,634.841064453125,656.3356831708293,599.8498246801181,656.3356831708293,162195
2024-11-29,641.8392944335938,641.8392944335938,633.8412969951689,633.8412969951689,172429
2024-12-02,636.3406982421875,662.3341910219154,607.3479562955678,616.3457037962429,195265
2024-12-03,639.8397827148438,649.3374044895172,636.8405337333679,641.3394072055817,725145
2024-12-04,620.3447265625,643.3389710603848,620.3447265625,634.8410980937751,949766
2024-12-05,613.8463134765625,626.3431846792612,612.8465637803466,614.8460631727784,279660
2024-12-06,616.345703125,621.3444517310422,594.8510841190187,594.8510841190187,1723900
2024-12-09,616.345703125,631.8418238037308,614.3462036825831,615.8458282643958,756172
2024-12-10,611.8468017578125,615.3459256240744,606.8410360915038,613.3464262719248,1034918
2024-12-11,610.3472290039062,616.8415751372152,606.8481048409027,609.8473541234771,548483
2024-12-12,604.8485717773438,633.341438381731,603.3489472192181,615.3459436842232,235200
2024-12-13,600.849609375,606.8481079710898,597.8503600769551,597.8503600769551,215416
2024-12-16,604.8485717773438,613.8463191260976,594.8510747231727,594.8510747231727,210885
2024-12-17,599.849853515625,610.3472259521484,597.3504791259766,598.8501037597656,1619549
2024-12-18,601.3494873046875,604.8486115034679,597.8503631059071,604.8486115034679,609200
2024-12-19,606.8480834960938,608.3477080846344,594.851086787769,594.851086787769,296428
2024-12-20,607.3479614257812,610.8470854833784,597.8503389837321,602.8490876374422,851530
2024-12-23,602.8490600585938,610.3471826961384,596.8505619485579,596.8505619485579,1607363
2024-12-24,610.3472290039062,612.8466034060516,600.8496062757537,610.8471038843353,58763
2024-12-27,599.849853515625,638.8400939941406,590.8521057128906,626.3432220458984,520890
2024-12-30,598.85009765625,621.344466933822,595.2430293752574,621.344466933822,140481
2024-12-31,599.849853515625,607.048063961789,594.8511047363281,594.8511047363281,61492
2025-01-02,609.3474731445312,620.8445952793337,599.8498505114336,599.8498505114336,167601
2025-01-03,599.849853515625,628.3427215576172,599.3499786376952,609.8473510742188,759725
2025-01-06,607.3479614257812,613.3464598102335,596.350714387619,601.8493379067002,123761
2025-01-07,590.8521118164062,608.847607607769,590.8521118164062,604.8486085430217,682344
2025-01-08,585.8533325195312,604.3487022321785,584.8535828053341,598.8500788040942,217216
2025-01-09,596.3507690429688,615.3460156679753,572.3567733061184,580.3547718850685,962811
2025-01-10,582.3541870117188,598.8500566867287,581.3544373344454,596.3506824935455,1223644
2025-01-13,587.35302734375,589.1096068399004,577.3555290059841,579.8549035904256,424373
2025-01-14,587.35302734375,617.3455223570479,584.8536527593085,591.3520266788564,378173
2025-01-15,607.3479614257812,610.3472106180074,588.8525914070538,592.8515903300218,219495
2025-01-16,604.8485717773438,625.3434407383942,595.3509495758813,605.8483214827609,2741369
2025-01-17,604.8485717773438,622.344191622143,590.8520759015043,622.344191622143,653905
2025-01-20,610.3472290039062,613.8433631926493,573.8563627325834,573.8563627325834,242964
2025-01-21,611.3469848632812,619.8448579153464,602.3492369258004,619.8448579153464,398173
2025-01-22,608.8475952148438,629.342465004506,575.3559787292982,629.342465004506,398238
2025-01-23,611.8468017578125,632.8415449553845,600.3496804829516,632.8415449553845,437171
2025-01-24,613.3464965820312,619.3449953261098,608.3477476286324,612.8466216866914,616827
2025-01-27,615.3460083007812,619.8448824475781,593.8513873771959,608.347759627986,155840
2025-01-28,624.8435668945312,630.8370615065933,612.3466955566406,615.3459446777343,224000
2025-01-29,605.8483276367188,626.8430716637338,596.8505801965695,619.8448236547288,244249
2025-01-30,619.344970703125,621.8443450804581,601.8493500617938,601.8493500617938,260605
2025-01-31,624.8435668945312,636.3406885253906,612.8465704101562,623.8438171875,382423
2025-02-03,611.3469848632812,635.3409793632301,597.3504880716443,599.8498624987224,217475
2025-02-04,606.3482666015625,618.8451393674644,594.8511436569328,594.8511436569328,93123
2025-02-05,610.8471069335938,615.915845568833,594.8511106800136,594.8511106800136,154036
2025-02-06,614.3462524414062,625.8433751477954,600.8496301339059,607.847878737795,161154
2025-02-07,605.8483276367188,617.8453242235845,603.3489533477884,613.3464505035098,178111
2025-02-10,613.8463134765625,622.8440607425056,602.3491919700797,612.0197444209883,186295
2025-02-11,597.850341796875,617.3454616380775,594.8510925905362,594.8510925905362,342059
2025-02-12,600.3497314453125,615.3459778594336,594.8511077601348,598.8501068039004,1102880
2025-02-13,603.3489990234375,609.347497770978,592.8516262152418,592.8516262152418,170856
2025-02-14,601.3494873046875,619.8448580696696,598.5682010152691,600.3497375336074,154627
2025-02-17,600.3497314453125,605.3484802500195,591.3519835968399,594.8511077601348,301604
2025-02-18,604.3487548828125,608.8476289886398,594.0473168210193,600.8496305782801,288442
2025-02-19,587.35302734375,604.3487745179522,582.354278174867,594.8511510970745,776802
2025-02-20,592.3517456054688,612.3467412377208,584.8536222433743,585.3534971341805,384770
2025-02-21,603.8488159179688,614.8460625654814,589.3524453371566,591.8518195752276,174114
2025-02-24,598.85009765625,609.8473448586185,595.8508484192404,609.8473448586185,505507
2025-02-25,593.3515014648438,604.3487491752284,579.8218675171729,599.3500002159626,204625
2025-02-26,599.849853515625,619.8448486328125,595.3509796142578,595.3509796142578,201418
2025-02-27,594.85107421875,616.8455677192752,574.8560801273635,574.8560801273635,182187
2025-02-28,593.851318359375,596.8505674419981,576.8555735578441,594.8510680535827,252963
2025-03-03,594.3512573242188,603.5379841277725,590.8521330170114,599.8498812355446,138834
2025-03-04,579.8547973632812,601.3494148517477,574.8560491101496,574.8560491101496,449344
2025-03-05,582.3541870117188,602.3491805571855,579.8548128185354,579.8548128185354,239296
2025-03-06,573.8563232421875,599.8498152357361,573.8563232421875,599.8498152357361,223900
2025-03-07,576.8555297851562,577.8552794035014,565.3584091741869,565.3584091741869,329969
2025-03-10,591.3519897460938,594.3512390601061,563.8588710343142,565.3584956913204,646675
2025-03-11,593.3515014648438,599.3500002159626,583.8538784422389,587.8528776096515,271359
2025-03-12,589.3524780273438,604.8485991629227,585.3534790246136,604.8485991629227,132126
2025-03-13,579.8547973632812,594.8510421226765,569.8573008570178,591.3519183454843,1127562
2025-03-14,592.3517456054688,599.8498689675633,559.859877703059,559.859877703059,192078
2025-03-17,606.3482666015625,607.3480164228347,590.8521443718441,590.8521443718441,321676
2025-03-18,607.8478393554688,628.8425838068912,575.8558478104441,628.8425838068912,1224688
2025-03-19,606.8480834960938,614.8460813016436,576.8555917252819,614.8460813016436,372604
2025-03-20,596.8505859375,630.842076593907,584.3537143726445,610.8470820901382,379570
2025-03-21,540.8646240234375,631.8418528332949,518.3702542627585,569.8573672705348,3259165
2025-03-24,551.86181640625,575.855808423913,532.8665727256001,541.8643197322237,1757940
2025-03-25,569.8572998046875,572.3566739266379,549.8623068290844,552.3616809510348,1135813
2025-03-26,559.8598022460938,565.3584253038679,542.8640582493374,542.8640582493374,1660037
2025-03-27,559.8598022460938,580.3976890194031,556.8605533054897,559.8598022460938,707724
2025-03-28,561.8593139648438,574.8560596615395,554.8610662820076,554.8610662820076,398431
2025-03-31,552.861572265625,564.3586935695214,548.8625735512263,559.359945176523,2118776
2025-04-01,560.3597412109375,582.8541108402793,549.8623687172446,549.8623687172446,503437
2025-04-02,567.8577880859375,569.3574125263053,559.8597910706426,561.8592903244663,368160
2025-04-03,554.861083984375,579.3549516557573,549.8623354800112,552.8615845826295,1035465
2025-04-04,554.861083984375,567.8578300957207,537.8653390695383,553.3614594330659,2129236
2025-04-07,544.8636474609375,570.8181508620261,532.1168373597872,544.8636474609375,1149236
2025-04-08,559.8598022460938,563.8588008335659,544.8635575430734,549.8623057774136,648744
2025-04-09,551.86181640625,558.3601892443671,539.8648203974185,539.8648203974185,958465
2025-04-10,574.8560791015625,599.8498216711956,564.8585820737093,599.8498216711956,438688
2025-04-11,581.8543090820312,585.8533077698803,565.3584394946541,570.3571878544653,319600
2025-04-14,600.3497314453125,604.8486053695489,563.8588651709513,589.352484074957,239471
2025-04-15,615.3460083007812,620.3447573527778,596.8506368083938,596.8506368083938,545258
2025-04-16,623.343994140625,625.3434937208675,609.347497078927,616.3457456097759,444825
2025-04-17,618.8450927734375,623.3439666304334,610.3472199324452,620.8445922654357,115222
2025-04-22,623.8438110351562,626.8430601266714,610.347190123338,619.3449373978835,271007
2025-04-23,629.84228515625,636.8405327690972,624.34366203187,632.3416593036955,663016
2025-04-24,629.84228515625,633.8412837921627,624.8125387640226,624.8435368613591,397023
2025-04-25,630.842041015625,639.8397880348653,622.8440436651891,634.8410396908429,277130
2025-04-28,642.8390502929688,643.8387999823824,629.8423043305914,629.8423043305914,209572
2025-04-29,645.8383178710938,648.7205919148487,641.1964745603606,646.8380675891605,163951
2025-04-30,653.33642578125,654.3361754764011,629.3424330976234,648.8375521530701,750278
2025-05-01,672.3728637695312,672.3728637695312,611.3843958290979,659.8752268964917,215976
2025-05-02,679.37158203125,688.3698811310016,669.8733774259566,676.3721489979995,353398
2025-05-06,687.8699340820312,692.369083360184,676.3721081489741,692.369083360184,236830
2025-05-07,729.8619384765625,729.8619384765625,650.376973943841,688.3697871796072,609511
2025-05-08,723.8630981445312,737.860450871083,699.8676363275855,727.8623417806889,402519
2025-05-09,725.36279296875,730.3618473655023,716.364495054596,716.364495054596,126898
2025-05-12,715.8646240234375,736.8606534989852,693.8687836204826,699.8676491849249,221622
2025-05-13,720.36376953125,730.2019358572655,699.8676456236988,717.864242225451,166838
2025-05-14,720.36376953125,727.3624459874869,685.370387250065,718.3641476866109,1196492
2025-05-15,712.8651733398438,728.8621477766425,680.8712244662463,717.3643224001934,127002
2025-05-16,719.8638916015625,729.3620957268608,684.3706025017632,729.3620957268608,94630
2025-05-19,721.3635864257812,722.8633028216768,706.8663279321238,706.8663279321238,1202303
2025-05-20,734.8610229492188,734.8610229492188,684.3705717125717,715.364710095464,198217
2025-05-21,724.363037109375,737.3605795281767,723.3632261540826,729.8619973634834,121953
2025-05-22,725.8627319335938,735.3609357261132,680.8712402848173,689.3696331518083,174612
2025-05-23,722.3634033203125,731.8616072394032,710.8655775235186,725.8627416062933,1030126
2025-05-27,732.3615112304688,733.3613221673021,674.3724768941313,725.3628346726349,426059
2025-05-28,729.362060546875,735.3609260208726,705.866504107051,730.8617769153744,109514
2025-05-29,729.362060546875,736.3607369332055,726.8625332660426,729.362060546875,107771
2025-05-30,731.3616943359375,738.8602763011042,704.8667047256814,738.8602763011042,285136
2025-06-02,734.361083984375,742.8594763790205,699.8676089708134,699.8676089708134,194837
2025-06-03,739.8600463867188,752.3576823054133,730.8617485252587,733.8611811457454,216875
2025-06-04,731.861572265625,746.8587356317238,726.8625178102586,730.8617613745517,132480
2025-06-05,730.8617553710938,733.8611880196755,699.8676180024154,699.8676180024154,980171
2025-06-06,731.3616943359375,744.3462383786314,713.8650030838816,713.8650030838816,235050
2025-06-09,722.3634033203125,734.3611345865322,717.3643486260543,732.361512708829,264562
2025-06-10,728.3622436523438,732.8613927208895,700.3675383369483,700.3675383369483,2598327
2025-06-11,736.8606567382812,749.3582933858098,714.3649107727299,749.3582933858098,154736
2025-06-12,722.86328125,749.3582701201591,717.8642267461964,749.3582701201591,295823
2025-06-13,714.8648071289062,749.8581892960555,700.3675488025158,749.8581892960555,212931
2025-06-16,726.862548828125,749.8582003041179,709.3658574876955,749.8582003041179,107724
2025-06-17,732.8613891601562,735.8608218579468,701.3673458333556,729.8619564623657,205978
2025-06-18,731.3616943359375,737.360559908071,703.8668937969925,717.8642467986372,115910
2025-06-19,736.3607177734375,748.3584484092572,724.8628925807769,730.8617578986867,406277
2025-06-20,732.3615112304688,761.8559338670541,725.8827558873456,739.8600932567192,1927289
2025-06-23,749.8582153320312,759.8563248697917,701.8492875835349,759.8563248697917,240732
2025-06-24,759.3564453125,762.3558782762096,749.8582409274193,749.8582409274193,215063
2025-06-25,759.8563232421875,776.8531094199733,750.3581192016601,776.8531094199733,185510
2025-06-26,767.8547973632812,768.854608297348,736.8606584072113,764.8553645610809,108882
2025-06-27,773.353759765625,778.3528144506,749.8582027462428,769.3545160176451,128163
2025-06-30,774.3535766601562,779.8525368559353,768.9975947995458,775.8532930771869,199613
2025-07-01,790.3505249023438,792.3501467237285,771.354117599188,771.8540230545343,252353
2025-07-02,769.3545532226562,799.848788275666,746.8588060524032,782.3520960321358,739616
2025-07-03,777.8529052734375,794.8496911213147,766.3550795528147,794.8496911213147,106407
2025-07-04,775.853271484375,781.3522315271122,768.3546896079151,778.3527987765283,119954
2025-07-07,782.8519897460938,786.3513281421491,768.8546361618723,768.8546361618723,335725
2025-07-08,783.8517456054688,794.8496655055455,777.8528802054269,794.8496655055455,239719
2025-07-09,783.8517456054688,794.8496655055455,779.8525020054409,794.8496655055455,628739
2025-07-10,786.351318359375,787.3511293172381,779.8525471332645,779.8525471332645,392342
2025-07-11,776.8530883789062,785.4944595699096,749.8581934159326,749.8581934159326,363056
2025-07-14,785.3515014648438,794.3498000175917,771.354148160569,773.3537700611797,173855
2025-07-15,779.3526000976562,791.8502364045462,756.3569492929788,785.8513709772391,118128
2025-07-16,758.8565063476562,778.8527252237474,757.3328076503994,768.3547103137995,167283
2025-07-17,772.8538818359375,776.3532202401105,750.8580404382782,750.8580404382782,89960
2025-07-18,772.8538818359375,782.802013218239,769.6514843614991,776.853125726421,93321
2025-07-21,783.8517456054688,786.3512728554862,760.8560949053083,777.8528802054269,89642
2025-07-22,779.8525390625,794.3497978014824,757.8566982171474,785.8514047475961,127243
2025-07-23,795.349609375,814.3460173927562,750.8580221755186,750.8580221755186,320408
2025-07-24,803.8479614257812,812.346354052795,758.8564710474726,807.8472050149642,242817
2025-07-25,790.3505249023438,809.8468376608455,765.8551575903799,765.8551575903799,206367
2025-07-28,763.3556518554688,790.3505472059568,762.8557463860153,790.3505472059568,188195
2025-07-29,739.8600463867188,765.8551290976035,739.8600463867188,763.3556019138646,225482
2025-07-30,743.3594360351562,762.855749421418,730.3618937776484,743.8593415065989,141395
2025-07-31,752.857666015625,774.8535075194015,740.8599342862923,774.8535075194015,300018
2025-08-01,733.8612060546875,761.8559114627683,730.3618678786775,749.3582751198751,226876
2025-08-04,743.3594360351562,774.8534807360405,729.3620828347633,774.8534807360405,424646
2025-08-05,727.8623657226562,749.8582064450442,719.8638781872424,747.3586790902274,166950
2025-08-06,723.3632202148438,738.3603844210949,714.3649216910932,719.3639764265101,237622
2025-08-07,743.859375,749.8582409274193,715.364761844758,749.8582409274193,293103
2025-08-08,735.86083984375,749.8581927755605,729.7780058060004,743.3594217715056,466509
2025-08-11,728.3622436523438,737.8604472414959,726.1326848637101,733.8612036250107,372706
2025-08-12,741.35986328125,742.3596742903953,724.8629816303524,729.8620366760789,391247
2025-08-13,737.3605346679688,749.8581708487818,734.8610074318061,749.8581708487818,89444
2025-08-14,729.8619384765625,743.3593852840057,688.8696926169199,712.3652481706175,863149
2025-08-15,733.8612060546875,739.3601660455605,699.3677297483024,730.8617733323931,111582
2025-08-18,729.362060546875,738.3603587578714,723.0232325122935,733.8612096523732,120136
2025-08-19,736.3607177734375,749.8581647387347,713.8649728312754,749.8581647387347,131800
2025-08-20,727.8623657226562,739.3601915548136,712.365296122792,735.86085325807,61940
2025-08-21,720.8636474609375,728.8621345340131,703.3669569885847,725.8627018816097,78062
2025-08-22,730.8617553710938,731.3616608125241,699.8676180024154,724.8628900739302,89428
2025-08-26,725.8627319335938,739.8600848909908,702.3671751836771,739.8600848909908,403055
2025-08-27,713.3651123046875,739.8601024603627,701.3673809134384,739.8601024603627,130536
2025-08-28,709.8657836914062,722.8633262096996,708.3660672469878,714.8648385061344,116968
2025-08-29,694.8685913085938,714.3649043021443,694.8685913085938,701.867267767817,134115
2025-09-01,699.3677368164062,729.4520741754542,688.8697221822787,689.8695330998146,116541
2025-09-02,661.3749389648438,697.8680383937428,661.3749389648438,688.8697399044253,318913
2025-09-03,670.8731689453125,689.8695776039726,661.8748701069999,689.8695776039726,125028
2025-09-04,676.8720092773438,680.3713475823226,650.3770192539322,670.8731436116657,93283
2025-09-05,682.3709716796875,697.8680413661859,655.3760760967548,655.3760760967548,112037
2025-09-08,681.3711547851562,734.8610400104033,658.8754086623887,734.8610400104033,96683
2025-09-09,668.87353515625,699.3677695692031,667.3738187097114,699.3677695692031,114153
2025-09-10,680.371337890625,694.868596376171,657.8755919647778,657.8755919647778,164921
2025-09-11,687.8699340820312,689.8695559834325,675.3782775127979,689.8695559834325,79278
2025-09-12,688.369873046875,692.3691170442424,682.8709125504947,685.3704400488493,115733
2025-09-15,706.8663330078125,714.8648205100226,681.8710595634061,682.8708705011824,141591
2025-09-16,701.3673706054688,716.8644400914058,701.3673706054688,709.8657635493697,224960
2025-09-17,690.869384765625,729.8620128493578,682.9429048241997,729.8620128493578,156155
2025-09-18,688.8697509765625,735.8608660649492,659.3753276764049,735.8608660649492,150001
2025-09-19,692.3690795898438,699.8676616792644,681.3711591920268,683.3707810825389,495072
2025-09-22,688.8697509765625,693.8688057731994,680.3803282941439,692.868994813872,303006
2025-09-23,696.8682250976562,703.8669016768292,668.8385522484598,690.8693594583651,98771
2025-09-24,685.3704223632812,711.3655076753823,683.1818102681826,695.8684375854759,126623
2025-09-25,668.87353515625,695.3685257117667,664.374385816634,664.374385816634,149266
2025-09-26,681.87109375,686.8701486895161,650.3770476310483,679.8714717741935,137528
2025-09-29,687.3700561523438,693.8688275923296,645.8779000355114,645.8779000355114,165818
2025-09-30,681.3711547851562,693.868791520027,681.3711547851562,684.87049307092,192997
2025-10-01,663.3745727539062,694.8686180315974,661.8748563121114,686.3702248614268,418864
2025-10-02,664.8743286132812,673.8666474825793,645.8779192243303,650.3770688164503,459316
2025-10-03,627.38134765625,682.3709478492282,600.3864530160608,673.8725550921315,1439033
2025-10-06,622.8822021484375,634.380027709765,617.4322440607135,634.380027709765,573630
2025-10-07,623.8820190429688,649.8771031697592,609.7717113380189,649.8771031697592,386413
2025-10-08,634.3800048828125,639.3790592948126,620.8825579704122,623.8819906176122,235958
2025-10-09,632.8803100585938,641.8786083058723,612.884091731308,633.880120974958,119345
2025-10-10,618.8829956054688,639.8790261510501,618.8829956054688,639.8790261510501,194923
2025-10-13,625.8816528320312,628.8810856730793,600.3864736831226,616.383448835379,253453
2025-10-14,634.3800048828125,634.3800048828125,619.8827470880123,629.8808559120124,151839
2025-10-15,622.8822021484375,635.3798386281413,614.8837148014271,614.8837148014271,156875
2025-10-16,625.8816528320312,632.8803294611434,610.8844886267909,623.8820309379992,152932
2025-10-17,626.3815307617188,626.8814362132445,610.7444735923269,616.3834217312045,169732
2025-10-20,631.380615234375,636.2426719653494,620.882600254231,626.3815604819255,256554
2025-10-21,632.8803100585938,635.8797428076866,617.3832408549473,635.8797428076866,270061
2025-10-22,659.3753051757812,661.8988147699093,629.8808828820958,629.8808828820958,846911
2025-10-23,656.9554443359375,684.9535454644097,644.9562581380209,684.9535454644097,227566
2025-10-24,658.4553833007812,659.9552816682091,642.456467381552,659.9552816682091,135351
2025-10-27,655.45556640625,659.4552952630387,641.5664933036066,658.4553630488415,233415
2025-10-28,655.45556640625,684.9535667250667,637.9567526577994,684.9535667250667,188103
2025-10-29,652.4557495117188,674.9542236328125,643.9563259548611,649.9559190538195,216810
2025-10-30,646.4561767578125,652.9557361529027,641.9564817919809,652.9557361529027,133865
2025-10-31,644.956298828125,652.9557567980863,624.957653903222,652.9557567980863,203550
2025-11-03,646.4561767578125,652.9557361529027,630.4572613237444,652.9557361529027,140188
2025-11-04,641.45654296875,650.955899411779,624.9576607255943,624.9576607255943,170234
2025-11-05,641.9564819335938,643.9563463632934,615.9582443474981,629.9572953553958,174153
2025-11-06,627.4574584960938,642.4564415677136,627.4574584960938,642.4564415677136,199748
2025-11-07,628.4573974609375,652.9557367414354,615.4582786590406,652.9557367414354,142276
2025-11-10,629.957275390625,637.4567667643229,625.4665521259109,628.9573432074652,122711
2025-11-11,632.9570922851562,646.9561432993619,615.4582785173991,615.4582785173991,118240
2025-11-12,639.4566650390625,652.9557502275337,622.4578170239506,652.9557502275337,98560
2025-11-13,638.4567260742188,645.9562177665549,618.4580815613223,639.956624412686,114616
2025-11-14,635.4569091796875,638.4567057611808,620.4579262722204,632.457112598194,160265
2025-11-17,629.4573364257812,634.9569636701685,626.4575397470245,629.9573025389074,319373
2025-11-18,623.9577026367188,634.4569909022405,614.458346586961,624.9576348524828,240224
2025-11-19,621.9578247070312,645.4562312675059,618.958028124843,645.4562312675059,151315
2025-11-20,626.95751953125,639.9566387559809,611.9585358104067,611.9585358104067,218911
2025-11-21,629.957275390625,630.9572075737847,610.9585639105902,626.4575127495659,646171
2025-11-24,618.4580688476562,634.4569841290831,595.9595942331498,624.9576281807359,1020241
2025-11-25,639.9566040039062,649.9559259414673,609.9586381912231,609.9586381912231,387914
2025-11-26,672.4544067382812,672.4544067382812,637.4567796217908,637.4567796217908,468186
2025-11-27,694.4529418945312,698.4526708615264,664.4549746420678,678.9539921474251,499607
2025-11-28,686.4534912109375,704.9522378786758,678.9539993186112,694.9529153555741,560893
2025-12-01,696.4528198242188,699.4526166073812,678.6940131029335,685.4535649526231,265068
2025-12-02,704.4522705078125,705.9521688836276,694.9529141276504,694.9529141276504,340754
2025-12-03,689.9532470703125,709.4519257918648,688.9533148281816,689.9532470703125,1446035
2025-12-04,699.9525756835938,707.4520675659179,689.9532531738281,689.9532531738281,309005
2025-12-05,699.9525756835938,708.9519659423828,684.9535919189453,687.4534225463867,294683
2025-12-08,699.9525756835938,708.9519659423828,697.9527111816406,699.9525756835938,634001
2025-12-09,699.9525756835938,719.9512207031249,688.0533574845641,719.9512207031249,528550
2025-12-10,701.9524536132812,709.4519456390642,695.4528938576027,701.452487478229,103339
2025-12-11,710.4518432617188,714.4515721470768,689.9532327242589,709.951877151049,116568
2025-12-12,705.9521484375,718.9512673180772,700.9524873295857,700.9524873295857,166265
2025-12-15,714.4515991210938,732.3504109712458,705.4522087892675,708.9519716960889,97923
2025-12-16,721.4511108398438,723.9509414387344,711.4517884442811,715.9514835222843,171879
2025-12-17,730.4505004882812,732.9503310854349,719.9512119802362,719.9512119802362,219773
2025-12-18,748.94921875,754.9488119576101,729.9505069259012,731.4504052278037,324393
2025-12-19,743.4495849609375,754.9488051721692,739.9498222879539,753.9488729798882,159895
2025-12-22,734.4501953125,743.9495511402314,729.9505004467325,743.4495850440351,157770
2025-12-23,727.45068359375,738.9499040216924,702.4523783156143,738.9499040216924,292480
2025-12-24,732.4503784179688,749.949192919422,727.4507171318393,749.949192919422,23911
2025-12-29,729.9505004882812,732.9502970656304,712.4516871204115,726.9507039109321,246082
2025-12-30,732.9503173828125,738.9499107038179,726.4507579517235,732.9503173828125,114636
2025-12-31,737.4500122070312,749.949164956303,729.9505205574683,749.949164956303,61983
2026-01-02,742.9496459960938,742.9496459960938,729.950527021734,737.4500187377108,123656
2026-01-05,751.9490356445312,759.4485273564115,736.4500861066454,746.4494083891524,180810
2026-01-06,760.448486328125,774.9475041476619,747.9493330354208,759.9485201964168,229459
2026-01-07,746.4494018554688,766.4480462454345,734.4502152214894,766.4480462454345,1135791
2026-01-08,759.4485473632812,773.9475650548778,730.9504781073846,773.9475650548778,577581
2026-01-09,755.4487915039062,763.6872467277343,751.9490287371774,752.4489948467101,290471
2026-01-12,756.44873046875,769.9478155465135,747.9493065308989,769.9478155465135,600907
2026-01-13,756.9486694335938,768.947855739014,740.4497882636409,757.448635529653,95334
2026-01-14,754.9488525390625,763.4482767067208,746.9493944989135,756.4487509215904,763883
2026-01-15,756.9486694335938,768.947855739014,742.4496526478777,751.949008473002,165424
2026-01-16,754.9488525390625,765.9481073442673,746.4494283714042,759.9485138141556,127094
2026-01-19,757.9486083984375,764.2312024358297,740.449794880004,754.9488117952775,165553
2026-01-20,737.9500122070312,763.9482511194741,732.9503508777153,739.9498767387576,176453
2026-01-21,679.4539794921875,714.9515751830965,670.4545890353373,702.9523879072963,1355276
2026-01-22,688.453369140625,695.9528611791939,663.4550623453954,674.9542834712009,474871
2026-01-23,690.4531860351562,698.4526436575766,682.9126816698816,684.9535589197422,342179
2026-01-26,687.4534301757812,699.9525834517045,677.4541075550426,699.9525834517045,168695
2026-01-27,678.9539794921875,700.1465127574107,671.9544539304123,683.4536744961858,854742
2026-01-28,680.453857421875,686.9584212206375,670.9545015871831,679.9538913253123,250772
2026-01-29,668.4547119140625,687.1534572732854,668.4547119140625,683.4536957266442,205810
2026-01-30,670.45458984375,681.953810996924,667.4547930211829,668.454725295372,349046
2026-02-02,676.4541625976562,679.4509688075645,667.4547724078869,671.9544675027715,132578
2026-02-03,666.9547729492188,680.4538575591355,663.9549763692372,676.4541287858268,167471
2026-02-04,684.9535522460938,691.9530775975137,664.454942288364,669.9545693501939,220723
2026-02-05,688.453369140625,692.7530657032,678.4540464225331,684.9536061892928,134915
2026-02-06,697.4527587890625,698.4526910597278,672.9544181577621,693.9529958417338,131416
2026-02-09,704.9522094726562,706.4521077906832,690.3211823047317,699.9525484125664,155552
2026-02-10,720.9511108398438,723.9509074175407,705.4521618550759,705.4521618550759,209963
2026-02-11,724.450927734375,730.9504874725026,712.9517066592263,714.9515711940347,170228
2026-02-12,733.9502563476562,736.4500869210474,721.3781103809498,730.9504596595867,148026
2026-02-13,746.9494018554688,755.4488261068362,721.4511291013664,737.4500453392345,238790
2026-02-16,752.948974609375,754.9488390837691,724.4509058492592,754.9488390837691,191279
2026-02-17,749.9491577148438,757.4486492919922,738.4499372965495,752.9489543457031,123316
2026-02-18,768.4479370117188,771.9476998998658,749.9491903172271,769.9478353923532,189542
2026-02-19,759.4485473632812,768.9479037819135,729.4505797254953,768.9479037819135,202368
2026-02-20,756.44873046875,779.9471378263385,749.9491709868639,779.9471378263385,112702
2026-02-23,733.9502563476562,758.4485959668899,724.9508662834479,729.9505274302303,153705
2026-02-24,736.9500732421875,751.4490909654056,725.4508522892904,725.4508522892904,104837
2026-02-25,727.45068359375,779.9471246778351,722.9509886436855,779.9471246778351,189249
2026-02-26,728.9506225585938,750.9491324300466,717.4514014894253,727.9506902917095,296592
2026-02-27,723.4509887695312,734.9502097382245,714.9515645752797,714.9515645752797,301092
2026-03-02,704.9522094726562,715.4514976988447,702.4523789426114,736.4500741512218,303630
2026-03-03,676.4541625976562,706.9520960185409,668.9546707728485,706.9520960185409,609630
2026-03-04,692.4530639648438,694.9528945206736,662.9550634060525,662.9550634060525,104937
2026-03-05,693.9529418945312,708.9519247885053,682.9536877722836,700.4525011485866,914749
2026-03-06,691.953125,716.9514315390173,679.9539378612717,679.9539378612717,120523
2026-03-09,657.4554443359375,691.953106434173,657.4554443359375,686.9534452605157,229948
2026-03-10,668.4547119140625,675.4542376932674,658.9553554994274,666.9548135328043,227429
2026-03-11,663.4550170898438,681.9537628564784,656.4554916646306,660.955186580839,198917
2026-03-12,663.9550170898438,673.9543396363775,651.4558639066764,661.4551864532102,164915
2026-03-13,652.9557495117188,694.4529372678234,645.4562577485673,694.4529372678234,136610
2026-03-16,640.95654296875,657.4554243400205,636.5568168573371,656.4554921357011,235375
2026-03-17,641.9564819335938,693.4529909983603,635.9568886444947,693.4529909983603,287541
2026-03-18,636.9568481445312,653.9556965251545,632.1571855138537,640.9565771752661,187040
2026-03-19,620.9578857421875,631.4571736653646,615.458258734809,630.9572075737847,291298
2026-03-20,555.4623413085938,602.4591550646763,530.4640361191881,599.9593245457359,2437518
2026-03-23,567.9614868164062,583.4604358404455,539.9633853536257,549.462741207069,1133399
2026-03-24,575.9609375,589.2600233298209,557.962158203125,567.9614800347222,340847
2026-03-25,607.9588012695312,618.4580897782978,572.461206787511,618.4580897782978,894286
2026-03-26,588.9600830078125,606.9588631336879,588.9600830078125,597.9594730707502,338504
2026-03-27,574.4610595703125,590.4599750674839,571.4612629145928,588.4601106303375,438266
2026-03-30,576.4609375,582.4605309518647,562.4668906560072,577.9608358629662,552499
2026-03-31,557.962158203125,579.460700141059,555.9622938368055,569.9613444010416,686636
2026-04-01,601.959228515625,601.959228515625,559.9620730377907,580.460684640067,366630
2026-04-02,597.95947265625,598.4594387705112,582.9604892284177,591.959879285117,221824
2026-04-07,586.4602661132812,603.9590805326886,566.5176475400586,592.9598257547754,198073
2026-04-08,616.9581909179688,638.4567340374765,585.9602915363528,587.9601560125861,281274
2026-04-09,611.95849609375,621.9578179253472,601.4592081705729,605.9589029947916,188472
2026-04-10,628.9573974609375,628.9573974609375,601.9592261867796,601.9592261867796,202550
2026-04-13,621.4578857421875,627.9574452873592,601.9592071066724,601.9592071066724,303820
2026-04-14,640.4566040039062,641.9565023739389,609.9586704799107,609.9586704799107,147095
2026-04-15,633.95703125,649.4559807521688,623.9577089905363,640.9565568316245,183322
2026-04-16,619.4580078125,646.4561776445217,616.4582111644976,617.4581433804983,169199
2026-04-17,636.9568481445312,639.9566449175824,610.9586094447544,620.4579658927498,162353
2026-04-20,617.4581298828125,645.9561974158654,616.9581637857414,639.9566042510121,144069
2026-04-21,627.4574584960938,653.955661922622,619.9579669602839,635.456916134291,218966
2026-04-22,617.9581298828125,648.9560296018533,617.9581298828125,648.9560296018533,161815
2026-04-23,605.458984375,631.9571893063584,605.458984375,631.9571893063584,162790
2026-04-24,599.4593505859375,629.9572825173321,592.7447790464105,629.9572825173321,188235
2026-04-27,600.9592895507812,609.4587137790369,596.4595943711165,601.4592556818551,128607
2026-04-28,592.9598388671875,642.9564525996653,590.4689797408892,642.9564525996653,226459
2026-04-29,581.4605712890625,596.4595542113942,581.4605712890625,589.9599949450505,210634
2026-04-30,584.9603271484375,589.9599880642361,575.4609714084202,589.9599880642361,125570
2026-05-01,584.4603881835938,599.9593377419269,581.9215587879714,599.9593377419269,132803
2026-05-05,582.9605102539062,610.1736936882764,568.4614924174026,591.9599006351843,454457
2026-05-06,589.9600219726562,610.9585990259203,573.9611061225503,590.9599542132879,1276232
2026-05-07,600.0,605.5,584.0,589.5,574683
2026-05-08,600.0,606.0,584.5,590.0,379133
2026-05-11,604.5,609.0,585.5,597.5,377222
2026-05-12,601.0,610.0,584.5,584.5,320205
2026-05-13,597.0,610.0,587.5,610.0,396817
2026-05-14,605.0,607.0,596.5,599.0,192620
2026-05-15,593.0,597.5,585.885986328125,592.5,335611
2026-05-18,595.0,604.0,580.0,580.0,177612
2026-05-19,598.0,608.5,595.0,596.0,117374
2026-05-20,607.5,619.5,595.0,595.0,181390
2026-05-21,610.0,625.0,600.0,625.0,146450
2026-05-22,606.5,621.0,596.0,621.0,125135
2026-05-26,615.5,621.5,608.0,608.0,258947
2026-05-27,630.0,634.0,616.5,620.0,217208
2026-05-28,628.0,631.1179809570312,607.0289916992188,614.5,447785
2026-05-29,635.5,641.5,626.0,634.5,339771
2026-06-01,620.0,643.5,620.0,633.5,385317
2026-06-02,615.0,640.5,615.0,625.5,218325
2026-06-03,612.5,619.8590087890625,609.0,612.0,106880
2026-06-04,616.5,624.0,608.0,608.0,111601
2026-06-05,627.5,629.5,616.5,617.5,345266
2026-06-08,624.5,626.5,613.0,621.5,154544
2026-06-09,630.0,643.0,620.0,638.0,122936
2026-06-10,649.0,649.0,629.5,632.0,152938
2026-06-11,657.0,667.708984375,640.0,646.5,269714
2026-06-12,690.5,692.0,663.5,664.0,311564
2026-06-15,668.5,716.0,666.5,701.5,185121
2026-06-16,658.5,672.5,639.5,666.0,156937
2026-06-17,666.5,679.0,646.0,679.0,244533
2026-06-18,680.0,680.0,651.0,661.5,351585
2026-06-19,656.0,695.5,656.0,684.0,623710
2026-06-22,660.5,666.5,643.0,656.0,390633
2026-06-23,669.0,671.5,648.5,653.5,88840
2026-06-24,699.5,704.0,666.0,700.0,244911
2026-06-25,704.0,715.0,690.0,690.0,186947
2026-06-26,698.5,709.0,687.0,705.0,138843
2026-06-29,688.5,717.0,640.0,717.0,131487
2026-06-30,682.5,700.1339721679688,681.0,694.0,142266
2026-07-01,700.5,701.5,670.0,690.0,141500
2026-07-02,718.5,718.9420166015625,689.5,700.0,158133
2026-07-03,718.0,725.0,696.5,715.0,128190
2026-07-06,705.5,735.4459838867188,702.0,720.0,106975
2026-07-07,726.0,727.0,696.0,706.0,122480
2026-07-08,713.5,726.0,702.0,702.0,126768
2026-07-09,717.0,730.0,708.0,730.0,78905
2026-07-10,730.0,740.0,703.5,740.0,140560
2026-07-13,729.5,747.0,718.2000122070312,734.5,207984
2026-07-14,725.0,745.0,711.0,745.0,174814
2026-07-15,725.5,729.0,702.0,702.0,347478
2026-07-16,742.0,742.0,714.5,721.5,223420
2026-07-17,745.0,747.5,724.0,730.5,199301
2026-07-20,759.5,760.0,723.0,723.0,246031
2026-07-21,754.0,770.5,738.0,760.0,343940
2026-07-22,722.5,722.5,665.0,696.0,1173484
2026-07-23,698.5,722.0,694.5,710.0,244888
2026-07-24,717.0,725.5,691.0,705.0,836968
2026-07-27,731.5,743.5,717.0,725.0,174042
2026-07-28,759.0,761.5,721.0,743.5,317671
2026-07-29,770.0,782.0,753.5,759.0,353670
