Price,Close,High,Low,Open,Volume
Ticker,MKS.L,MKS.L,MKS.L,MKS.L,MKS.L
2021-07-29,138.05636596679688,143.70457444333044,137.29659636720092,143.70457444333044,7777256
2021-07-30,135.4571990966797,137.40658009192663,134.786405800651,136.95672528594184,5690354
2021-08-02,137.306640625,139.00610083368733,136.3069563547167,136.70682396124147,3566723
2021-08-03,137.4065704345703,139.1560175324196,136.60682013904557,138.15633347650572,4083803
2021-08-04,138.9561004638672,139.95578463986624,137.65650798427444,139.95578463986624,3694087
2021-08-05,139.65586853027344,139.65586853027344,136.75679068350678,136.75679068350678,3869003
2021-08-06,139.90577697753906,140.18568728568133,137.15664589445285,139.70584322228999,2823281
2021-08-09,140.2556915283203,140.3056787874099,138.60620350218278,138.95609906184006,3639442
2021-08-10,141.00546264648438,141.30537096405416,138.60621135989666,139.9557911619754,5065025
2021-08-11,141.60525512695312,142.10509720682796,139.4559402850792,139.4559402850792,5803170
2021-08-12,146.25379943847656,147.65335119705773,141.15540398912924,141.55528681584536,8923418
2021-08-13,146.9535675048828,148.30314718559703,146.30377892022446,147.00355476231098,4797198
2021-08-16,147.0535430908203,147.5533851608041,145.2051280922743,145.4540423652844,4792899
2021-08-17,145.95387268066406,146.85358223258774,144.7542548601098,146.30376820306117,5050271
2021-08-18,144.90423583984375,146.80364515705756,142.45501236230376,146.1538412114429,4068438
2021-08-19,142.65492248535156,143.424683537562,140.2556866718254,141.9551466442372,4943590
2021-08-20,162.74859619140625,163.2094491584613,151.45216130714206,154.9510561228186,31382228
2021-08-23,163.8482208251953,167.79698529414725,163.8482208251953,164.9478794564929,13340663
2021-08-24,170.6460723876953,172.3955195582715,167.24715255787765,167.44708632657833,14841243
2021-08-25,179.393310546875,181.13876120007248,171.0459573780497,173.19527211365906,15779948
2021-08-26,178.84349060058594,180.8538570381339,176.6441884934996,178.7935185956281,17264444
2021-08-27,178.39361572265625,179.34331251963388,176.66216831695849,178.44360297596413,5370542
2021-08-31,179.44329833984375,181.24273279460255,177.8437976569539,178.9434562831868,7576592
2021-09-01,184.4417266845703,184.4417266845703,180.4429900626826,180.4429900626826,7337864
2021-09-02,182.7422637939453,186.6910130950959,182.7422637939453,183.84190719526973,8531370
2021-09-03,182.49234008789062,183.6919579872174,179.44330045554025,183.54201147004,11825473
2021-09-06,180.99281311035156,183.67795404189047,180.99281311035156,183.59198267188808,3936666
2021-09-07,187.0408935546875,189.83999671692544,182.49232803509852,184.94155092904083,15018761
2021-09-08,185.94125366210938,187.24084612021915,184.6616591583006,185.79130713977622,7093211
2021-09-09,184.49171447753906,184.94156929801053,181.64260852460345,184.19180617923482,10841756
2021-09-10,187.09088134765625,189.4401451863839,183.19211928973533,184.94156654079694,8635455
2021-09-13,188.34048461914062,188.4904463915228,183.34206395245462,188.0405915823149,3054460
2021-09-14,188.84033203125,189.89000345176063,186.90095757101284,188.39047720930824,5546627
2021-09-15,186.09120178222656,189.14024154559445,184.74163730773148,188.74037397995957,6970308
2021-09-16,182.1424560546875,187.08190514747983,180.69291703246864,186.8409686888318,6842460
2021-09-17,182.34237670898438,184.29177293891738,180.54295750284476,183.54200985170286,7259506
2021-09-20,181.69259643554688,182.31439400472752,177.4939260061246,177.94378082821098,6307070
2021-09-21,185.44137573242188,185.89123046642416,181.9854675290348,183.29206130665168,6806761
2021-09-22,188.19053649902344,188.290511013094,185.74131344398668,187.2408396312299,6835967
2021-09-23,188.29052734375,189.89001292981982,187.77367706086184,188.89032871828724,3831233
2021-09-24,187.09088134765625,187.44977674144616,184.54169898499921,187.09088134765625,4063111
2021-09-27,192.6891326904297,193.43889585264927,187.99061992464783,188.24054097872101,6688248
2021-09-28,189.44015502929688,192.9890369737796,186.53706517002956,192.63914140379964,8663175
2021-09-29,190.43983459472656,194.6884923219055,188.69038729529996,191.0896232043542,7569778
2021-09-30,183.44203186035156,192.35221060640774,181.49265092134866,191.53947915032515,9646131
2021-10-01,181.54263305664062,183.24209292337775,177.04405474552973,180.3929872247535,6898857
2021-10-04,183.79193115234375,186.74099624895123,179.6432329112452,181.84253491953032,5337227
2021-10-05,185.64134216308594,187.29083015016283,183.25310443527633,184.29177772344426,8727186
2021-10-06,179.44329833984375,185.72331162107832,177.15602670204217,183.34206028018033,9839685
2021-10-07,171.74575805664062,184.03087933049127,170.29621893771147,182.4923637976933,10898367
2021-10-08,174.2449493408203,177.2939890306537,172.79541038289054,176.3442768907281,6280452
2021-10-11,172.69541931152344,174.49485364892047,171.24588049255317,173.49516960080746,4523059
2021-10-12,176.6441650390625,178.09370383167752,169.6103927196007,171.69573214166823,12683107
2021-10-13,182.54232788085938,184.29177510492138,174.7947758885847,176.24431482344224,14020108
2021-10-14,183.29209899902344,184.44172969499235,178.4936119236443,184.2417959114286,4698313
2021-10-15,184.14181518554688,185.79130316577846,181.99250039023923,184.19180244324528,5267234
2021-10-18,181.69259643554688,183.65097734272388,180.29304471039603,183.54201823675382,3874147
2021-10-19,183.64195251464844,185.34141230795535,181.35867761628697,183.69193976673904,3864070
2021-10-20,181.24273681640625,183.3420643485684,180.3430119420773,183.0421713110948,4183137
2021-10-21,180.54296875,182.3983701381727,178.14371756906766,180.29304770535933,16502389
2021-10-22,177.89378356933594,182.84221684205798,176.1443363842546,181.94250724846086,7226571
2021-10-25,182.0924530029297,184.60867143215464,177.3879459665008,178.34363762196926,9651402
2021-10-26,185.84127807617188,186.99092400533917,181.19275286293143,181.74258219827493,7525648
2021-10-27,185.04153442382812,186.89094087056154,183.34205923768263,185.44140196529239,3676842
2021-10-28,184.39173889160156,185.9642401110934,182.51234305746055,183.84190955689158,4785952
2021-10-29,183.54202270507812,185.19149551087438,182.04249642563786,183.24211439839604,5474159
2021-11-01,188.54043579101562,189.74005371385542,182.06446982053927,184.74163299038173,6010065
2021-11-02,190.83969116210938,193.33890144581414,185.8412705946998,185.8412705946998,12911716
2021-11-03,188.5904083251953,191.78940980038635,183.6419748458404,189.93998802591463,6156332
2021-11-04,192.5391845703125,195.03839509041535,187.79068458211705,188.9403153197762,8410939
2021-11-05,193.83876037597656,196.1720229338557,189.790051567115,190.98966955692472,6020769
2021-11-08,190.23989868164062,195.58220497467457,188.9632939553397,194.78846466002443,5271160
2021-11-09,194.38858032226562,195.5881982539745,188.59641925339946,190.43983097232112,11691963
2021-11-10,226.42845153808594,235.42560855284432,214.13233390045568,224.92892536895954,38925412
2021-11-11,232.4265594482422,234.47991149862227,222.8295857307271,228.12791465281418,14337131
2021-11-12,236.92510986328125,240.82387139235587,231.77174002307032,232.4265318279025,9727544
2021-11-15,236.22535705566406,239.32436862869574,233.5262130230336,236.02542328546343,7477061
2021-11-16,232.12664794921875,236.62522645697095,230.52716252106606,236.22535891342503,7073039
2021-11-17,227.62808227539062,230.02733343384566,224.32213514804712,227.92799057694373,8949469
2021-11-18,236.12539672851562,236.12539672851562,226.1285550782485,228.0279641441811,7581993
2021-11-19,240.72393798828125,242.92323999090303,235.1257008416358,238.224727700309,14335284
2021-11-22,245.42245483398438,249.91203359392702,244.92261276711272,248.92134930208599,19265079
2021-11-23,247.22189331054688,249.72110368519057,242.52338085701066,243.62302426947215,6126083
2021-11-24,243.22315979003906,247.62176400350535,241.22379146501444,247.32185570395768,10182500
2021-11-25,245.52244567871094,246.22222156807968,239.15345544245739,244.1228786460031,5179033
2021-11-26,238.02481079101562,243.62303308030005,233.8381298810768,239.32438802965495,6646487
2021-11-29,240.62396240234375,242.12348856844142,236.02542464535898,237.32500178613512,9880267
2021-11-30,236.12539672851562,241.0238582895284,236.12539672851562,239.12444922359575,10204013
2021-12-01,240.62396240234375,242.42339685245474,236.52526670072487,237.22504252744332,13343760
2021-12-02,238.62461853027344,240.1241448493836,232.42657946207876,234.82581547106685,8047669
2021-12-03,241.0238494873047,242.89725046630588,237.62491429796154,242.0235336158228,9426430
2021-12-06,244.8226318359375,246.3221579972535,241.2037802478983,242.1234877963625,3912288
2021-12-07,248.22158813476562,248.42152192254105,244.36280654021644,247.12192942104556,4151357
2021-12-08,243.72300720214844,249.42120400230897,241.3237560072592,247.82170320571615,6673923
2021-12-09,242.22344970703125,246.4221196894865,241.923541439577,245.52241014109185,4786782
2021-12-10,236.92510986328125,240.92384589472903,236.3252933569771,240.92384589472903,5555593
2021-12-13,233.42623901367188,238.924501602859,233.42623901367188,237.72488372510287,4810827
2021-12-14,228.72772216796875,235.1256942235051,225.32878711961558,233.42623432631282,13160195
2021-12-15,223.12948608398438,229.92734095429645,222.62964403843156,228.8276823524928,8523029
2021-12-16,223.029541015625,227.32817067766828,222.9295664985669,227.32817067766828,5665551
2021-12-17,224.52908325195312,228.52782015578865,222.92958238883062,223.22949070741242,12079976
2021-12-20,225.52874755859375,226.2285234041647,217.93114201075934,219.9305102860874,2865807
2021-12-21,228.92767333984375,231.72679204719475,226.1735385893539,227.3281725773661,6315463
2021-12-22,227.4281463623047,230.12729054306337,226.78834911016952,229.12760638322908,2216555
2021-12-23,229.5274658203125,231.8317302521171,228.1079010344486,228.12789898671986,2664505
2021-12-24,230.12728881835938,230.72710541135248,225.52875086996744,225.52875086996744,469220
2021-12-29,234.725830078125,240.05414816948576,231.34689293385506,232.92639564466856,4340383
2021-12-30,233.1263427734375,236.6252373291185,231.42688275432923,233.92609315124423,2579217
2021-12-31,231.32688903808594,232.6264813874171,230.2272457070891,231.92670558515215,1036632
2022-01-04,238.42465209960938,244.22282279056128,233.8021200105384,236.42528394783068,7700678
2022-01-05,249.62110900878906,250.82873517431938,240.13510846331,241.3237281842888,7490129
2022-01-06,250.82073974609375,256.61892595008567,245.62238536999263,245.92229365695346,11020665
2022-01-07,256.5189514160156,258.8182126899377,251.30059908680755,251.32058178635933,6164445
2022-01-10,253.61984252929688,262.91690732189124,253.1200005001678,257.81851252318745,6622028
2022-01-11,256.81884765625,260.31774212161565,254.24766909662256,254.31963732384597,7237907
2022-01-12,252.9200897216797,260.8175883979625,251.62049727705897,259.51801120731136,9297551
2022-01-13,232.92640686035156,247.92166910458022,232.92640686035156,247.92166910458022,14585506
2022-01-14,223.22947692871094,231.82675158891342,221.33006786424647,230.7271081606159,10728178
2022-01-17,223.42942810058594,225.82866417994344,219.8505566835318,224.32913781685227,7426701
2022-01-18,222.0298614501953,224.0292298009257,220.63029445230208,222.929571106436,7180256
2022-01-19,226.6283721923828,229.7933722762544,220.03046658250094,220.8302016232371,8658458
2022-01-20,223.42942810058594,228.32787478509542,221.62999341408232,227.52813959462355,7038422
2022-01-21,219.23072814941406,223.52937286880825,214.8321089175346,221.92987219285774,9732857
2022-01-24,212.7327880859375,221.74893653969565,208.73405152512652,218.93082670440063,11480108
2022-01-25,219.13076782226562,220.3303857799008,212.23295312538593,215.33196491144597,7995079
2022-01-26,218.8308563232422,224.9289357952799,218.8308563232422,220.93019915891935,4369868
2022-01-27,220.7302703857422,220.7302703857422,213.63250659358292,216.9314674442199,5688803
2022-01-28,218.0311279296875,222.22979847668356,216.9314692191544,222.22979847668356,7874271
2022-01-31,217.731201171875,219.2307273297337,211.83305579858285,218.63091076500265,6735519
2022-02-01,215.831787109375,222.67163609020727,215.831787109375,216.9314457006894,9878536
2022-02-02,218.13107299804688,220.1304412478071,216.93145509898457,219.0307978628205,5549966
2022-02-03,212.33290100097656,218.03111268854272,207.27450179406466,215.93176993481106,8698555
2022-02-04,203.73562622070312,215.83179489146153,203.73562622070312,215.83179489146153,6595942
2022-02-07,197.4376220703125,205.93493745055378,197.4376220703125,204.83527877034643,8531625
2022-02-08,194.98838806152344,196.9377690187836,191.53948094422176,194.93840080539493,10314271
2022-02-09,199.9368438720703,201.63630399418878,193.68881750106812,195.73817320155095,9218644
2022-02-10,200.63658142089844,201.23639793944125,196.7878070644798,200.43664766604007,6417733
2022-02-11,196.587890625,199.6369304671294,195.7381682125838,198.93715458220714,6839499
2022-02-14,191.7394256591797,196.30597608543826,191.43451405716985,195.43825401428262,9824801
2022-02-15,192.2892608642578,194.88843061690784,188.1405623057666,190.63977279137447,3531735
2022-02-16,190.78973388671875,195.33828475099006,187.04091817178954,192.28926017269043,7569198
2022-02-17,185.94125366210938,191.93935861895162,185.94125366210938,190.88968720071028,4989265
2022-02-18,184.54168701171875,188.5903953268865,183.8418959535218,187.64069850300726,4978571
2022-02-21,180.9428253173828,186.5910344812273,179.1933781112755,184.49170698627998,4864029
2022-02-22,177.59388732910156,181.94251958562057,176.04438906327908,178.69354602159163,6058164
2022-02-23,173.1952667236328,180.79287182723817,173.1952667236328,177.5938705705821,8863572
2022-02-24,172.49549865722656,172.98533411547535,165.9475645938443,169.59640554507308,10580742
2022-02-25,174.74481201171875,177.34398193999047,172.79543075202213,175.49457520806138,6949110
2022-02-28,174.74481201171875,174.74481201171875,168.59674464932633,172.99536455358592,8638277
2022-03-01,169.8963165283203,177.99376416324625,169.64639549334075,175.14465826289137,9487427
2022-03-02,165.89759826660156,170.9649979748283,162.99052696180982,169.09658481638382,9047237
2022-03-03,162.74859619140625,168.1468849482903,162.49867513314365,165.44774056984826,8808883
2022-03-04,157.25033569335938,163.24844119784376,156.73049561185883,161.5989530317279,7295452
2022-03-07,149.85264587402344,154.80109455004265,140.6055676166892,154.25126522448835,9841072
2022-03-08,151.15225219726562,153.75143729121476,146.90359422898354,147.30347707249842,10543457
2022-03-09,158.44993591308594,159.5495945667519,155.75079179059696,156.0007128251602,7787539
2022-03-10,158.3999481201172,162.25973625286932,154.95104090559303,158.7498436689111,8197479
2022-03-11,160.0994110107422,164.9478852546641,158.59988478115432,158.59988478115432,5145816
2022-03-14,165.3977508544922,166.04755474872064,160.3993297633684,161.6989222978547,6330588
2022-03-15,161.8988494873047,165.87060192418912,159.04374866977577,163.14845470911774,4838145
2022-03-16,166.89727783203125,168.5357678380543,162.99851546735405,165.2977922290227,10064499
2022-03-17,162.64859008789062,168.50673916635105,156.8504196111329,167.39708927294748,8563368
2022-03-18,165.04786682128906,165.04786682128906,161.29905108719532,162.94852390860845,10769005
2022-03-21,162.69859313964844,165.59767103256132,160.84917138639648,164.89789518813092,4786063
2022-03-22,159.34963989257812,161.34900809827658,157.90110775618493,161.1490743285005,5957550
2022-03-23,158.59986877441406,160.44929037250682,157.3502637092076,159.49959357374354,14098488
2022-03-24,153.8013916015625,160.11938663576424,152.9336544067312,159.4496001770952,8865571
2022-03-25,155.20095825195312,156.80045893133862,154.10129962812948,154.45119516861035,5152040
2022-03-28,155.30093383789062,158.399945451409,155.30093383789062,155.95072241302393,9495908
2022-03-29,165.2977752685547,166.24747213132977,156.44057335921644,157.00039402552727,8736941
2022-03-30,159.9994354248047,165.27776599414534,159.5395740495658,164.84789392012115,6236591
2022-03-31,154.65113830566406,161.19907268085882,154.15129621983195,160.44930955211063,4751496
2022-04-01,157.90011596679688,160.1804014791434,154.05134095825645,154.05134095825645,5644709
2022-04-04,159.5995635986328,168.64670793215132,158.3499584490852,161.49897257832663,6384533
2022-04-05,158.10006713867188,160.64926517373857,156.79548643921555,158.10006713867188,16872147
2022-04-06,150.6024169921875,161.89885138025113,147.67135136982378,161.89885138025113,8157358
2022-04-07,150.85231018066406,154.30123219943613,149.90261342716238,151.20220568383343,3748630
2022-04-08,153.35153198242188,153.35153198242188,150.10255871793015,152.1019268806943,4183633
2022-04-11,153.4015350341797,154.33724406791663,150.80236530731162,150.95231183337262,4120702
2022-04-12,153.3015594482422,155.20095309467334,148.95292760777022,151.55211231190933,8446865
2022-04-13,150.05258178710938,153.45150145055064,147.4533971593239,152.50180465523334,6131840
2022-04-14,149.05291748046875,150.4024819723623,148.40311361047256,149.45278505125867,3393460
2022-04-19,147.80331420898438,150.70239227047676,146.0428687566457,150.70239227047676,6216631
2022-04-20,149.10289001464844,150.30252323920894,146.83761443888767,148.45310139631994,4667929
2022-04-21,154.70111083984375,156.49255214888535,149.2718268643842,149.9026242218045,7200436
2022-04-22,151.85203552246094,155.350930490757,148.95295722174708,150.9523257750591,6439036
2022-04-25,152.95167541503906,153.80141304671045,146.9435791467009,149.7027019176608,19428178
2022-04-26,141.6552276611328,154.219265295067,141.6552276611328,153.9013573451208,8877247
2022-04-27,136.90673828125,142.83487309245982,135.60714586403296,142.60493476015787,9452008
2022-04-28,138.8561248779297,139.05607391476937,136.03702345533426,138.65619109505985,8584687
2022-04-29,137.70648193359375,140.95545519155513,136.10698130500998,140.70553417171195,12924009
2022-05-03,143.3546905517578,144.40436188348605,136.25694275686726,137.5065478532179,8895018
2022-05-04,140.6555633544922,145.2041294979945,139.55591989105477,144.65430013929065,3973837
2022-05-05,135.80709838867188,144.45436021703085,135.79610027656776,142.80488746492944,9758000
2022-05-06,134.00767517089844,136.87476578284435,130.8586606684351,135.8071098503102,7087737
2022-05-09,132.758056640625,134.42851882941721,130.80867562138747,130.95862214057135,5107490
2022-05-10,134.30758666992188,137.4985801758301,133.75775727515602,135.60716400704135,5296212
2022-05-11,136.65682983398438,138.95610659095985,133.45784338052619,135.65714561390553,5526625
2022-05-12,140.85549926757812,142.80489568274797,134.10763084144702,134.40753915562473,7076773
2022-05-13,141.6552276611328,146.20379316597914,140.75551811246788,142.9048327309275,4533379
2022-05-16,144.25442504882812,145.5540174869917,139.20601707017508,140.45562225033825,5099294
2022-05-17,142.954833984375,146.60367504392678,141.35533323680812,143.50466331972422,4919409
2022-05-18,136.9567108154297,143.90451170746272,136.9567108154297,142.4549729284579,5511307
2022-05-19,133.55783081054688,136.10701361491292,131.49348025595924,135.65715872319961,6826202
2022-05-20,136.85675048828125,136.85675048828125,132.85801399186434,135.10730327109886,6085462
2022-05-23,136.45687866210938,138.59620201046283,133.70774740701194,137.50655001030395,9000628
2022-05-24,132.20823669433594,136.75680289794084,132.20823669433594,134.9573682702106,15588182
2022-05-25,138.606201171875,138.606201171875,126.95988693638499,131.95830768191195,16236918
2022-05-26,149.55276489257812,153.20160618127807,136.80978091021782,138.20634293351839,15686368
2022-05-27,149.8026885986328,153.10163436836402,147.12952172942067,148.40312151835,8124736
2022-05-30,152.2519073486328,154.4022290480954,147.2534863276926,147.2534863276926,4517369
2022-05-31,149.8026885986328,153.70145101048107,146.85360790452333,151.90201633810076,6903237
2022-06-01,149.85264587402344,152.95167279698805,149.75268661281225,150.35248794198745,10409322
2022-06-06,150.75238037109375,154.5011961201065,150.30252553200629,152.35186593829033,3742672
2022-06-07,146.4037322998047,150.6024024376249,142.90483797595974,150.4524559253333,7203301
2022-06-08,148.20315551757812,150.10254904825686,146.20378748361418,149.1528522829175,4718985
2022-06-09,144.05450439453125,146.95358257503543,142.80489910052586,146.95358257503543,15796572
2022-06-10,140.10574340820312,143.74459351667176,139.75586306841018,142.85487513244092,6982293
2022-06-13,137.10670471191406,140.95549562306928,135.10733597967194,140.95549562306928,6237408
2022-06-14,134.70742797851562,139.0560597699474,134.01665202396575,135.4571910284888,5831257
2022-06-15,139.00607299804688,140.405624594598,135.15728322657873,136.456875568501,6360872
2022-06-16,132.45814514160156,137.85643325710564,129.55906731178808,137.20664468441367,10277159
2022-06-17,138.2063446044922,140.90548897092862,131.40848879919136,133.80774010022324,11394728
2022-06-20,141.75521850585938,141.90017698177337,137.40658626019854,138.60620421466604,6250955
2022-06-21,141.20538330078125,143.65460636741687,141.10540878623723,142.95483052751658,4617834
2022-06-22,138.5062255859375,139.90577712815553,135.40719898735333,139.90577712815553,16073426
2022-06-23,139.00607299804688,140.55558635749387,137.00670485784906,138.0563761822466,4398052
2022-06-24,143.9545135498047,144.1544473233856,136.30693611905897,138.95609294043646,19318142
2022-06-27,144.90423583984375,148.15320980600157,143.75460499956125,145.10416964850526,15118126
2022-06-28,144.4043731689453,147.50340015167677,142.8008758789761,147.50340015167677,4910713
2022-06-29,140.05575561523438,144.50434703507378,139.7058600609001,143.25474184669363,9212169
2022-06-30,135.4571990966797,138.6901710930459,129.35911982542598,138.3562769609988,7233395
2022-07-01,138.15634155273438,141.15539389579214,133.03196895869038,133.40784200955957,4154551
2022-07-04,139.75584411621094,141.20538305071648,137.40658031431045,138.20633066733842,4083737
2022-07-05,137.4065704345703,141.95513593977213,137.006702913792,141.95513593977213,5775738
2022-07-06,134.95736694335938,140.40564278027873,134.76042293242213,138.40627438111784,5636265
2022-07-07,138.65618896484375,139.10604378288213,135.06732651666786,135.95704480264402,5093476
2022-07-08,134.25758361816406,137.55654434485015,133.05796569590626,133.05796569590626,7105456
2022-07-11,134.70742797851562,136.45687509511973,132.42215471737197,132.95798086191152,3501456
2022-07-12,134.45751953125,134.60746605367467,130.20886185089452,134.0076647100063,8015368
2022-07-13,132.20823669433594,136.15698627070728,132.10826217180684,134.55750068803522,5475124
2022-07-14,129.45909118652344,133.9576696447424,127.15981470152887,131.95830144108953,5659169
2022-07-15,134.60745239257812,135.80708546610543,128.80929705571435,130.3088231436553,4683402
2022-07-18,136.8067626953125,137.60649769911686,134.75740742663712,134.75740742663712,2489687
2022-07-19,142.8048858642578,143.6046209751189,135.59816324674028,135.60714783475237,4086033
2022-07-20,143.3546905517578,145.06615530518005,142.29603463260588,143.05479753180842,5015728
2022-07-21,143.0048065185547,144.10444982206016,136.90672770705245,136.90672770705245,7163093
2022-07-22,144.75425720214844,146.24478347421567,142.20505975849596,143.9045196362748,4446443
2022-07-25,145.3540802001953,147.95326528654726,143.6566183388079,145.05418713589916,3876624
2022-07-26,135.4072265625,144.5043592014156,135.29726068650533,144.00451708398003,5737208
2022-07-27,138.55621337890625,140.15569868282938,135.90704153327235,136.85673831590918,8361928
2022-07-28,139.50592041015625,142.08111070103578,138.86511642884136,139.80582869353913,8795290
2022-07-29,141.40533447265625,142.5049932520517,139.20603216783655,139.20603216783655,3552457
2022-08-01,141.20538330078125,142.1050929158003,140.00576539609943,141.15539604350926,3476006
2022-08-02,138.45626831054688,141.9551631776004,138.45626831054688,141.40533379055492,7954565
2022-08-03,137.2566375732422,138.61620863460658,135.3672351298873,138.506242767365,10078776
2022-08-04,139.25599670410156,142.30503622756282,135.2072730912411,135.2072730912411,4117890
2022-08-05,136.10699462890625,139.65587650888318,135.40721875563602,135.95704810390907,2235930
2022-08-08,138.80615234375,139.35596643105447,134.50750738556465,134.95736220880002,3307088
2022-08-09,138.55621337890625,139.6058694126814,137.75646309996077,138.85610638628896,3075390
2022-08-10,142.30503845214844,143.35469455925144,137.25663067096946,138.80614408455475,5288524
2022-08-11,136.2069549560547,144.80424408606092,135.70711291951872,143.35468997693187,5204071
2022-08-12,136.10699462890625,137.90642919872258,134.4075345784014,136.5068774521821,3258964
2022-08-15,135.207275390625,137.15665634731158,134.55748682305244,136.35690601139765,2813490
2022-08-16,137.306640625,137.40659989964547,134.8334227165733,136.00704802283744,3910132
2022-08-17,134.80740356445312,139.17902312106375,134.0076532539613,137.95640229792713,5415658
2022-08-18,133.05796813964844,135.20728298758593,132.83403986348682,133.9576777843735,4454763
2022-08-19,131.258544921875,133.4578472185018,130.70871553422555,131.50846598408194,4958065
2022-08-22,129.65904235839844,132.50814853258663,128.25949052958688,131.6584108303983,4512799
2022-08-23,128.95925903320312,131.10857391550184,128.0675424543794,129.35912660303592,4724468
2022-08-24,127.20980834960938,129.65903147136197,124.96051900747483,128.8592810989202,4730019
2022-08-25,121.56158447265625,129.30914383882575,121.31166344881157,126.95988011309825,6574463
2022-08-26,120.26200103759766,124.66060500369036,119.16234241909002,122.9611450737895,5534325
2022-08-30,122.0114517211914,124.61062894665915,118.2426382613262,119.96209619375423,4774371
2022-08-31,121.86150360107422,123.66093055676357,120.56191111058881,123.66093055676357,14384852
2022-09-01,121.66156768798828,122.66125191755921,118.92643157486633,121.71155495026099,5629930
2022-09-02,121.21170806884766,122.95415382948369,117.2129713078135,121.76153742428389,8532020
2022-09-05,123.61094665527344,124.11078873020217,117.41290034996624,119.66218968714556,5161737
2022-09-06,129.6090545654297,134.2076081338,123.71092369875419,125.96021322054972,7280662
2022-09-07,121.96146392822266,128.97925079585966,119.26231982650667,128.2594770015395,13004917
2022-09-08,116.8130874633789,121.84149734801252,115.26358165931629,121.16171184385426,9212185
2022-09-09,117.61283874511719,120.89180145238727,116.31324633277949,116.81308839491174,8495486
2022-09-12,126.65997314453125,126.80992728578686,120.13103801950335,121.79751124069887,6981281
2022-09-13,121.86150360107422,125.26043135335641,120.61189837060174,125.06048994028977,8597292
2022-09-14,120.16203308105469,123.61094801211148,117.3129347480842,120.46194138009784,8071092
2022-09-15,115.71343994140625,123.1600846460061,115.21359786822524,119.06238030632214,7693585
2022-09-16,114.26390838623047,116.21328954719577,113.0592870813078,114.41385491631607,15890517
2022-09-20,111.71471405029297,115.46352995802093,110.76501707112942,114.96368783699053,5018589
2022-09-21,110.8649673461914,112.87933018173962,110.26515841629093,111.31482213687069,19225796
2022-09-22,110.3651351928711,112.37550166882465,109.16851463065693,110.5650689784312,6613573
2022-09-23,106.51634216308594,113.16423521773261,106.19644356139915,110.76499951857389,6264215
2022-09-26,102.96746826171875,106.14746332387395,100.36829097662573,103.26737655987692,9876894
2022-09-27,102.26768493652344,106.76626331859366,102.06774354335197,104.16707859625454,8656258
2022-09-28,103.66725158691406,104.76691034136138,98.01703589256732,101.26801553681,12430501
2022-09-29,95.50981903076172,103.01744869455244,93.87033773062677,103.01744869455244,12553443
2022-09-30,98.6488265991211,100.1453553337222,95.56979776230467,96.88938045994252,7931194
2022-10-03,99.1286849975586,99.84845118631644,95.66977109113002,98.20896977356243,19911883
2022-10-04,102.41763305664062,103.82918956936788,99.92842178167882,101.41794895603121,9021008
2022-10-05,96.84939575195312,102.96746537221058,95.88969990255708,101.9677812423833,5508750
2022-10-06,96.14962768554688,99.84845621416356,95.28989865422771,97.86908574818521,8918083
2022-10-07,93.83036804199219,97.34925338588458,93.47048108753904,95.92970352497824,6330948
2022-10-10,96.46952056884766,97.54918128237432,92.97062604044386,92.97062604044386,8315994
2022-10-11,98.16897583007812,99.06869304786589,95.06396182748108,95.88969729633872,6922502
2022-10-12,93.1705551147461,97.70912184620258,91.77100347564955,96.30956258012162,6617693
2022-10-13,98.4089126586914,100.01840479110814,91.53108065125049,91.67103582563587,20475750
2022-10-14,99.36860656738281,102.67755868096269,98.68882103666408,100.26832383259655,11159969
2022-10-17,103.61725616455078,104.11109576673866,98.50886991805748,99.36859883491832,7251254
2022-10-18,103.26737213134766,106.31640410593806,102.61757593119412,105.16676584827943,5258193
2022-10-19,101.91779327392578,103.51729397207599,100.36828745969656,102.7675308799373,6120740
2022-10-20,103.3173599243164,105.0308231480045,99.38860073682409,103.56728097281595,4837688
2022-10-21,101.3179931640625,104.96684205617417,98.86876990021254,104.96684205617417,5170893
2022-10-24,102.41763305664062,104.91684330816416,100.61820625173432,102.5176075682891,5307420
2022-10-25,106.46635437011719,106.46635437011719,101.86780913398785,102.96746009504291,7405232
2022-10-26,108.06584930419922,109.0855313537211,103.61725812565253,103.61725812565253,11799441
2022-10-27,108.8656005859375,110.86496879641575,105.61662724391034,107.01618651664201,4700038
2022-10-28,104.21707916259766,107.1661445389466,103.96715810944994,104.56696711160741,5939042
2022-10-31,105.4666748046875,106.56632581279918,103.80719550225831,103.96714862263033,5656736
2022-11-01,110.7650146484375,112.41448751017155,104.71692206546159,104.71692206546159,11903169
2022-11-02,111.16487121582031,112.38748446881772,109.31545711717733,111.51476675979389,3827799
2022-11-03,109.56538391113281,111.50677191879002,107.53103058370388,110.86497638772505,4653877
2022-11-04,112.61441040039062,113.56410720251527,109.11551620542855,109.11551620542855,3715168
2022-11-07,114.96366882324219,117.76278728886264,110.4750894543077,112.31450449452714,9836249
2022-11-08,117.01302337646484,117.76278642853023,113.91399665967391,113.91399665967391,6642594
2022-11-09,113.06427001953125,119.91210456913664,108.77662345651014,116.963039529236,11569366
2022-11-10,119.96208953857422,120.3619646957663,107.96588058471679,112.01460415743738,23413266
2022-11-11,124.66060638427734,126.1601325603207,119.81213994046739,121.71154128885254,9285804
2022-11-14,125.21043395996094,125.4173693015703,119.91411105766726,124.51065813832379,8198231
2022-11-15,124.66060638427734,126.70996187566374,122.81119229255411,126.26010707364455,12932680
2022-11-16,119.7121810913086,124.76058927371939,117.01303684401049,124.66061475368349,11838754
2022-11-17,120.661865234375,122.31134548943653,117.81276713580556,120.46193146945176,8015770
2022-11-18,123.41101837158203,124.75259751108908,120.56191976693644,120.91180773119369,9367779
2022-11-21,119.81214141845703,123.56095690481041,119.21233246603742,122.9611479523908,9589655
2022-11-22,122.81120300292969,124.6606172559405,119.96210454537409,120.51193390866781,11591149
2022-11-23,125.61031341552734,125.96020133829234,121.80951237184317,123.41100373660444,6296873
2022-11-24,126.7099609375,128.25947435873263,124.96051374506904,125.51034305634113,5491107
2022-11-25,125.6603012084961,128.40943276548137,124.26074942652811,128.40943276548137,7035252
2022-11-28,123.91084289550781,125.41036906670146,121.5116071231856,122.36133709479843,10072414
2022-11-29,122.41131591796875,125.81024340901523,122.31134903261125,124.96051344299973,5837406
2022-11-30,120.51192474365234,123.66092364689669,118.31261508472171,123.31103572731227,12321808
2022-12-01,122.51129150390625,124.51065973651518,121.61157427383533,122.6112583901398,11141028
2022-12-02,123.1111068725586,124.2947310365356,121.0117716441672,121.81151440275278,8719699
2022-12-05,122.21138763427734,124.7105980153464,122.21138763427734,122.71122971049115,3784559
2022-12-06,121.41163635253906,122.56127464462053,120.56190635473443,121.96146568305164,12655180
2022-12-07,122.1613998413086,123.6439331413161,121.19870656940023,121.86149917308349,4071262
2022-12-08,122.2613754272461,123.71091440380994,119.81214466689896,122.41132194917799,4593536
2022-12-09,123.01113891601562,123.95183597490882,121.2117043775549,122.81119750786173,3273530
2022-12-12,119.16233825683594,122.96114077884599,117.5628452680364,121.91146945311095,3479595
2022-12-13,122.76122283935547,128.30947320144037,117.96273562744499,118.96241982767758,17811327
2022-12-14,121.86150360107422,123.36102987764122,120.36197732450724,121.4116411419131,5098772
2022-12-15,120.36196899414062,122.7612123959909,119.1123638501545,121.76152828080198,6290911
2022-12-16,118.76246643066406,121.06173513539713,117.76278239547997,121.06173513539713,15120267
2022-12-19,120.2120132446289,120.91178906511365,116.76310614412148,116.86307302890724,6147420
2022-12-20,121.16171264648438,121.65456076308162,118.51255582234772,119.9620947497804,5414943
2022-12-21,122.86116790771484,123.26104304216716,120.86179986243708,121.61156287941624,6089270
2022-12-22,120.01207733154297,124.3107143164288,119.32229287296782,123.31103023245754,3359074
2022-12-23,123.56095886230469,123.56095886230469,119.91211020571752,120.36197264739758,1461852
2022-12-28,122.36134338378906,123.66092822276079,121.6615598917413,122.01145545125765,3618164
2022-12-29,124.2607421875,124.76058425965087,120.4619393883595,120.4619393883595,4163546
2022-12-30,123.26105499267578,125.31040286158527,122.66123841935149,124.81056080180474,1749874
2023-01-03,126.60999298095703,128.4094197874747,123.99881859595396,124.31071649670264,9023601
2023-01-04,131.6083984375,132.55811048353144,126.9098864762639,126.9098864762639,8055814
2023-01-05,136.10699462890625,138.80615411061575,133.07895955422225,133.4578376608225,8596591
2023-01-06,137.50657653808594,137.9594364482352,133.65778593685297,136.1070093858323,5409617
2023-01-09,141.05543518066406,141.35532821295104,137.86743191093788,138.756158657993,8758553
2023-01-10,141.25537109375,142.1550807121811,139.15602831211834,140.60556725468814,19321729
2023-01-11,143.3546905517578,146.5037045469425,141.65523067151463,142.55495549326818,13326678
2023-01-12,145.2541046142578,145.4540383859877,138.8071366466477,141.45530193551383,12916234
2023-01-13,145.8539276123047,150.44049169414575,144.77927008227348,147.60337506946243,19178451
2023-01-16,150.05258178710938,150.65238306385123,146.10381759221067,146.70363412292056,9847925
2023-01-17,150.85231018066406,152.45181068948494,146.22477512030667,149.25282492581053,37502830
2023-01-18,151.05227661132812,152.58877841223938,149.51575955644773,151.9519862176079,10422673
2023-01-19,149.15286254882812,151.90199378474608,147.6163455463047,150.55242942131295,25925243
2023-01-20,150.9523162841797,151.40416939973844,148.30315921919123,150.15256586234358,12965792
2023-01-23,148.80299377441406,152.55080262391792,147.10351849402088,149.95262446035554,11357990
2023-01-24,147.7033233642578,150.04058218924345,146.77362448833694,149.4527705107042,16280542
2023-01-25,145.00416564941406,148.6030188572891,144.15442815721138,146.70362537985233,8623814
2023-01-26,145.5040283203125,146.90358000214852,143.71458518356934,146.05385764316568,14304933
2023-01-27,146.15379333496094,147.3334283513957,144.95417562198614,146.55367607526375,9328829
2023-01-30,147.0535430908203,147.35343612963507,143.90452889754076,145.50402962307666,8885329
2023-01-31,145.75393676757812,148.75298890166835,144.04947364089404,148.75298890166835,7963284
2023-02-01,150.05258178710938,150.85231682276518,145.65396282116228,145.95387108651724,11447680
2023-02-02,160.99913024902344,161.99881436698823,151.03127161063733,151.10224832879055,19956581
2023-02-03,162.9485321044922,166.64736076404535,160.94916361241255,164.09816288584958,10136275
2023-02-06,158.54991149902344,161.74889771223835,157.70017387418332,161.74889771223835,5142746
2023-02-07,157.9500732421875,160.54925776421553,156.70046823236007,159.4495992539804,5630608
2023-02-08,158.74984741210938,161.64892537001654,158.15003081545356,159.94946535145132,6007540
2023-02-09,158.3999481201172,160.34932913232916,157.80014679157392,160.34932913232916,3158619
2023-02-10,153.60147094726562,158.00009057159676,152.6017867490954,157.2003401622665,6364581
2023-02-13,153.70144653320312,154.45120968702363,152.60178780601154,153.60147201110556,7427896
2023-02-14,153.55148315429688,155.25094306567505,151.951982500077,153.95135069086749,4494651
2023-02-15,153.20159912109375,154.7511126360815,150.25253386906732,154.7511126360815,15076026
2023-02-16,153.7514190673828,155.70080002980325,152.72174565507947,154.6511286642018,4618519
2023-02-17,150.70240783691406,157.30033030151196,150.65242057124843,157.30033030151196,6407694
2023-02-20,150.65240478515625,154.8011033371349,148.11721018771053,154.8011033371349,20526076
2023-02-21,152.50181579589844,153.15160437332958,150.07257544842574,151.60209093410631,4557025
2023-02-22,150.45245361328125,151.9019924743763,147.90325616571766,151.15222941650282,5241482
2023-02-23,152.7017364501953,154.30123700887123,151.1022358915194,154.00132874737352,7594322
2023-02-24,152.85169982910156,153.90137123324553,151.95199019924647,153.0516488614867,17221788
2023-02-27,157.80014038085938,158.59987545309409,153.40152121372492,153.95135051636282,7574342
2023-02-28,159.949462890625,161.199068069458,154.45120010375976,157.2003314971924,13006757
2023-03-01,157.90011596679688,161.59694617716966,157.45026112865193,159.249695735202,6859768
2023-03-02,158.1999969482422,159.1996809731916,156.95039191705544,157.55020843361214,8215321
2023-03-03,160.1494140625,161.4490066404308,158.49994114887662,158.6998749484111,9997910
2023-03-06,160.99913024902344,162.3986819125865,159.7995123582595,161.0491175057155,5590058
2023-03-07,160.1494140625,162.94853301789612,159.44963813714375,159.44963813714375,6612665
2023-03-08,160.4492950439453,160.4492950439453,157.2902896861775,158.94976892203928,5012313
2023-03-09,160.2993621826172,160.79920426581342,158.20001933160512,159.04975697462663,3773968
2023-03-10,157.9500732421875,158.05004774456066,155.40087597134607,156.50053448158116,4514088
2023-03-13,152.10194396972656,158.25001091335804,150.40248389123218,156.40058905342664,12231602
2023-03-14,155.50086975097656,156.10067107766994,150.20653734164284,151.60209248460777,5328852
2023-03-15,145.3540802001953,154.95105486091097,144.70429155559268,153.9013833739623,11118755
2023-03-16,146.55369567871094,149.50276073332313,145.00418226744964,146.90357596256422,10291588
2023-03-17,141.55526733398438,149.50275246678933,140.10371499103465,147.3034506114299,16517457
2023-03-20,144.0045166015625,145.05418809545495,136.05703001175542,140.00577967547383,5448042
2023-03-21,148.00323486328125,149.15286548296595,144.80424877662173,144.95419529085228,4931176
2023-03-22,154.6011505126953,155.14998834796657,152.95167773673026,154.45120398905115,17128101
2023-03-23,156.7004852294922,158.64986620547674,153.85137939645927,156.45056420041806,6951202
2023-03-24,152.45184326171875,155.90075076340287,150.45247482549948,155.15098759982064,5621287
2023-03-27,155.05101013183594,156.15065349030746,153.50149672484048,155.6008241840873,5280889
2023-03-28,158.74984741210938,159.88248517048606,155.80078219548594,158.49992637249773,6558720
2023-03-29,159.64955139160156,160.0494341931813,154.25126322901306,160.0494341931813,6319965
2023-03-30,165.9475860595703,166.44742818625576,159.549612939585,160.84919026579024,7235431
2023-03-31,166.94723510742188,168.39677391833945,162.24872315818624,162.24872315818624,7494899
2023-04-03,165.99754333496094,168.4467662624642,164.9768698016743,167.94692422607707,5169008
2023-04-04,163.49835205078125,167.34712702343708,162.8895355938066,167.34712702343708,7267894
2023-04-05,163.64830017089844,164.3980633194401,161.89885282430123,163.89822122041232,5528675
2023-04-06,162.5486297607422,163.99816855684762,160.99911645981524,160.99911645981524,3749723
2023-04-11,165.24778747558594,167.29714296479975,163.1484447297632,164.54801164496806,5926374
2023-04-12,165.74765014648438,166.34745153847703,164.0981619970699,164.94789970318988,9312713
2023-04-13,165.74765014648438,167.4841011843236,164.44805758287717,164.79795316868444,4881484
2023-04-14,167.19717407226562,168.44677925965175,165.69764784740224,166.9472530347884,5501119
2023-04-17,168.5967254638672,169.59640961189834,167.1971737582114,168.54675345964125,4403035
2023-04-18,169.196533203125,170.1462300432794,168.09687459622916,168.09687459622916,5189800
2023-04-19,164.8978729248047,169.69635918070801,164.8978729248047,168.9465961799096,6794159
2023-04-20,162.5486297607422,165.29776084968853,161.9488132397486,162.94849727209274,4045299
2023-04-21,163.8482208251953,164.14812911136457,160.34932641248184,161.54895955715887,4640332
2023-04-24,164.59800720214844,165.04787732203775,159.94948149770974,159.94948149770974,4358553
2023-04-25,164.44802856445312,165.89756740678078,161.09908084772346,163.09844897616665,4532085
2023-04-26,166.64735412597656,167.697025593301,162.3986962495442,163.44836771686863,4972932
2023-04-27,163.79824829101562,169.0465898930571,163.0484852050097,167.0971936662665,4940307
2023-04-28,164.29808044433594,164.8478944710885,161.7498745627171,162.7485671092024,5096890
2023-05-02,164.49801635742188,166.9472392719958,161.59892340929963,163.79824056096766,4062154
2023-05-03,163.34837341308594,166.89725496618743,162.24873007179426,164.39804475329464,3854216
2023-05-04,161.74888610839844,163.39835872773224,157.15033326969746,163.3483714732743,3701579
2023-05-05,164.69796752929688,165.04786309149338,162.14876983692653,162.89853296680192,3801364
2023-05-09,168.14688110351562,168.34681489475994,161.44899994602272,162.94852626131086,7402585
2023-05-10,166.9972381591797,169.46145589626457,165.94756676439417,168.84664466049762,4285411
2023-05-11,167.84693908691406,168.74666384780943,165.89755831925862,167.6969925870819,4432846
2023-05-12,167.64703369140625,169.2465344786682,166.74732403230266,168.24685030012196,2670982
2023-05-15,166.39743041992188,169.09657468286127,165.9975628454013,168.79668162895592,3634396
2023-05-16,164.847900390625,166.94724308186466,164.14812457820133,166.3974137814001,1579401
2023-05-17,163.79824829101562,165.29777446302748,161.94882657728007,162.79856417634107,3040357
2023-05-18,161.8988494873047,163.79825857684253,159.09973073964946,160.74921878482468,5439786
2023-05-19,161.4989776611328,166.74731945441215,161.4989776611328,164.94788493163674,3821001
2023-05-22,162.69859313964844,163.90220759206875,160.84917138639648,162.2987255868223,7656222
2023-05-23,163.54832458496094,164.64796794071972,161.10009310286839,162.1987449506561,3935926
2023-05-24,184.691650390625,189.04028263131562,173.58416714473893,175.29462529507154,23976429
2023-05-25,181.24273681640625,187.03090124918756,180.64292023352027,185.6913281685742,7882886
2023-05-26,179.44329833984375,183.04216724936137,177.94377216987291,182.04248313604748,8784238
2023-05-30,181.0428009033203,181.2427346772661,177.34395744246186,180.24305055356797,8930880
2023-05-31,178.5435791015625,181.84252429424416,177.64385429576626,179.8931434293046,12584989
2023-06-01,181.74258422851562,181.89253075166178,178.5435979516489,180.04312419898986,9140841
2023-06-02,185.99124145507812,187.68870321023178,182.0174908081689,183.39205653139328,6601681
2023-06-05,187.8406524658203,189.64008705158685,185.291469994452,187.34081037277238,4412833
2023-06-06,187.54074096679688,189.19021361002603,183.4420301053621,188.2905040326226,6111470
2023-06-07,189.69004821777344,194.8884022195881,188.22951128718114,188.4904304102728,11315275
2023-06-08,190.1898956298828,191.73940899986872,188.5903950052583,190.48980390374595,13615660
2023-06-09,188.19053649902344,189.74904978512396,185.4414051557442,188.94029959264503,14415970
2023-06-12,187.74066162109375,191.68941044118782,187.6406871177121,189.2901748997039,7432362
2023-06-13,189.0902557373047,192.2392700432289,187.94062503680584,188.79036268776235,12906641
2023-06-14,192.1392822265625,192.1392822265625,188.80934081332245,189.04027064866392,16502758
2023-06-15,191.28955078125,194.83841698734017,190.76670576775368,193.48885266014153,7603623
2023-06-16,190.33985900878906,192.889056681597,189.2402155791257,191.93935977517006,16629682
2023-06-19,188.44044494628906,192.73908944678584,187.04089336657762,189.54010351175387,6808698
2023-06-20,186.99093627929688,189.04029197974847,185.79131826687686,188.29052881523964,6124523
2023-06-21,187.59072875976562,187.79067779732617,185.0915183299581,186.94094014960362,4771348
2023-06-22,187.9405975341797,193.58880619891235,185.34641625747292,186.34109698549318,11059642
2023-06-23,185.04153442382812,188.3404797758307,183.93887077196928,187.39078292437634,4081695
2023-06-26,188.090576171875,188.54044626515523,184.39574422204356,188.29052521509746,5009684
2023-06-27,188.44044494628906,189.7900245262715,186.8869350658253,186.89093160548614,6976092
2023-06-28,190.88967895507812,192.23925861365933,186.7409959740558,187.89062660620345,3948425
2023-06-29,190.33985900878906,194.2386364066041,189.52311570322973,192.48918911698664,4124856
2023-06-30,192.63912963867188,192.63912963867188,187.9906045155268,190.13991930279403,5145516
2023-07-03,195.6881866455078,195.6881866455078,192.14931120795683,193.48888440577772,3520790
2023-07-04,192.1392822265625,195.03837528791541,191.23957263226234,194.4385587224027,2603664
2023-07-05,192.58912658691406,193.63879789269302,189.2261910211642,193.43886413301325,3501416
2023-07-06,185.7913055419922,192.33922452705784,185.7913055419922,191.73942318891366,9287319
2023-07-07,191.4394989013672,192.58912947725543,183.74193463341138,187.1908416150444,9013641
2023-07-10,192.63912963867188,193.2389462208703,188.54043384021378,188.54043384021378,7495999
2023-07-11,193.5888214111328,195.1003524466716,191.1395983973453,191.83937422214618,4743495
2023-07-12,198.08741760253906,199.2500599645618,191.78941936243496,192.93905008779484,15162056
2023-07-13,196.78782653808594,198.68722027815102,195.5282147752917,198.18737821455818,5432272
2023-07-14,194.8384246826172,196.68784636630207,194.13864886450924,194.4385571448323,5392535
2023-07-17,194.4385528564453,194.9883821492495,192.33921019445415,194.9383948946367,3264199
2023-07-18,202.03616333007812,202.03616333007812,194.48854530117893,195.38825489234569,6512121
2023-07-19,204.83526611328125,208.03426743840643,202.24709471559754,203.7356227549922,7520101
2023-07-20,204.7353057861328,209.7337262630698,204.4004049024318,205.8349491386777,8402378
2023-07-21,204.23545837402344,207.1345360729127,202.63096971418116,203.33573355942556,4974549
2023-07-24,205.73500061035156,205.8349598727218,201.63628950393291,202.83590743016265,9751267
2023-07-25,202.03616333007812,208.33416097618306,201.33637225476082,205.73499146060752,5207332
2023-07-26,205.63502502441406,206.93461746022385,198.6872232860845,200.03680297980418,3379250
2023-07-27,207.23451232910156,209.83368177837798,205.4350779386988,207.6343798585384,6363868
2023-07-28,205.83497619628906,209.2339117197875,202.83592351589257,205.23517481259222,3202446
2023-07-31,206.23483276367188,206.4547644858645,203.7356225150912,205.93492448304843,3217093
2023-08-01,207.13455200195312,209.73373688316033,205.93493407753806,208.43414444255674,7545951
2023-08-02,206.33480834960938,208.9339933154082,204.80928931689925,205.83496626033806,7005015
2023-08-03,205.53506469726562,207.1345501643056,203.5356964229886,205.63502395859783,5713631
2023-08-04,206.23483276367188,207.83431817038223,203.63564800356045,205.53505694486304,5189035
2023-08-07,203.0358428955078,209.2338811451686,202.345051677255,209.2338811451686,3332708
2023-08-08,203.93557739257812,204.3354449721519,201.23643309552926,201.23643309552926,2320519
2023-08-09,204.23545837402344,206.5347347838158,203.93555010249082,205.035208680121,3559898
2023-08-10,204.93524169921875,206.3158021545401,203.73562382299272,204.1354913637451,2845501
2023-08-11,202.23611450195312,205.63503464324168,202.23611450195312,203.2357986910345,4647699
2023-08-14,204.63534545898438,207.734372471077,201.51833401649995,207.734372471077,4962611
2023-08-15,221.530029296875,224.75000521431357,212.13799177702802,214.83213281838974,15964984
2023-08-16,231.52685546875,232.12665680695676,220.83022285007937,223.8292753030219,12156489
2023-08-17,225.7286834716797,234.7258407958071,225.7286834716797,231.8267476167621,13720871
2023-08-18,220.93020629882812,224.92894306441778,219.73058831994527,224.92894306441778,7306183
2023-08-21,219.43064880371094,223.04651040288118,218.6308985135416,221.5299914086594,8882872
2023-08-22,217.63124084472656,221.53001826165848,216.83149045761465,220.93020165783207,6461789
2023-08-23,215.23199462890625,219.63059866639753,213.30459461034192,218.33100625633037,9849972
2023-08-24,214.8321075439453,218.23104264511588,214.7321482860681,217.9311343635466,4202559
2023-08-25,217.03143310546875,219.13076064911726,213.07768049746895,214.03238068256852,4292086
2023-08-29,221.9298858642578,221.9298858642578,217.25635931609716,218.93083335257867,10436832
2023-08-30,224.12918090820312,224.7519852250726,221.51600815532595,221.92987885324413,8142823
2023-08-31,226.72837829589844,228.32786385424012,224.1291932893841,224.1291932893841,8620021
2023-09-01,228.1279296875,231.42689057368568,227.02828622808494,228.22790420834238,4922671
2023-09-04,226.92831420898438,228.62777430424876,225.42778114159285,227.2282225208476,3111172
2023-09-05,223.7293243408203,227.12824447866964,221.42205457710452,225.12887610253,4141217
2023-09-06,223.42942810058594,225.22886278708955,220.8302429696395,224.72902066605917,7461002
2023-09-07,220.43035888671875,225.18785852353489,219.43067471943206,223.32943687026227,8858969
2023-09-08,221.8299102783203,221.92988479648324,218.83085778107053,220.33038402969544,5352397
2023-09-11,220.43035888671875,224.329121037549,218.53096507046195,223.82927895390563,5777175
2023-09-12,222.62965393066406,225.2638313903133,219.2947091189331,220.1304435918511,8819304
2023-09-13,221.03016662597656,229.4574964963852,220.5303245623755,229.02763964359352,12043893
2023-09-14,218.8308563232422,222.5896785239617,216.93146252255883,222.2297916165305,13412115
2023-09-15,219.63058471679688,221.72992734233472,216.9314408082255,220.83020253683213,62283670
2023-09-18,222.42971801757812,224.90093729888832,219.93050770277387,219.93050770277387,12523078
2023-09-19,228.42782592773438,228.8276934820376,221.33006243408133,222.9295631592331,9733950
2023-09-20,231.0270233154297,232.82644266130117,229.11261954185844,229.9273646005347,8346056
2023-09-21,236.02542114257812,238.02478933436964,229.61744242693376,229.82736754484935,12676440
2023-09-22,236.82518005371094,237.2250628847006,232.5265502118564,233.4262598871352,7790009
2023-09-25,235.52560424804688,238.7245906457616,233.42626132087486,237.82486571098627,11241933
2023-09-26,235.82546997070312,237.72487888797346,232.6264839437888,233.12632598718068,9192139
2023-09-27,236.82518005371094,237.5249711944503,234.72585239340367,235.72553658992246,6395452
2023-09-28,235.22567749023438,239.32437324733738,233.4262430157644,236.2253616144989,5125356
2023-09-29,236.5252685546875,245.82231865419112,235.12570163631136,243.82295041705586,7916878
2023-10-02,233.226318359375,238.92451503965225,232.7264762777021,237.0251212308831,12224196
2023-10-03,228.32785034179688,233.02637797966548,226.82832413923526,232.32658688196125,6547482
2023-10-04,225.02891540527344,229.02765213212703,222.89159013664315,227.22821755424891,10946677
2023-10-05,227.3281707763672,230.02733019841045,224.0292252675937,225.5287515002979,5723770
2023-10-06,230.32723999023438,230.62714830937725,226.328503078918,228.22791226417573,4432919
2023-10-09,220.93020629882812,230.42720611710357,219.8305475867029,230.42720611710357,6367828
2023-10-10,225.32879638671875,227.22820538261308,222.82958606630717,223.8292701944718,20957761
2023-10-11,220.93020629882812,228.82770530927962,220.43036420312944,226.82833692648478,8200071
2023-10-12,219.9304962158203,223.32941596484108,219.4306541789662,221.82988985427866,7691348
2023-10-13,215.33197021484375,219.94352001137278,214.53223505937032,219.23074774064324,9591418
2023-10-16,219.23072814941406,220.63027980039408,213.8324248085578,218.43097781143882,15976948
2023-10-17,222.12979125976562,222.7296077870339,218.03109583665903,219.2307136372276,7155333
2023-10-18,221.43003845214844,225.327809013934,221.0301708951319,223.72931503991725,4079015
2023-10-19,217.731201171875,223.02952998043614,216.93145083688992,220.43034520522687,5458287
2023-10-20,214.23231506347656,216.43161712900513,211.43319641009046,215.43193298522218,9169932
2023-10-23,217.03143310546875,218.0311172464355,212.43287995543395,214.43224823736745,4577557
2023-10-24,217.43130493164062,219.73058155182662,214.74614863904813,217.53127944928903,5504395
2023-10-25,215.0320587158203,217.43129448440544,213.39457565130039,216.93145242811946,11394777
2023-10-26,214.33226013183594,217.2313531092027,213.23261679887764,213.4325505636002,4128917
2023-10-27,214.43226623535156,217.5312934340475,213.13267369222197,215.93179257266172,5211293
2023-10-30,214.43226623535156,216.93147679753514,212.23296399142416,216.03176709673735,17825624
2023-10-31,216.7315216064453,219.63059947077733,211.8330602357857,215.9317712547081,8712329
2023-11-01,223.9292449951172,225.13586447154478,217.13138986411442,218.93082434790475,8077668
2023-11-02,222.82958984375,229.1276030087459,222.79461249168793,226.42845886773895,13410392
2023-11-03,222.42971801757812,227.52811316136646,222.02985046879712,223.62933591789033,40462949
2023-11-06,218.9308319091797,223.3924197703058,217.33133114524162,222.4297264830707,6815516
2023-11-07,225.1288604736328,225.52874327348218,216.93145375133471,220.9301902260137,27190356
2023-11-08,244.0229034423828,250.7207840957402,238.1247578938083,239.92419238750847,39908396
2023-11-09,244.0229034423828,247.22188962342238,241.62365236612612,245.32248061463966,13584609
2023-11-10,246.32215881347656,246.32215881347656,239.52431906282692,244.12285682038583,7877068
2023-11-13,250.9207305908203,251.820440256291,244.322808864135,247.52181046129766,9162926
2023-11-14,253.419921875,253.81978941739663,248.7214096089792,250.3208950325347,9404943
2023-11-15,255.01942443847656,258.7182373679218,251.1206472284163,254.8194754118306,10217212
2023-11-16,255.12939453125,260.4279313093793,252.9300062236966,257.76866355122763,5966108
2023-11-17,255.2293701171875,258.1285769373475,250.63063668083305,255.52929016817887,11313315
2023-11-20,252.43014526367188,257.82864523877083,250.83058180571857,255.72923536159576,12498002
2023-11-21,252.23020935058594,255.53929126519358,250.63064585645006,254.0297144678468,7426584
2023-11-22,250.93057250976562,254.12968432750233,249.1310673452361,252.4301576044455,13576139
2023-11-23,248.73114013671875,252.23017140601266,246.73169369712224,252.23017140601266,8324823
2023-11-24,248.73114013671875,252.53009142286527,247.23155530702138,249.4309433396644,4408796
2023-11-27,249.5309600830078,249.73090170675863,246.53178996304172,248.23131664677555,4121349
2023-11-28,252.0302734375,252.0302734375,246.33183789464127,247.73145979736225,7963499
2023-11-29,253.5298614501953,254.229664782341,247.9314042838929,251.73035627141465,6057092
2023-11-30,251.430419921875,254.9294516106486,251.430419921875,253.62980821819062,11375083
2023-12-01,254.32962036132812,254.9294604878326,249.07108090330206,252.73007211492964,4124456
2023-12-04,253.8297576904297,257.52874636525917,250.8305875786661,254.92945949990354,4745722
2023-12-05,251.83029174804688,255.52928014084105,251.4304085321287,254.02969519929752,5068647
2023-12-06,257.7286682128906,258.2285298894161,250.23075831957595,253.32989156129338,6708998
2023-12-07,256.92889404296875,259.5281807849191,256.1291275881231,257.42875570453094,4371919
2023-12-08,260.1280212402344,263.32711757317423,255.32933097712257,258.0285961569439,6733389
2023-12-11,264.9266662597656,266.72816954291653,257.29477614014286,261.52761324731597,13368721
2023-12-12,262.9272766113281,267.52601074514126,262.6273717694197,265.92644706697064,4891371
2023-12-13,264.5268249511719,266.826176630183,264.0269632375488,264.4268465066197,7856330
2023-12-14,265.22662353515625,268.6257077295461,262.92727176519986,266.92616563235117,9159860
2023-12-15,261.4276428222656,268.7256107050463,260.92778117250987,265.32655758853383,10868714
2023-12-18,261.52764892578125,263.02723403371675,253.9297449437472,259.9280853754893,3976262
2023-12-19,264.4268493652344,264.9267110842613,259.9280938939922,262.32742404349375,4100845
2023-12-20,271.32489013671875,272.6245486968416,266.1263474236266,268.6256556056324,36999742
2023-12-21,270.3251647949219,273.0244298144819,268.3257182646205,270.4251432232635,3069904
2023-12-22,271.92474365234375,272.2246484453653,268.92557368558994,270.42515866896684,1906410
2023-12-27,272.5245666503906,274.52401316945566,270.6630824292872,274.2240778861163,3346049
2023-12-28,272.3246765136719,274.224145070322,271.3249530092097,273.6243353749568,3112704
2023-12-29,272.3246765136719,280.9223047538747,271.3249530092097,273.0244951704515,2228585
2024-01-02,275.92364501953125,280.92726527535075,275.32380490679213,276.1236018934895,6353464
2024-01-03,282.4218444824219,282.4218444824219,275.2238242070034,275.2238242070034,20748266
2024-01-04,283.9214782714844,285.92092530156526,278.3230204854298,283.9214782714844,4929475
2024-01-05,284.1213684082031,284.6212300482534,279.62261364775105,281.3221249184419,3705115
2024-01-08,290.4195861816406,290.6195430229394,280.622311140611,283.32154544336134,6413350
2024-01-09,286.2208251953125,293.11894173693423,283.34463704525365,290.9195378382809,25638275
2024-01-10,277.6231994628906,288.22024306043494,276.3235407417189,286.4207531500579,13660464
2024-01-11,263.22711181640625,271.02497124363396,260.62785584979514,269.9252695989969,25682295
2024-01-12,261.927490234375,267.42596808280655,259.4281821214516,263.82695829837036,20379235
2024-01-15,259.9280700683594,264.91869340698736,258.0286018119946,260.9227899165824,7371868
2024-01-16,259.5281677246094,262.7272638921376,257.70866404589407,258.3284875935781,15952673
2024-01-17,253.4298553466797,257.4287485276924,251.6303503643106,255.5292803685381,11963396
2024-01-18,253.9297332763672,254.92945663572294,249.43097815926617,253.62981321764687,11596010
2024-01-19,250.43069458007812,255.1293911879525,248.5312263517568,254.62952952212402,13395249
2024-01-22,251.13050842285156,252.73007192260087,248.63119998859833,249.3310032992756,8127204
2024-01-23,249.23101806640625,253.9297144562182,248.33125795693158,252.1302094918356,6538329
2024-01-24,255.72923278808594,255.72923278808594,248.73116942545806,251.0305361526636,6824512
2024-01-25,260.3279724121094,262.8272809615903,252.83004676366647,254.32963189335507,7895499
2024-01-26,255.82920837402344,262.0275055708405,253.92974004246224,260.5279204918496,6974232
2024-01-29,255.2293701171875,256.5290135017718,254.0366917596899,256.3290566313992,5156156
2024-01-30,254.62953186035156,258.41048321670405,252.13022350825827,257.9286219360282,16340336
2024-01-31,247.23158264160156,253.5148474338238,246.7317209764364,253.0299810084309,7507933
2024-02-01,241.63311767578125,246.93165419732549,241.63311767578125,244.93220760463458,6715711
2024-02-02,240.8333740234375,245.03222473488088,240.8333740234375,242.43293765204157,7416215
2024-02-05,240.8333740234375,251.4304487401586,240.1335706563867,241.43321419780636,9012470
2024-02-06,244.93222045898438,245.43208213339048,240.33348695262129,240.73338544488678,7593461
2024-02-07,240.93331909179688,245.52904729626076,240.9293223951916,244.832233921331,16825840
2024-02-08,236.9344024658203,242.4328801601748,235.6347592326052,240.0335505408282,14125860
2024-02-09,237.73422241210938,238.43402572601002,235.33487715143377,237.33432390804603,11828879
2024-02-12,239.23379516601562,240.63340172177809,238.4340134536225,239.23379516601562,5101011
2024-02-13,234.2351837158203,238.3340402938783,232.13575858114515,237.73421543723376,12017964
2024-02-14,234.83502197265625,237.83419219072118,234.63508034236563,234.63508034236563,5984007
2024-02-15,231.6359100341797,237.83419209818862,231.6359100341797,237.03442557733734,10717005
2024-02-16,236.9344024658203,237.5342424979398,233.7352912218363,233.93523281435424,11338307
2024-02-19,238.4340057373047,239.13380899253855,234.93497420656857,236.13463910905045,5381420
2024-02-20,241.8330535888672,244.982191050932,238.03411735587454,238.5339789922753,11064368
2024-02-21,242.83279418945312,244.58231004169576,238.9338792491394,241.23324599157183,6099800
2024-02-22,239.13381958007812,244.83223956008706,239.03385639894282,244.3323778907079,5944001
2024-02-23,240.93331909179688,241.63312236189694,237.0344042622627,239.43373411819647,10539076
2024-02-26,238.83389282226562,244.3323710310664,237.68421711679775,240.93331787654367,22261886
2024-02-27,239.73367309570312,242.43292321043137,239.33577293354963,240.13355635174864,12934469
2024-02-28,240.63340759277344,244.23241775906783,237.7262225825075,241.63313094401437,29947544
2024-02-29,236.7344970703125,244.1324439065915,236.23463538530532,241.23325223537708,16401382
2024-03-01,234.33514404296875,239.03385592956022,233.43539914168008,238.13409577370402,28921370
2024-03-04,230.13632202148438,234.93499735887724,229.5364971384155,233.93527396586074,6317015
2024-03-05,238.9338836669922,241.93305375486236,231.33598000922717,231.33598000922717,11474678
2024-03-06,240.73338317871094,244.6322981005484,238.6339580641415,239.3337613508088,10802424
2024-03-07,244.23240661621094,245.73098477323052,236.1346417387848,239.5337101306655,36676512
2024-03-08,242.73281860351562,244.43234515078768,239.13380864670796,243.7325418965659,6254868
2024-03-11,246.23187255859375,250.43070772096576,245.73201086653594,246.53179262474208,19852191
2024-03-12,250.73062133789062,252.83003123779207,246.93166952505317,248.03137132112144,13485832
2024-03-13,247.03164672851562,252.7300667920178,244.6323015275999,251.23048176190838,20627713
2024-03-14,244.5323486328125,249.43098716876858,244.23242856325902,247.3315619364626,7474860
2024-03-15,245.8319549560547,250.03080504682953,243.13270507953305,244.33236999636856,49191981
2024-03-18,243.83253479003906,248.33129015704768,242.63286974308383,245.73201843107282,10999676
2024-03-19,243.13270568847656,244.23140062873273,241.5161487045708,242.23296081223822,10094343
2024-03-20,240.73338317871094,244.13243643084783,239.63368140354265,243.13271309144667,22754445
2024-03-21,249.6309051513672,251.03052692518543,242.93276208712126,243.6325653467469,12041774
2024-03-22,250.43069458007812,252.9300029092206,247.93138625093562,250.5306730150708,8572526
2024-03-25,254.02969360351562,254.02969360351562,248.33125865779363,249.93082202055186,8903628
2024-03-26,263.82696533203125,264.82668860385337,253.92971104281887,254.3295942497211,12632679
2024-03-27,265.826416015625,268.12579788210604,261.0277564397983,263.2271293665799,8797510
2024-03-28,265.0266418457031,267.42597156351184,263.9269401598771,266.32626987768583,8895302
2024-04-02,261.927490234375,268.62564818066267,261.927490234375,263.92693672471376,9402656
2024-04-03,266.626220703125,267.5259655861107,261.6276041208327,261.727552045171,18683486
2024-04-04,265.826416015625,268.12579788210604,265.826416015625,266.6262129510185,5224657
2024-04-05,261.1277770996094,262.92726710427223,257.92864985894386,262.5273838264736,13374767
2024-04-08,256.42901611328125,261.02774920973195,253.32986790638193,260.72781392634204,8701286
2024-04-09,254.72950744628906,257.12885259019475,252.63008235219252,255.5292891609243,8261750
2024-04-10,255.62928771972656,259.42823994908565,253.00801876639062,255.82922936241502,16740281
2024-04-11,258.62841796875,264.0269174375904,254.12964807196136,262.5273325568496,10932438
2024-04-12,255.32933044433594,261.60258819069685,254.82946878312575,260.02804226336553,5136660
2024-04-15,254.12966918945312,256.8289191481737,252.33016413211686,255.6292541948054,5398367
2024-04-16,246.93165588378906,252.23019244152061,245.4320709290292,251.730330789934,7050851
2024-04-17,248.03135681152344,249.740875111826,243.73254357096192,245.33209169809084,5977797
2024-04-18,250.13076782226562,250.23074625457733,247.53149638239887,249.83084777989757,18999912
2024-04-19,245.7319793701172,250.33069719487267,243.03272962989192,246.7317026260944,5725826
2024-04-22,256.5290222167969,257.92862882954864,251.33044850184925,252.13023024680797,8137255
2024-04-23,262.8272705078125,264.7267388280404,258.7283985478661,258.82837698769623,6123142
2024-04-24,257.7286682128906,262.7272849781456,255.72923676135642,262.02749693649116,17890716
2024-04-25,260.6278991699219,261.0277824228568,253.9297402740003,255.92918704781133,24254484
2024-04-26,261.4276428222656,262.827249339755,259.02831300526475,262.12746133557727,10873364
2024-04-29,259.6281433105469,265.82640922864346,253.62978848477772,262.02747303720145,7546149
2024-04-30,255.72923278808594,263.02721620288276,255.72923278808594,260.72783422110973,8362056
2024-05-01,254.42959594726562,254.62953756900214,254.62953756900214,255.6292609322527,2443720
2024-05-02,254.529541015625,257.22877543704004,252.73003614678237,255.22934422723995,5474688
2024-05-03,258.228515625,259.12829100035117,252.92999435017168,254.52955772852127,5762332
2024-05-07,261.02777099609375,265.42654760408965,261.02777099609375,261.82753746695295,4314982
2024-05-08,266.0263977050781,267.22604745643173,262.22743055295086,263.6270676932346,6864228
2024-05-09,270.5251770019531,271.1250171855994,264.42685773497095,267.0261448580121,15642885
2024-05-10,272.5245666503906,276.1235764865342,268.82557838646727,271.32488653529856,7389873
2024-05-13,274.5240478515625,275.92365448990137,270.32519742740936,272.32464419907535,11781697
2024-05-14,273.82421875,277.3232504658868,273.5243139494353,274.42405886026484,4696972
2024-05-15,275.72369384765625,276.723417219851,273.2243854171694,275.02390579260157,4886267
2024-05-16,278.3229675292969,279.3226908541213,274.0241694362056,277.22326577016304,3983572
2024-05-17,276.6234436035156,279.8225397919986,275.0238802547075,277.92307166303476,6617133
2024-05-20,276.7234191894531,281.4221312758664,276.123609569176,277.52321619838324,6658943
2024-05-21,273.7242431640625,278.4229551494124,271.92475332366314,276.62346530901306,7694172
2024-05-22,287.9203186035156,299.9320090396407,280.92225530412463,292.91893524593775,27161202
2024-05-23,292.5190734863281,295.21830836587037,286.1208498162457,290.01976498167585,15597655
2024-05-24,299.11724853515625,299.2171964661932,287.32049430483573,288.9200578202005,12904379
2024-05-28,301.9164733886719,304.8156652101131,297.3177395464871,302.71623992247027,14250085
2024-05-29,302.71624755859375,305.51549151577524,299.81705566401945,302.41634272813855,21523039
2024-05-30,303.83599853515625,305.93556241869135,298.3371567269772,300.13679598907225,31232620
2024-05-31,301.9364013671875,305.73558891502927,300.7366418725262,302.9361907756881,13107580
2024-06-03,306.0355529785156,309.93472568326825,304.2359136839859,304.9357784948284,28314823
2024-06-04,311.53436279296875,313.53394146235735,304.8357620460574,305.6356118205023,22154068
2024-06-05,309.034912109375,313.9338741062551,307.93513765836485,313.6339494883211,7753829
2024-06-06,310.0346984863281,311.93429224069183,304.3358867120858,310.0346984863281,11551459
2024-06-07,309.2348327636719,312.33418584101076,307.23525407005314,310.43459218430286,11182569
2024-06-10,309.5347900390625,311.13445910737425,305.8355572255384,307.23525621863007,5561812
2024-06-11,296.53753662109375,313.43397106427426,295.7376868092952,311.23442222076653,32602606
2024-06-12,302.236328125,304.1359524235209,294.73790750815925,301.4365087969976,27178892
2024-06-13,296.83746337890625,303.28410340401126,294.9378696427593,301.63647075097043,13616671
2024-06-14,295.3377685546875,297.9372269727874,291.53858122056823,297.23736222174716,4887017
2024-06-17,295.837646484375,298.4371047553277,294.63791763626847,297.5373004914608,14795417
2024-06-18,300.83660888671875,301.7364131982145,296.93743652947074,297.1374066036474,10523023
2024-06-19,302.5362548828125,303.7359837622987,299.03699225646733,301.4364805265886,4007598
2024-06-20,303.236083984375,304.63581342021206,297.7282420184698,303.13612946279943,3683533
2024-06-21,297.937255859375,305.1357520980223,296.9374664101825,302.3363233335916,15386264
2024-06-24,295.9376525878906,305.1357269673797,295.9376525878906,298.7370506106133,6079453
2024-06-25,287.639404296875,298.63708699766255,287.639404296875,296.63750832479207,7677474
2024-06-26,291.8385314941406,292.03850158664295,287.4394640594611,289.0391332660225,9485690
2024-06-27,293.83807373046875,294.6379234895776,290.03888653593447,292.33838975718174,6791504
2024-06-28,286.43963623046875,294.93784533329244,285.9397415773615,294.63792074588736,5170216
2024-07-01,288.3392639160156,290.63879789899653,286.33968506706805,288.3392639160156,4272378
2024-07-02,285.03997802734375,290.1389103197464,282.99039135009275,287.43946660284126,4823420
2024-07-03,288.7391662597656,290.1388958274466,285.73979806242255,287.0395425879619,33609957
2024-07-04,288.2392578125,291.83850557987404,286.9395438601022,289.0391076003329,4343927
2024-07-05,295.437744140625,295.437744140625,286.4396402581694,290.9386921993972,56316044
2024-07-08,297.0374450683594,299.4369335925804,286.4396710326353,294.73791107798564,4108380
2024-07-09,290.23883056640625,298.7370398793665,289.03910167597184,296.93743128814043,5972076
2024-07-10,296.83746337890625,297.1374185021826,288.4392386167324,292.2384260890263,4235199
2024-07-11,303.4360656738281,303.4360656738281,295.0378412928285,298.0372093225533,4769404
2024-07-12,309.5347900390625,309.5347900390625,302.23630944962434,303.9359635555462,7461893
2024-07-15,299.8367919921875,311.434353472527,299.0369727912593,307.73512101815385,5094890
2024-07-16,309.2348327636719,309.2348327636719,297.637300749603,300.23672864238773,5854498
2024-07-17,308.1351013183594,310.8345143569237,303.5360640353248,309.23484523528333,6000617
2024-07-18,310.4346008300781,311.1344655967961,305.93554864413494,309.7347360633602,6246202
2024-07-19,319.7326354980469,322.2321089791484,306.2354787000986,309.63478704331743,16518043
2024-07-22,319.9325866699219,323.9317440032959,318.2329325987783,320.43248133659364,7565384
2024-07-23,325.53143310546875,325.53143310546875,315.73347872804186,319.3327266521752,29116056
2024-07-24,325.63140869140625,327.13109274031757,322.6320405935836,323.7317844871985,5648186
2024-07-25,323.2319030761719,341.08815775085424,274.66214710938925,321.83220400861285,7649513
2024-07-26,325.63140869140625,326.8311376238453,321.5322661888186,321.5322661888186,4376721
2024-07-29,325.3314208984375,333.82962965536944,322.9319327634155,327.9308790910226,3210162
2024-07-30,331.23016357421875,331.33014860061905,323.4318196933356,325.131473608702,10666399
2024-07-31,328.2308349609375,333.9296465222137,326.2312562392476,332.9298571613687,8418129
2024-08-01,331.1302490234375,339.32850348823183,330.93027894650226,330.93027894650226,4762429
2024-08-02,317.033203125,327.13108147551105,314.2337746900742,327.13108147551105,8310149
2024-08-05,310.7345275878906,313.2340010418188,299.4369197805955,309.9347082870938,36608489
2024-08-06,313.0340576171875,315.5335310403347,307.7351556534253,312.23420781509026,10712574
2024-08-07,320.4324645996094,320.4324645996094,314.1338043329996,314.9336235534382,4880954
2024-08-08,316.7332763671875,341.0881625284578,274.66215095656725,317.83305083251383,6701518
2024-08-09,318.73284912109375,320.8324129673129,315.5845254753296,316.133421085076,9311058
2024-08-12,323.1319274902344,324.13171683208395,320.332499026366,321.63224347746007,11757433
2024-08-13,317.43310546875,323.8317509413235,314.13381295495145,314.9336321973425,8580603
2024-08-14,326.9311218261719,326.9311218261719,316.99922380980604,319.93259628249234,11149620
2024-08-15,331.0302734375,331.43018309163983,324.33167231384215,327.4310255279398,12077672
2024-08-16,329.0306701660156,332.1300231494296,328.03088084950457,330.9302637651569,4426372
2024-08-19,330.9302978515625,332.887893345781,328.13089968144806,328.8307339684008,6732650
2024-08-20,324.5316162109375,332.14500204496034,324.5316162109375,330.9302616943385,3617190
2024-08-21,328.1308898925781,328.3308294638207,322.8149931096622,323.5318525978881,4606092
2024-08-22,332.5299377441406,341.0881319805029,274.66212635774525,328.3308103475703,4614324
2024-08-23,336.72906494140625,337.4289297408851,331.9300879228855,332.5299676779885,3464436
2024-08-27,337.9288330078125,337.9288330078125,332.62996114439954,335.9292541142751,3487257
2024-08-28,338.6286926269531,341.22812073972756,337.9288278204972,339.6284820583747,7095685
2024-08-29,340.3282775878906,342.0279316321656,337.328909635275,338.82859361158285,6007033
2024-08-30,342.1279296875,343.4276436453076,339.8283958629522,339.8283958629522,4704530
2024-09-02,339.8283996582031,344.0385112170783,337.42891128021824,342.7277827195661,3553048
2024-09-03,341.8279724121094,344.1275062221129,340.02836378788885,340.5282584625223,13660662
2024-09-04,344.6274108886719,346.0271099159976,338.9285992281629,339.0285842682184,7982666
2024-09-05,345.8271484375,349.32641134842527,341.02817150697723,342.5278556116595,4070403
2024-09-06,347.6268005371094,349.72633395245714,344.2274920317509,345.62722165685256,4625597
2024-09-09,352.7256774902344,352.7256774902344,346.3270316252137,349.4263847740808,8467568
2024-09-10,356.5249328613281,356.5249328613281,350.6261810614874,352.3258048621719,9387335
2024-09-11,351.6259460449219,357.3247273483836,349.22642706330504,354.4253441752731,5643955
2024-09-12,351.72589111328125,355.9250187069811,348.7645398715877,355.3251389777168,10733986
2024-09-13,351.12603759765625,352.0258419249646,344.02752699573466,351.62593228073314,6426649
2024-09-16,361.3238830566406,362.42365749886744,349.65635784492173,349.9262899989065,7043949
2024-09-17,370.22198486328125,370.22198486328125,364.17327148777935,364.7231434269524,17463756
2024-09-18,367.32257080078125,373.3213064061652,365.0230676898429,370.22195357448743,12034560
2024-09-19,369.1222229003906,376.0207629893905,367.4225688807009,373.92119935069974,7961147
2024-09-20,369.42218017578125,371.92165365464314,367.52258643407646,368.12246617123344,15713554
2024-09-23,375.9207763671875,377.22049025123187,371.1157892410088,373.52128815217975,7922930
2024-09-24,375.3209533691406,377.3205322688283,373.72128414715996,375.92083314127746,4039438
2024-09-25,376.3207092285156,377.9203783077095,373.92122086529986,374.2211454690206,7010076
2024-09-26,373.9212341308594,379.91997050729026,373.52132447466084,379.2201057255796,7022132
2024-09-27,375.9207763671875,377.5174247439198,368.02244700851077,371.6216945865964,6068334
2024-09-30,372.5215148925781,377.9203712365852,372.5215148925781,372.72145445426764,6812746
2024-10-01,377.02056884765625,379.79598505122414,373.22135102244994,373.82123073286664,6071090
2024-10-02,368.3223876953125,378.02035652256313,366.6227641196573,377.1205522164928,6777734
2024-10-03,370.22198486328125,375.120977097294,368.5223612714694,368.72230083519156,32292481
2024-10-04,369.62213134765625,373.42131863668897,368.3223868984561,370.7218752131688,5022866
2024-10-07,367.7225341796875,373.2213759554156,367.11066354663944,373.02143637935285,3994895
2024-10-08,371.8216552734375,371.8216552734375,367.72251281293853,368.2224074907762,5607528
2024-10-09,382.8193664550781,382.8193664550781,373.72127654435593,374.5211263946508,6332104
2024-10-10,379.82000732421875,383.61922555462854,377.2205486426021,382.7193906374573,5366313
2024-10-11,380.01995849609375,380.7197927720805,375.0730024786816,380.619838240619,4730127
2024-10-14,382.5194091796875,382.5194091796875,374.038194464513,379.32007107390035,9713860
2024-10-15,386.6185607910156,387.61835015896634,382.71935784708757,385.51878638403974,6682443
2024-10-16,393.317138671875,394.57688306283364,386.894510934005,387.91828208528926,6419639
2024-10-17,390.7176818847656,394.31692979539196,388.7181031023233,393.91702014113366,10637009
2024-10-18,385.8187255859375,390.9176576576149,385.41881592585815,389.7178981662256,4890011
2024-10-21,383.019287109375,389.7178571157842,383.019287109375,386.0186550107622,7905996
2024-10-22,380.21990966796875,384.3190524509169,377.9204061734904,382.61942871926186,18032234
2024-10-23,379.52001953125,385.81867983628206,377.9203505694672,380.21985372561596,8865637
2024-10-24,378.1203308105469,382.6193827241571,377.220496018906,380.01992440517483,2455239
2024-10-25,378.2203063964844,379.4200658447222,375.5208934046745,376.8206073809737,7082752
2024-10-28,382.9193115234375,386.618544230865,378.7201841534468,382.8193264886951,25091598
2024-10-29,376.3207092285156,385.51878355051775,373.02141654298765,384.9189038319263,11364634
2024-10-30,378.72021484375,386.21863538984707,377.2205307345306,377.2205307345306,12433942
2024-10-31,375.7208557128906,376.8546196118642,370.4219839366118,375.32094604298976,11259156
2024-11-01,380.71978759765625,382.4194417655189,375.3209309926085,375.3209309926085,5535737
2024-11-04,382.1195068359375,385.3188144916251,380.9197473955859,380.9197473955859,7223001
2024-11-05,383.4192199707031,385.67573308644785,380.119927283629,380.9197465680258,19564360
2024-11-06,398.11614990234375,415.21154781723783,391.01763908475704,391.1176241266401,54073322
2024-11-07,393.1171875,407.0142534644231,390.617714106717,400.1157130011922,7527218
2024-11-08,374.4211120605469,394.0169894481886,373.9212173848986,393.917004410829,13237848
2024-11-11,367.822509765625,380.41986215743106,367.822509765625,376.12077999322656,10685274
2024-11-12,365.1230773925781,366.8227009556033,358.02456701095167,366.8227009556033,7281292
2024-11-13,364.1233215332031,372.1216369495401,364.1233215332031,366.22285492107005,6899980
2024-11-14,367.4225769042969,372.12159893583174,365.4229982544776,368.52235126392725,7224717
2024-11-15,368.1224670410156,371.0218501811157,364.62320416234115,364.7231586928111,9368203
2024-11-18,367.4225769042969,371.9216288663903,364.6231789990094,369.0222459263821,11555777
2024-11-19,371.9216613769531,371.9216613769531,364.1233161654453,368.222428346969,3754510
2024-11-20,362.92352294921875,374.0211904970031,360.62401971901375,373.1213862117554,9618811
2024-11-21,371.8216552734375,372.42153498907265,362.31367924854663,365.12308489710244,22099675
2024-11-22,378.9201965332031,385.71875249873113,373.2123837492805,377.8204220505333,9728681
2024-11-25,379.1201477050781,383.9191245575877,373.82124564798346,380.8197713560645,130297523
2024-11-26,375.82080078125,380.4198377737804,364.72313318286007,377.42046980184523,5922241
2024-11-27,384.21905517578125,384.9189199619908,376.02080038198284,376.52069508323217,18394787
2024-11-28,383.62921142578125,387.628473341038,382.8293407355617,384.92895934346086,9931429
2024-11-29,382.6293640136719,385.52882255786204,381.0296532786877,382.7293211436535,3910765
2024-12-02,386.42864990234375,387.8283853519944,380.62973282010057,384.6289943973564,10415200
2024-12-03,400.1261291503906,400.1261291503906,384.22904012455535,387.4284615602824,12324954
2024-12-04,397.7265625,402.7256396079032,396.02689459048,399.026340855222,7918866
2024-12-05,397.2266540527344,399.025333221219,392.49153579187004,397.6266046301813,10381666
2024-12-06,391.627685546875,397.52659002073955,389.02815952952733,395.42697167934557,6001331
2024-12-09,390.6278991699219,396.6267917263356,389.328120808865,393.8272902261753,9420130
2024-12-10,390.6278991699219,393.4273701581368,388.72822545083454,389.6280837438529,6051052
2024-12-11,386.22869873046875,390.42793585351814,381.229621446813,388.32831729199347,6770299
2024-12-12,390.1279602050781,391.2277326760987,382.2293945623039,386.12869882116934,5070064
2024-12-13,397.6266174316406,397.92654986243684,389.62809381631524,389.62809381631524,5121413
2024-12-16,397.526611328125,398.32645144774494,391.1277988353311,396.026888219879,6079430
2024-12-17,388.8282165527344,399.13631124619457,385.52883782215156,397.42663539576137,14025394
2024-12-18,391.4277648925781,393.62737117849036,388.2283431152417,388.9282261640176,7957222
2024-12-19,378.13018798828125,388.62824945239225,377.3303173790874,388.62824945239225,9446047
2024-12-20,379.3299865722656,381.22962987968606,375.6306876076989,377.0304231756957,18045981
2024-12-23,378.6300964355469,380.80169251075523,375.1307426071664,377.6302810560096,2981987
2024-12-24,381.7295227050781,383.93611611297,379.52994704471894,380.3297871917685,4488409
2024-12-27,378.23016357421875,382.329412924543,377.9302311510992,380.92967743007614,5321994
2024-12-30,377.330322265625,379.32995304658954,375.4306791260975,377.6302851899362,2207043
2024-12-31,375.4306640625,377.5302824006576,367.5321288969958,372.6311932862519,1436960
2025-01-02,389.2281188964844,391.7276573700347,377.4303095061044,378.0302048421453,3121753
2025-01-03,390.42791748046875,394.92708682403367,388.3282990177495,388.3282990177495,5929365
2025-01-06,382.7293395996094,391.000823016403,378.5301330437194,390.2279554264979,6319093
2025-01-07,380.7297058105469,387.105543003236,376.7904305518906,384.7289675544053,7514052
2025-01-08,376.7304382324219,386.3336763304411,372.63121941800637,381.6295582023344,8558757
2025-01-09,345.2362365722656,359.359635629677,343.73651351067986,348.4356579750928,12276085
2025-01-10,334.93817138671875,348.835599858286,334.93817138671875,345.73616590127347,13664546
2025-01-13,332.5386047363281,340.1372078008876,332.0386970414485,336.4378786540005,5934184
2025-01-14,327.5395202636719,337.4376862925307,327.5395202636719,335.9379632423417,8060985
2025-01-15,337.1377868652344,337.1377868652344,328.03946003505695,329.23922028539954,11176678
2025-01-16,335.93798828125,337.837631517356,330.8389234281633,337.1377790156042,9341377
2025-01-17,334.4382629394531,337.63768453558043,333.13851507899585,337.53769688971164,7704841
2025-01-20,338.1376037597656,338.1376037597656,330.727960580134,332.03872329757314,6622425
2025-01-21,341.73687744140625,342.8366804385018,336.3279032006763,337.9375912826508,8606199
2025-01-22,339.2373352050781,341.23696590009644,335.338061452181,340.73705822634184,7640941
2025-01-23,332.7385559082031,338.8374360054514,330.3390050290081,337.7376329531698,43646812
2025-01-24,321.440673828125,332.7385764421887,319.94095062208396,332.43864400575916,9446360
2025-01-27,319.24102783203125,325.2399199091401,319.1410707069671,321.54062143542205,9654180
2025-01-28,326.93963623046875,330.33900249255566,319.2410454355545,319.2410454355545,6424690
2025-01-29,330.0390930175781,332.23866874619745,326.8396713061996,326.8396713061996,7319487
2025-01-30,340.13720703125,340.3371518015829,329.4391701802546,329.8390902328646,9581002
2025-01-31,335.73797607421875,341.83685569805414,333.83833304697623,341.03701563772336,11687447
2025-02-03,335.13812255859375,336.23789505055805,328.63932268598097,330.9388858207435,8117767
2025-02-04,344.93634033203125,346.73599598985436,332.2386715411168,333.638437621587,37860279
2025-02-05,357.5339660644531,357.5339660644531,337.93757960620206,338.5374749031578,12574534
2025-02-06,353.2347717285156,361.4062672143609,353.2347717285156,360.3334672334701,6451833
2025-02-07,347.8357849121094,353.4347574694603,341.73690463556545,352.73487445781177,16226227
2025-02-10,351.33514404296875,352.03502706476985,348.1757235504045,348.4356853319785,6877912
2025-02-11,353.73468017578125,354.33457552471725,348.33568305924706,353.03482769531,15161315
2025-02-12,349.5354919433594,354.3345939606536,345.2362671455846,354.13464917523515,4011848
2025-02-13,355.43438720703125,355.43438720703125,346.835968362081,352.2349656096721,4491993
2025-02-14,355.73431396484375,358.4338278016004,354.4345661245951,356.53418460741193,10029863
2025-02-17,358.4338073730469,359.3336350966993,353.13577453999403,355.0344412437247,1552489
2025-02-18,346.93597412109375,359.9335754570425,346.93597412109375,359.6336430156072,3673594
2025-02-19,345.13629150390625,351.6350916645214,343.83651316461635,346.03611926991016,4498030
2025-02-20,343.5365905761719,349.1345562367765,342.736719918658,346.63602453615334,11405920
2025-02-21,346.0361328125,350.93522240753794,342.4367910956745,343.3366188968944,4689081
2025-02-24,349.33551025390625,350.6352886391024,344.5364083244253,346.4360515668471,2502888
2025-02-25,350.835205078125,353.9346388084977,346.935931261437,347.7357713477523,7679160
2025-02-26,352.8348693847656,355.9343034101081,351.33514619623986,352.1350168706214,3111669
2025-02-27,355.6343688964844,356.83412913311776,348.83560550777713,350.5353039829405,4305162
2025-02-28,354.7345275878906,358.23388184176423,353.2348043362305,353.33479198873073,9604360
2025-03-03,364.6326904296875,367.33217371617917,354.63453637910044,355.3343888554747,28521122
2025-03-04,375.9305725097656,376.6304554612366,361.03332986110235,362.93297292831096,33344953
2025-03-05,376.530517578125,381.72953979053665,375.03079435132304,376.530517578125,5976767
2025-03-06,364.0328063964844,377.7302595642664,357.9339261337163,376.83043177414066,9182962
2025-03-07,367.73211669921875,369.8317352831154,359.0337404401421,362.03318684229544,4916316
2025-03-10,362.3330993652344,371.131493301858,362.3330993652344,369.6317701832006,5422318
2025-03-11,355.5343933105469,362.43311406905815,352.23498389599126,360.33349544378586,4757375
2025-03-12,351.2351379394531,357.13407321109526,347.63582690773575,356.6341655109184,6240178
2025-03-13,352.73486328125,358.9337310076078,347.13592141324983,348.3356815941307,6392402
2025-03-14,334.3382568359375,353.7346690977937,334.3382568359375,353.0348166392399,15987075
2025-03-17,320.6408386230469,335.53808326475536,319.3410601838432,332.2386738531895,15712764
2025-03-18,332.138671875,332.138671875,320.8407400992203,321.74056781291597,8615914
2025-03-19,328.83929443359375,333.038531515998,326.9396511865808,332.1387037160388,5428592
2025-03-20,333.7384033203125,336.13798494155503,326.8396824391097,329.9391166065915,8208496
2025-03-21,333.83837890625,334.73820672571685,327.9394737431378,331.93873561805407,10593437
2025-03-24,333.4384460449219,333.8383661147006,327.7394858867522,333.03852597514316,2564006
2025-03-25,332.4386291503906,336.23791556447406,328.7392998693525,334.63823529240443,4416621
2025-03-26,336.6378479003906,341.23697420125984,333.53841414532474,334.0383218312404,8266504
2025-03-27,348.2356872558594,352.33493644693215,341.13702241427916,343.53657324185167,5966369
2025-03-28,354.5345458984375,356.63416433464397,347.3358628348567,349.13554885672414,5720229
2025-03-31,355.43438720703125,357.1340856516181,346.9359560079883,353.03483626498473,14793310
2025-04-01,356.4342041015625,361.73321372494206,347.8357852214077,357.5340071871542,3875400
2025-04-02,365.0326232910156,365.0326232910156,356.13427197631694,356.7341368308336,4972162
2025-04-03,370.9314880371094,376.8303923913757,361.33325475101134,362.33307008264774,8486935
2025-04-04,363.0329895019531,382.92931049857617,363.0329895019531,371.83135309975313,7814941
2025-04-07,358.2338562011719,370.53160429174187,345.23625561708775,356.4342006327692,8227413
2025-04-08,367.63214111328125,368.23200595405183,351.8200578491329,358.53381471427167,5176021
2025-04-09,365.7324523925781,371.93131992951425,360.53343074374044,363.9327969202774,4793640
2025-04-10,368.23199462890625,372.72017956808185,354.1346220893577,370.031680631703,7315244
2025-04-11,377.6302795410156,379.92984269994827,367.33216286592966,371.7313444158561,5385797
2025-04-14,393.2274169921875,394.32722012513034,376.7304615338861,379.1300431010149,5979047
2025-04-15,404.025390625,404.025390625,392.32753877925626,392.42752641703777,8717218
2025-04-16,402.9256286621094,405.8250873813581,398.4254522170645,405.62514259737844,8766734
2025-04-17,411.22406005859375,412.22387545432287,395.52697665281386,400.32607834753566,6830722
2025-04-22,409.4244079589844,417.7228636078318,403.4485215409835,411.2240634814987,6534064
2025-04-23,399.826171875,409.024485748675,392.8274640834478,407.1248425933569,8082939
2025-04-24,394.42718505859375,400.42607760701344,389.928015647279,399.6262374720023,10197694
2025-04-25,385.9287414550781,395.22701239934764,369.4067981985417,391.92763380930216,11557169
2025-04-28,383.62921142578125,384.82897169319006,373.33109368682693,382.3294329961546,22288315
2025-04-29,386.6286315917969,390.0279978863975,379.13001601020227,386.22868101788924,6572726
2025-04-30,388.9281921386719,396.0268876091445,384.688984589723,388.2283091511252,22161678
2025-05-01,380.6297607421875,392.82749114044736,376.9304313070742,390.9278478542865,3669490
2025-05-02,377.730224609375,384.6289748898071,371.1314677511331,383.62915954620166,6769009
2025-05-06,360.1335144042969,379.4299391580165,356.9340929628772,372.9311391460874,10020146
2025-05-07,363.53289794921875,369.4127939660284,359.83356863818835,360.6334392926535,20497907
2025-05-08,361.73321533203125,368.7319234380502,360.5334551067384,365.63251997208425,5597882
2025-05-09,357.93389892578125,365.44850238506274,357.93389892578125,362.1331356430957,4167587
2025-05-12,346.0361328125,359.833573796394,342.7367235254324,357.93393054671964,9362595
2025-05-13,345.33624267578125,351.935030601957,343.7365318888378,346.3360581036277,10869079
2025-05-14,355.13446044921875,359.9335624099057,347.1359368401097,348.03576464374527,8758147
2025-05-15,356.9341125488281,357.8339403436209,352.1350106353029,356.03428475403535,5194919
2025-05-16,354.83447265625,358.6337894116633,351.6350817438401,357.0340786994864,9848803
2025-05-19,361.0333557128906,362.23311591453705,351.6350968295729,355.8343033032534,27747715
2025-05-20,367.53216552734375,370.5316118773842,362.23312533510466,363.43291607989926,9476596
2025-05-21,374.630859375,385.8287740497019,352.8218662820057,358.9337446867082,20507840
2025-05-22,383.9291076660156,389.22811699933663,372.4312307437261,384.6289906399761,12664541
2025-05-23,375.1307373046875,385.3288357246511,370.7315252873512,382.72930967220975,9584022
2025-05-27,383.62921142578125,384.12911916518834,375.5966667743792,377.93025099176157,15126878
2025-05-28,381.0296630859375,387.9283833891808,381.0296630859375,384.9289371258624,7188376
2025-05-29,373.5565490722656,379.95579852354064,369.6570088218034,378.3559785322148,6214984
2025-05-30,374.3564147949219,378.65593259548547,372.65663097853474,375.35629839774697,17880172
2025-06-02,380.2557678222656,380.2557678222656,369.95697767634675,373.3565762332694,6548643
2025-06-03,374.5564270019531,381.35562371816314,373.2565599290706,381.0556708242822,6548044
2025-06-04,366.6573486328125,374.3564344708084,366.05741233678003,373.0565979244277,6733641
2025-06-05,363.0577697753906,367.15729896015057,357.85836244144707,366.1574152816251,6346159
2025-06-06,366.6573486328125,368.4571270068823,362.1578721836104,362.1578721836104,3857599
2025-06-09,359.75811767578125,368.0571701087542,359.058217443572,367.6572227597736,5380684
2025-06-10,373.3565368652344,374.85636229226185,364.26961236487534,364.9575205766858,7855412
2025-06-11,367.35723876953125,372.1566984916305,364.45758235156967,370.95682593259903,7928006
2025-06-12,370.7568359375,373.8564812777477,365.6104622602885,367.65722111127894,6702239
2025-06-13,374.2564392089844,374.2564392089844,365.0575279074242,367.6572315087014,5225273
2025-06-16,374.5564270019531,375.75626909150486,370.55689234205835,372.1567123088218,4454734
2025-06-17,371.3567810058594,374.5564208871508,368.857071884234,372.256670186839,61387761
2025-06-18,366.45733642578125,374.2564162368725,366.45733642578125,372.0566906431413,8781674
2025-06-19,366.15740966796875,367.6572351627627,364.0576478724517,365.0575315356476,4404179
2025-06-20,361.85791015625,366.0574339625471,359.95813720160294,364.95755577384745,11814398
2025-06-23,353.9588317871094,361.25797063247484,352.9589480814961,359.9581340207892,4161580
2025-06-24,355.2586364746094,361.1579742188259,352.1590216769684,355.0586780598728,5746384
2025-06-25,352.6589660644531,357.65838417983224,351.25910458092574,354.25875545015316,7036801
2025-06-26,355.9585876464844,356.065569829044,349.70531735152497,354.15880924039993,7871712
2025-06-27,357.0584716796875,358.0583553693455,351.2591279712538,354.45876798377094,4231319
2025-06-30,354.3587646484375,359.0582300778941,346.55968426979445,357.65839905019254,6353488
2025-07-01,356.258544921875,360.858015977772,351.8590628086803,356.4585338645773,6727893
2025-07-02,338.2606201171875,357.05845068593055,337.2567391488055,357.05845068593055,12842824
2025-07-03,345.15985107421875,400.0534578158123,338.26062942025794,338.26062942025794,28873972
2025-07-04,343.7599792480469,346.459677250414,342.5761265523641,345.7597465049035,3347164
2025-07-07,339.1605224609375,345.0598294787292,339.1605224609375,344.75984609638544,4187991
2025-07-08,335.86090087890625,339.5604824677628,333.8381565828396,335.4609535348741,9291704
2025-07-09,329.8616027832031,335.7609100857553,329.8616027832031,335.26096827174194,8815303
2025-07-10,331.3614196777344,334.56105941049543,329.95957481169864,331.6614030668203,6676191
2025-07-11,327.7618408203125,334.81103870112867,326.2070291032417,331.5614169124336,25383251
2025-07-14,331.1614990234375,333.97715057470975,326.66202230036924,326.9619752096287,5457686
2025-07-15,330.4615478515625,333.0952440830632,327.0619495286636,330.4615478515625,27587683
2025-07-16,330.4615478515625,333.56119328368675,327.20191737301593,328.96172236963406,4769423
2025-07-17,335.56097412109375,337.0817933152856,329.70963447705213,330.961503021613,5344284
2025-07-18,341.960205078125,344.1599612930103,335.96090323464915,337.0607813420918,5791329
2025-07-21,352.3589782714844,352.3589782714844,341.64724297135285,343.85996758141215,7868305
2025-07-22,350.2592468261719,352.8589505409749,347.5335812003308,350.55923024366575,5729138
2025-07-23,351.4591064453125,353.1589208727075,348.65944440327956,352.2590011675997,12351185
2025-07-24,354.3587646484375,356.25853750846306,349.35934632519763,350.1592715653327,8507236
2025-07-25,354.95867919921875,355.05867366236174,350.05925564547135,353.75880666955464,5666425
2025-07-28,345.35980224609375,356.8584640758921,345.1598438270352,355.7585859719755,4334940
2025-07-29,344.15997314453125,346.159740494554,340.66038028199137,344.25993710080985,5968869
2025-07-30,343.16009521484375,345.0598681263665,340.92533929648346,345.0598681263665,4435390
2025-07-31,347.9595031738281,347.9595031738281,342.26015427830123,345.3597996335171,7258862
2025-08-01,342.2601623535156,348.15950031980293,342.2601623535156,345.5597967181551,27345173
2025-08-04,343.7599792480469,347.259571947546,343.06007901656307,343.06007901656307,8768036
2025-08-05,345.35980224609375,346.35968588346753,340.6603674588533,343.7599823234903,4737093
2025-08-06,334.9610290527344,346.3596967744099,334.09012818018726,346.15973834906384,8819232
2025-08-07,328.6617431640625,335.160986398714,324.66220886581544,333.6611610368713,7537398
2025-08-08,331.9613952636719,333.46122084468243,328.86174962677745,330.361575207788,9408379
2025-08-11,341.76019287109375,341.76019287109375,332.55926838695837,332.9612296388015,8160840
2025-08-12,344.9598693847656,344.9598693847656,340.460392827573,342.7601130845268,7307990
2025-08-13,346.4596862792969,349.95927906999685,343.56002978409384,345.55979709306524,10807763
2025-08-14,351.95904541015625,352.42899194703205,346.6596742615802,347.45956897735596,14093143
2025-08-15,349.05938720703125,354.85870015296575,348.7594038045694,352.05903814748575,27815538
2025-08-18,346.5596923828125,351.65910529470085,345.3598197515346,349.4593489753675,9379546
2025-08-19,358.55828857421875,360.45806143598566,347.5595682530098,348.4594574492122,6806406
2025-08-20,356.0585632324219,360.05809771295674,351.85903982224966,358.4582778179375,4744909
2025-08-21,355.75860595703125,357.35842596950596,352.4590019739504,356.9584785948945,4122329
2025-08-22,358.3583068847656,360.35807425634806,354.1588137128596,355.8585976702876,3088404
2025-08-26,357.158447265625,359.55816189110635,352.4169946659652,354.5587437071756,8445589
2025-08-27,351.8590393066406,358.3582828279859,350.7591612233,357.15844079399955,3141700
2025-08-28,350.3592224121094,353.8588151626864,346.8656409248891,353.15891492098734,5215692
2025-08-29,345.35980224609375,352.3589877077101,345.35980224609375,350.7591677851067,3886818
2025-09-01,344.25994873046875,349.79931302108844,343.86000134975893,346.35971062173167,2803029
2025-09-02,330.6615295410156,344.00995162640027,326.06205872776917,342.9600860176712,9534628
2025-09-03,335.7608947753906,336.1608726195841,322.26246641254517,328.9616986204564,9968546
2025-09-04,339.56048583984375,344.2599205784362,334.96101505273225,336.56083495877454,5662562
2025-09-05,342.1601867675781,342.9580675317481,335.5609487766694,339.6604777190541,3152632
2025-09-08,352.0590515136719,354.85871362544316,347.85952783198655,349.3593533591558,7395231
2025-09-09,352.6589660644531,358.4582788726823,351.099150053577,352.9589189457653,5120260
2025-09-10,342.0602111816406,353.4588789692142,340.76034409625066,352.75894819138665,4243843
2025-09-11,342.8600769042969,345.2798086182406,341.26025705750993,343.66000208470314,3361650
2025-09-12,338.1606750488281,344.5599245409266,337.56073873400015,344.5599245409266,3461293
2025-09-15,347.15960693359375,349.9592688790152,337.82268094606655,339.26050188196035,4729683
2025-09-16,343.36004638671875,349.6593318200162,340.6603787844724,347.4595755390498,4520834
2025-09-17,357.75836181640625,360.4580599075943,344.45992132639736,345.9597468183846,8927610
2025-09-18,359.8581237792969,360.9580019100833,349.259350861403,355.55863623916457,12273937
2025-09-19,354.2587585449219,360.25806033578607,353.5588583110705,358.9582238200429,9429379
2025-09-22,352.2590026855469,356.85847364358756,352.15903873035097,352.85893898686135,2313842
2025-09-23,360.258056640625,363.55769090017213,352.15902371725144,352.5589710630681,8249940
2025-09-24,360.4580383300781,362.8577528708019,353.0409025067073,359.6581436545122,8489958
2025-09-25,354.2587585449219,360.0581019178401,354.2587585449219,358.2582930721647,9427725
2025-09-26,356.85845947265625,359.458162999099,353.55885571749633,355.8585758481803,3753061
2025-09-29,358.65826416015625,361.25793714252825,354.858688122643,357.1584387407757,3767074
2025-09-30,364.4576110839844,367.6572511509643,355.9585995772248,358.858256223784,16479337
2025-10-01,366.15740966796875,369.75696644425193,362.47183384729624,363.1577586783809,4640020
2025-10-02,368.0571594238281,376.4561755646975,365.5574504227345,368.4571067611979,7792220
2025-10-03,370.4569091796875,376.2562224079281,366.9523119447444,367.4572580932123,4704171
2025-10-06,374.9563903808594,376.6562048895309,367.7572154799352,368.6571352280726,3997576
2025-10-07,378.75592041015625,381.8555658770296,369.85696188708977,378.4559675160189,6385953
2025-10-08,387.15496826171875,391.15450293171983,378.15601525421624,379.65584075546667,5839638
2025-10-09,386.7549743652344,390.0416096643773,385.15518497471487,387.6548940399349,3498676
2025-10-10,387.45489501953125,389.05471488241704,384.05529688216507,388.3547841567714,17412511
2025-10-13,396.5538635253906,397.1537998209686,386.5550269791832,389.5546779430454,4634054
2025-10-14,398.7535705566406,404.9528611301697,396.8537978047611,397.953675876068,6653543
2025-10-15,397.75372314453125,402.1532358301149,393.754188349658,399.45353763796396,5585210
2025-10-16,397.75372314453125,400.95336318604143,386.25506060927074,400.65341028203744,8775441
2025-10-17,401.9532470703125,403.9530144686723,393.55423010000726,396.053939347957,4991366
2025-10-20,397.75372314453125,400.45342133668225,390.45458434949916,398.55364841192323,3346369
2025-10-21,398.253662109375,400.853365810019,396.5538781422826,398.95359289901984,4317594
2025-10-22,405.8527526855469,406.95263076338836,399.20353275745157,400.9533290813728,7807137
2025-10-23,404.3529357910156,407.56057030289185,399.3535176172542,404.45293025729626,5735678
2025-10-24,407.7525329589844,408.1525108230402,402.35316744852634,404.95287099475485,4546108
2025-10-27,408.25250244140625,411.4521424865242,406.5527184600858,409.3523806140424,11058708
2025-10-28,402.953125,411.7520892211876,400.35342131654915,410.1522997366287,5671417
2025-10-29,406.2527160644531,410.25225067700603,401.777254164974,403.85300139972685,6456582
2025-10-30,401.75323486328125,406.75265306971346,399.3535202269992,405.9527583622951,4727989
2025-10-31,397.75372314453125,403.6530613781924,396.8098326888289,402.6531776794741,4329650
2025-11-03,388.4548034667969,398.4536401068689,386.9549779707861,397.853703805659,9009506
2025-11-04,384.45526123046875,389.95462127407757,379.8557903639178,388.15484291996194,5883346
2025-11-05,384.9552001953125,398.4536292930702,372.48964039761717,382.05554375119215,15740554
2025-11-06,389.0547180175781,398.2536289037549,386.9549563377464,388.6547706771402,27964013
2025-11-07,382.3554992675781,393.4542138160197,379.75579569102007,389.9546210628912,5533385
2025-11-10,389.9546203613281,392.5543239332091,378.7559113658535,383.0554293346639,7319165
2025-11-11,372.1567077636719,393.55421182997577,372.1567077636719,392.954275535513,11219798
2025-11-12,364.8575439453125,373.6565385223602,364.6575855203513,369.357020446317,8092043
2025-11-13,362.5578308105469,369.0570747724893,362.5578308105469,365.1575344981295,7559811
2025-11-14,353.65887451171875,362.21686952195523,351.8590655554333,360.65806036453966,5951863
2025-11-17,343.16009521484375,356.1585832076177,342.3601699530251,354.7587216279422,6794781
2025-11-18,342.2601623535156,343.85998230176256,336.2608604331103,339.96044215630457,7472263
2025-11-19,337.8606872558594,346.51467923156713,337.8606872558594,342.6601471982555,11690701
2025-11-20,333.3612060546875,342.66014239869105,331.461433203986,340.9603279715211,8792311
2025-11-21,333.0612487792969,338.0976500132955,328.5617723696775,331.7613817303238,9930192
2025-11-24,324.4622497558594,334.16113352582136,322.36248795355516,332.46131908728273,15544458
2025-11-25,329.3616943359375,330.26158358952154,320.78770966541725,325.8621012833097,7515582
2025-11-26,344.15997314453125,347.6595660070711,326.9619617287241,328.46178724124115,12455871
2025-11-27,349.97149658203125,349.97149658203125,344.27194857451536,345.17189969208624,21018147
2025-11-28,347.67169189453125,351.7713335357297,346.47177742899987,350.67144754326716,14397774
2025-12-01,347.4716796875,348.27160228362186,343.7719690214816,346.9717204361511,10697774
2025-12-02,340.0722961425781,353.0712369556163,340.0722961425781,348.5716035972569,8910903
2025-12-03,332.472900390625,341.07220557141574,328.901200550324,340.972207618656,19692919
2025-12-04,338.2724304199219,340.1723000610507,331.5729945002041,332.9728743554368,10940995
2025-12-05,334.6727294921875,342.872042768871,333.77277844265603,338.07244624179236,5817927
2025-12-08,325.7734375,334.4727407202861,324.97351490012846,333.3728242591443,7721596
2025-12-09,320.9738464355469,326.54639042085296,319.57396660395534,325.3734818413024,11603993
2025-12-10,321.173828125,324.97350614465523,319.4739545022072,321.57378941416,20932318
2025-12-11,319.6739501953125,322.97366897258763,315.7742437120542,321.97375049279634,10516272
2025-12-12,318.3740539550781,320.67388488389963,315.27430040802676,318.0740906020149,5762127
2025-12-15,324.7735290527344,325.8734455479469,319.57397096232654,319.6739689191808,16106558
2025-12-16,329.07318115234375,329.57314039732904,323.67362740952063,325.47346848543145,7875584
2025-12-17,327.7732849121094,331.4729957128294,326.273407103454,330.07311586110285,7370394
2025-12-18,332.07293701171875,333.57281474843376,328.4192431451857,329.6731387359929,7602935
2025-12-19,326.5733947753906,331.87295072600915,323.6736371700504,330.2730749907931,13301789
2025-12-22,322.57373046875,325.3734902038911,320.2738994937268,324.1736062524417,3945001
2025-12-23,321.9737548828125,323.97560586565123,319.97391789596276,323.1736692809587,4664460
2025-12-24,320.9738464355469,323.2156681621453,320.9738464355469,320.9738464355469,990769
2025-12-29,321.57379150390625,323.17366718603324,319.86192543948306,320.9738343087223,5176623
2025-12-30,327.47332763671875,327.87328895676796,320.1739343717694,321.37381833191705,4013147
2025-12-31,329.9731140136719,330.07311196942163,324.67355802494353,327.5733156511362,2735545
2026-01-02,328.2732238769531,334.27273474048627,326.37338487318567,330.77302007009195,6661735
2026-01-05,322.6737060546875,333.17285010616206,321.47379167134,332.77285830165266,11246849
2026-01-06,327.57330322265625,331.2100001772579,316.4341966037621,324.97350904726005,14840753
2026-01-07,328.4732360839844,329.2731586994612,321.9737656591871,325.17351715127785,9511045
2026-01-08,344.7718811035156,344.7718811035156,328.64621206690356,331.8729387619478,21725623
2026-01-09,352.97125244140625,359.670719013895,348.9715781927784,348.9715781927784,13159826
2026-01-12,344.07196044921875,352.7712330521432,342.472084753193,352.47126970949057,9876171
2026-01-13,345.9718017578125,351.0713922220008,342.47208700014676,343.2720095958625,14805275
2026-01-14,355.571044921875,356.5709634787334,345.37186343588195,347.4716985083032,12841662
2026-01-15,363.4703674316406,368.06999854204673,356.0709767836432,356.8708993615006,12313634
2026-01-16,366.7701110839844,369.8698646848193,362.77043689325353,364.17034727208323,25059005
2026-01-19,361.37054443359375,371.26973160758837,360.17066052725306,369.96984974694647,11734011
2026-01-20,363.2703857421875,368.2699783371259,358.9707483165771,359.97066683556477,18858810
2026-01-21,359.470703125,363.0704158518013,356.07098630555646,362.27046273746146,7253580
2026-01-22,361.17059326171875,365.9701901062556,351.17140773968987,360.9705973452411,8911465
2026-01-23,360.9705810546875,370.46980687191615,359.47070329407245,361.27054440077404,6455052
2026-01-26,363.9703369140625,367.5700496459011,362.3704611982352,362.6704550596916,4728745
2026-01-27,365.2702331542969,366.5701455749549,359.27471934708,365.5702270275683,6697039
2026-01-28,369.8698425292969,376.4693106517075,365.77017062635315,367.27004835803325,9462642
2026-01-29,363.8703308105469,368.40597180258675,362.67044693686887,367.3700455101827,5732628
2026-01-30,366.0701904296875,368.66998478523084,364.2703187150377,364.4703146328075,6193086
2026-02-02,369.9698486328125,372.5696428613586,363.0704170180837,369.8698506788124,6993690
2026-02-03,375.16943359375,383.76870828597987,367.5700468869295,371.96968218611266,8365309
2026-02-04,391.16815185546875,391.96807449534055,375.96937757716336,376.76930021703515,9908380
2026-02-05,384.9686279296875,393.5179190192323,380.4689946162236,392.767980133655,12690728
2026-02-06,386.3684997558594,388.56833264742755,380.2689908429573,382.568821686886,3817786
2026-02-09,377.7691955566406,390.3881926079643,372.76960307698636,387.368419220595,5812585
2026-02-10,381.8688659667969,384.66865605326814,377.3692327530913,378.06918790348175,5307057
2026-02-11,389.46826171875,389.46826171875,380.46899508083277,384.1687057935686,8296147
2026-02-12,397.6676025390625,397.6676025390625,386.5685010055776,392.96797334895456,7734814
2026-02-13,399.0674743652344,402.3671931671293,392.3680082946107,397.96755792623924,11671315
2026-02-16,402.6672058105469,404.46704696554343,397.051666009451,399.2674583831881,5704449
2026-02-17,394.767822265625,407.6667956763925,390.5681827611517,402.9671663933122,6508937
2026-02-18,397.0676574707031,402.96717074081323,393.4679446315385,395.6677776207758,9142029
2026-02-19,396.7676696777344,400.26738461370513,394.0679078933267,400.26738461370513,4722111
2026-02-20,397.0676574707031,401.16732957877696,394.76782652466557,397.46761878281205,7388966
2026-02-23,406.8668518066406,406.8668518066406,395.4677864420501,398.767505450321,4478167
2026-02-24,403.6671142578125,409.7665927501632,403.3671203960812,407.9667516401402,7221566
2026-02-25,406.9668273925781,410.2665462194546,399.26744277641194,404.966990402934,14846402
2026-02-26,399.6674499511719,408.46672083784756,393.86790414919255,406.76684712526406,14031816
2026-02-27,396.4676818847656,401.9672335880852,389.6682483485159,400.0673945572293,14857603
2026-03-02,381.9688720703125,391.36809999206105,379.46907578712984,393.1679716250074,6387086
2026-03-03,372.169677734375,378.36915412246094,368.5699650330171,375.869357873614,7533246
2026-03-04,378.4691467285156,381.7688655243397,372.36963786448314,372.36963786448314,4816085
2026-03-05,378.0692138671875,382.66884534898196,376.8692993884262,377.9692159081086,4091763
2026-03-06,363.9703369140625,380.16902894979074,361.41954992667536,379.06911248796627,6626843
2026-03-09,353.2712097167969,359.39073684442985,347.67169027727755,357.3708818540175,5163613
2026-03-10,357.47088623046875,361.0515882570114,354.37113258251463,355.5710470640107,10858063
2026-03-11,358.6707763671875,359.4706989571616,350.8713937970319,358.0708191671616,15507394
2026-03-12,361.37054443359375,365.57021439351456,354.17114945027555,355.271035402315,7170641
2026-03-13,358.4707946777344,362.2704729034281,353.17123865004174,357.77083949743144,3852433
2026-03-16,359.87066650390625,363.5703772057628,356.8709109667549,360.07066241241955,2800190
2026-03-17,359.67071533203125,362.57047302958375,358.1898178917014,359.87068073335996,2535221
2026-03-18,356.67095947265625,362.3204931847664,355.27104908869194,360.7706011211181,3477918
2026-03-19,339.47235107421875,352.38231034195036,333.27284379701774,351.6713697106107,8802763
2026-03-20,330.57305908203125,347.7716388106025,330.57305908203125,342.5720809687468,19330452
2026-03-23,332.67291259765625,339.9723057804345,317.94910589870574,329.97312031630406,7276888
2026-03-24,334.17279052734375,337.9724687989279,325.6734828800334,335.57267038976465,5401094
2026-03-25,332.07293701171875,340.1982817502505,329.5851332144946,337.5724887130071,12619781
2026-03-26,330.9730224609375,339.77229302727653,330.773026555529,335.6726516022198,4013951
2026-03-27,325.97344970703125,330.9730424939489,322.9736940348806,330.6730791327709,5187726
2026-03-30,333.47283935546875,333.872800675965,323.9736130469921,324.87353364688187,11562731
2026-03-31,339.17236328125,341.67215950084915,333.9727749384475,334.47273418236733,8908216
2026-04-01,349.4715270996094,351.971323430794,344.2719385247086,346.9717307684248,6742211
2026-04-02,353.87115478515625,356.67094492378686,343.9719676336028,345.471845399447,5944460
2026-04-07,341.67218017578125,356.47096248526145,341.67218017578125,355.9710032110886,6211934
2026-04-08,364.02032470703125,370.06985005721805,358.8207667162703,364.4703002467058,10230796
2026-04-09,367.6700439453125,367.6700439453125,357.97082230802516,363.2703781417445,5605131
2026-04-10,364.8702697753906,374.8194714716719,364.2203288262826,367.87002540058995,3410754
2026-04-13,357.3708801269531,365.9202019538211,357.3708801269531,363.12041173249963,3897041
2026-04-14,356.9709167480469,362.9704279538964,355.5210226672631,358.0708332388043,4577271
2026-04-15,358.72076416015625,359.87066433946325,353.37119404805975,357.72084565378645,4558035
2026-04-16,360.2706298828125,367.9700146785914,359.57070522916354,360.37062783764566,5196887
2026-04-17,368.66998291015625,372.8696225261273,353.9711679665262,364.5202965007345,11188285
2026-04-20,360.7206115722656,369.4698987552381,359.2207337694703,365.5702225709888,12243285
2026-04-21,351.92132568359375,361.720514705232,351.12137258044345,361.0705737880473,6104328
2026-04-22,348.3716125488281,355.17107691653024,346.9217489777308,352.92126020594856,7581240
2026-04-23,341.6221618652344,346.4717728698949,337.92248158953174,346.4717728698949,5502348
2026-04-24,346.97174072265625,346.97174072265625,337.27251847336333,338.3724349936583,6569318
2026-04-27,330.3230895996094,347.83164215652226,324.1735967969094,345.6218307687743,11629327
2026-04-28,329.5731506347656,335.02268826532844,325.97343785603647,331.7729530719784,7456425
2026-04-29,324.9735107421875,330.6730583673945,324.3735535424145,329.57314192032584,6854022
2026-04-30,330.0731201171875,330.6730773514042,321.57381242521404,322.97369229499117,6137350
2026-05-01,337.5224914550781,337.5224914550781,326.2234241429085,326.6233854564638,4575528
2026-05-05,321.47381591796875,338.2724354612999,320.5238810832472,337.3725148634594,6784619
2026-05-06,333.7228088378906,337.97246258339186,324.173599098154,325.9734402431531,11850249
2026-05-07,331.4729919433594,335.02269051077343,328.42325263981166,333.97278826269087,6242402
2026-05-08,330.7730407714844,333.07287172216087,324.97352544647646,327.023346247102,4131004
2026-05-11,322.4737243652344,332.77287296838193,322.4737243652344,328.57323347175014,6367979
2026-05-12,308.87481689453125,321.3737980776629,301.0754648422934,319.57395699332824,14886984
2026-05-13,311.2746276855469,313.42346994946195,301.5754362067821,310.9746643311356,14778049
2026-05-14,320.473876953125,320.473876953125,311.77457385943757,314.1744026543105,5763821
2026-05-15,320.1739196777344,322.9736793046796,314.87234977531523,319.2739686050601,15520708
2026-05-18,326.87335205078125,327.07334795712586,315.8742485338287,318.2740468345092,9888561
2026-05-19,326.7733459472656,333.972771184831,326.7733459472656,327.1733377499783,14379000
2026-05-20,348.47161865234375,351.7213539769352,328.6732433424084,339.9723108803353,19390954
2026-05-21,350.7713928222656,354.27110752465745,341.07220181326255,345.8717983419351,9996409
2026-05-22,347.1717224121094,362.4704635648081,347.0717244570732,353.27120097312667,11269120
2026-05-26,348.47161865234375,354.9710893015266,347.07173876938447,352.6712888163144,6632099
2026-05-27,363.57037353515625,364.6702899906919,347.17171620064124,347.47167954529147,7784233
2026-05-28,359.7706604003906,363.3703730664525,356.2709456863203,359.9706563043738,5614368
2026-05-29,355.8710021972656,363.570387159448,355.8710021972656,363.3703912454593,13855206
2026-06-01,355.8710021972656,359.67071095740573,351.6713626393325,355.8710021972656,5801408
2026-06-02,366.57012939453125,367.2700540377517,358.97074266681176,361.3705409715939,7806696
2026-06-03,368.2699890136719,371.26974465760105,365.27023336974264,367.9700256553159,6049136
2026-06-04,367.3999938964844,371.79998779296875,363.79998779296875,364.8999938964844,3942682
2026-06-05,365.1000061035156,372.70001220703125,364.5,368.3999938964844,8609562
2026-06-08,356.5,364.5,353.0,363.8999938964844,6437425
2026-06-09,361.6000061035156,365.70001220703125,355.29998779296875,356.29998779296875,8044549
2026-06-10,362.5,368.29998779296875,358.79998779296875,364.3999938964844,5546236
2026-06-11,361.29998779296875,366.6000061035156,357.1000061035156,362.0,22962833
2026-06-12,376.29998779296875,377.20001220703125,364.70001220703125,368.20001220703125,15778742
2026-06-15,375.3999938964844,385.70001220703125,375.36199951171875,380.0,9158163
2026-06-16,372.20001220703125,378.6000061035156,371.20001220703125,376.8999938964844,18224320
2026-06-17,359.6000061035156,374.3999938964844,357.8999938964844,373.6000061035156,7283196
2026-06-18,354.1000061035156,359.3999938964844,345.79998779296875,357.3999938964844,8752546
2026-06-19,347.8999938964844,356.20001220703125,347.8999938964844,353.70001220703125,14130650
2026-06-22,358.70001220703125,360.70001220703125,344.8999938964844,349.5,10422444
2026-06-23,363.8999938964844,368.70001220703125,351.6000061035156,351.6000061035156,7776129
2026-06-24,377.79998779296875,380.0350036621094,363.1000061035156,364.6000061035156,10096937
2026-06-25,378.1000061035156,383.8999938964844,376.20001220703125,377.3999938964844,8599797
2026-06-26,378.6000061035156,381.0,371.79998779296875,379.0,4209735
2026-06-29,375.70001220703125,379.79998779296875,372.70001220703125,378.70001220703125,3580816
2026-06-30,372.0,380.5,372.0,377.8999938964844,5698987
2026-07-01,375.8999938964844,379.20001220703125,368.20001220703125,372.29998779296875,4552793
2026-07-02,386.1000061035156,386.6000061035156,375.70001220703125,376.0,6571222
2026-07-03,383.0,387.70001220703125,379.20001220703125,386.70001220703125,2731052
2026-07-06,384.0,388.3999938964844,380.5,383.1000061035156,3868341
2026-07-07,383.0,386.1000061035156,379.0,384.20001220703125,8513483
2026-07-08,375.625,382.4639892578125,372.47198486328125,381.29998779296875,4821216
2026-07-09,373.29998779296875,376.84698486328125,370.70001220703125,373.5,4119647
2026-07-10,378.0,382.3999938964844,370.60400390625,373.79998779296875,13685292
2026-07-13,370.79998779296875,379.79998779296875,368.70001220703125,378.0,4414603
2026-07-14,370.6000061035156,372.0,365.4750061035156,369.29998779296875,6819748
2026-07-15,373.20001220703125,374.0,364.79998779296875,367.29998779296875,6376509
2026-07-16,383.20001220703125,383.20001220703125,367.70001220703125,369.6000061035156,5702569
2026-07-17,379.1000061035156,386.1000061035156,374.5,383.20001220703125,9378626
2026-07-20,379.8999938964844,380.6919860839844,371.1700134277344,376.29998779296875,4294207
2026-07-21,398.29998779296875,400.3999938964844,366.70001220703125,378.0,10979085
2026-07-22,396.6000061035156,403.0,394.3999938964844,397.70001220703125,13430559
2026-07-23,379.70001220703125,395.29998779296875,377.20001220703125,394.20001220703125,8201839
2026-07-24,380.5,385.1000061035156,374.1499938964844,377.70001220703125,4781711
2026-07-27,392.0,392.0,385.43499755859375,388.1000061035156,4924365
2026-07-28,400.0,400.62298583984375,392.70001220703125,395.6000061035156,7720791
2026-07-29,405.3999938964844,407.54998779296875,399.7640075683594,403.8999938964844,13014283
